"","chr.exposure","pos.exposure","effect_allele.exposure","other_allele.exposure","eaf.exposure","beta.exposure","se.exposure","pval.exposure","SNP","exposure","mr_keep.exposure","pval_origin.exposure","id.exposure"
"17",1,244491148,"C","T",0.00664452,0.586497,0.122017,1.53446e-06,"rs563729432","GCST90199814",TRUE,"reported","BA2Nud"
"31",3,113993966,"T","A",0.0142942,0.378008,0.0824922,4.59788e-06,"rs139698830","GCST90199814",TRUE,"reported","BA2Nud"
"57",7,70977956,"G","C",0.0111176,-0.43351,0.093845,3.84808e-06,"rs76899585","GCST90199814",TRUE,"reported","BA2Nud"
"69",9,129499869,"T","C",0.0190587,0.387298,0.0716175,6.37819e-08,"rs78837751","GCST90199814",TRUE,"reported","BA2Nud"
"74",10,104541358,"T","A",0.0194033,-0.34203,0.0707994,1.3587e-06,"rs149925047","GCST90199814",TRUE,"reported","BA2Nud"
"85",12,114541409,"C","A",0.0231878,0.340075,0.0657423,2.30537e-07,"rs116860269","GCST90199814",TRUE,"reported","BA2Nud"
"94",14,83613870,"G","A",0.0661437,0.189852,0.0397374,1.77348e-06,"rs77431760","GCST90199814",TRUE,"reported","BA2Nud"
