"","chr.exposure","pos.exposure","effect_allele.exposure","other_allele.exposure","eaf.exposure","beta.exposure","se.exposure","pval.exposure","SNP","exposure","mr_keep.exposure","pval_origin.exposure","id.exposure"
"1",1,225674940,"T","C",0.034901,0.18958,0.0411664,4.12067e-06,"rs191800210","GCST90200874",TRUE,"reported","LMBJCQ"
"2",2,10241949,"T","C",0.110228,0.109949,0.0238957,4.20026e-06,"rs76042374","GCST90200874",TRUE,"reported","LMBJCQ"
"13",3,193079957,"C","T",0.168113,0.0960883,0.0201968,1.95896e-06,"rs6772678","GCST90200874",TRUE,"reported","LMBJCQ"
"15",4,123970153,"T","C",0.100554,-0.117339,0.0248549,2.34757e-06,"rs2893067","GCST90200874",TRUE,"reported","LMBJCQ"
"21",6,147576245,"G","A",0.0194079,0.254388,0.0546392,3.22756e-06,"rs145236572","GCST90200874",TRUE,"reported","LMBJCQ"
"22",7,15938008,"A","T",0.724713,-0.0773311,0.0166932,3.61314e-06,"rs10274526","GCST90200874",TRUE,"reported","LMBJCQ"
"28",12,96142019,"A","G",0.0180037,-0.285316,0.0563401,4.10165e-07,"rs75871698","GCST90200874",TRUE,"reported","LMBJCQ"
"181",16,89624734,"C","T",0.594363,-0.165396,0.0153841,5.8537e-27,"rs258341","GCST90200874",TRUE,"reported","LMBJCQ"
"545",19,52064070,"T","C",0.11158,0.109217,0.0235187,3.41982e-06,"rs113907785","GCST90200874",TRUE,"reported","LMBJCQ"
"568",21,22789348,"T","C",0.00513636,0.503868,0.104771,1.51506e-06,"rs117262575","GCST90200874",TRUE,"reported","LMBJCQ"
