"","chr.exposure","pos.exposure","effect_allele.exposure","other_allele.exposure","eaf.exposure","beta.exposure","se.exposure","pval.exposure","SNP","exposure","mr_keep.exposure","pval_origin.exposure","id.exposure"
"1",1,30418370,"T","C",0.169304,0.104822,0.0228315,4.4087e-06,"rs591858","GCST90200524",TRUE,"reported","HzuRCJ"
"9",3,17409819,"A","G",0.0315058,0.229656,0.0489658,2.73032e-06,"rs62245941","GCST90200524",TRUE,"reported","HzuRCJ"
"16",3,94958324,"A","G",0.019547,0.330144,0.0619425,9.82928e-08,"rs142977793","GCST90200524",TRUE,"reported","HzuRCJ"
"25",5,1907125,"G","T",0.0783048,0.158617,0.031854,6.37508e-07,"rs923251","GCST90200524",TRUE,"reported","HzuRCJ"
"32",10,99522718,"G","T",0.0692343,-0.161108,0.0335691,1.59232e-06,"rs117449060","GCST90200524",TRUE,"reported","HzuRCJ"
"36",11,67881531,"T","C",0.0190701,-0.321506,0.0634391,4.02134e-07,"rs146467609","GCST90200524",TRUE,"reported","HzuRCJ"
"40",14,47869958,"T","G",0.480232,0.0789176,0.0171569,4.22987e-06,"rs181311","GCST90200524",TRUE,"reported","HzuRCJ"
"52",18,67032737,"T","C",0.0173611,-0.318269,0.0656665,1.25504e-06,"rs73963343","GCST90200524",TRUE,"reported","HzuRCJ"
"57",22,47646943,"A","G",0.0132373,-0.342792,0.0749155,4.74607e-06,"rs117291728","GCST90200524",TRUE,"reported","HzuRCJ"
