"","chr.exposure","pos.exposure","effect_allele.exposure","other_allele.exposure","eaf.exposure","beta.exposure","se.exposure","pval.exposure","SNP","exposure","mr_keep.exposure","pval_origin.exposure","id.exposure"
"2",1,202056499,"T","C",0.0169358,0.273935,0.0587949,3.17512e-06,"rs112508701","GCST90200292",TRUE,"reported","ocVSeM"
"42",2,65004111,"G","A",0.130459,-0.124263,0.0224032,2.9119e-08,"rs11891502","GCST90200292",TRUE,"reported","ocVSeM"
"53",10,34929136,"C","A",0.0252285,-0.238728,0.0486031,9.02509e-07,"rs12268603","GCST90200292",TRUE,"reported","ocVSeM"
"55",10,84197302,"T","C",0.333504,-0.0773179,0.0164915,2.7543e-06,"rs35412535","GCST90200292",TRUE,"reported","ocVSeM"
"58",12,116338442,"G","C",0.0257227,-0.236941,0.0480525,8.18633e-07,"rs74463630","GCST90200292",TRUE,"reported","ocVSeM"
"61",13,41641427,"T","C",0.423532,0.0769641,0.0157128,9.67246e-07,"rs17533872","GCST90200292",TRUE,"reported","ocVSeM"
"65",15,101155586,"T","C",0.0190774,-0.25517,0.0555114,4.29199e-06,"rs114063127","GCST90200292",TRUE,"reported","ocVSeM"
"71",19,35800075,"T","C",0.0542805,0.218983,0.033857,9.9384e-11,"rs3761097","GCST90200292",TRUE,"reported","ocVSeM"
"74",20,51892375,"C","T",0.0113042,-0.421069,0.0723318,5.83757e-09,"rs57173949","GCST90200292",TRUE,"reported","ocVSeM"
"77",20,62431100,"A","G",0.34099,-0.0758098,0.0161074,2.51972e-06,"rs2427337","GCST90200292",TRUE,"reported","ocVSeM"
