"","chr.exposure","pos.exposure","effect_allele.exposure","other_allele.exposure","eaf.exposure","beta.exposure","se.exposure","pval.exposure","SNP","exposure","mr_keep.exposure","pval_origin.exposure","id.exposure"
"10",3,139848055,"G","A",0.394523,0.0966017,0.0206789,2.99e-06,"rs1447734","GCST90200133",TRUE,"reported","a6JZwb"
"19",5,142413996,"A","T",0.00124636,1.32447,0.282624,2.78144e-06,"rs534934587","GCST90200133",TRUE,"reported","a6JZwb"
"23",8,142845687,"A","T",0.0412253,0.243713,0.0505369,1.4178e-06,"rs3753124","GCST90200133",TRUE,"reported","a6JZwb"
"25",10,2519589,"G","T",0.0648168,0.189185,0.0410038,3.95299e-06,"rs76467692","GCST90200133",TRUE,"reported","a6JZwb"
"26",10,53076986,"T","A",0.0184478,-0.347628,0.073792,2.46603e-06,"rs35193692","GCST90200133",TRUE,"reported","a6JZwb"
"39",11,102729366,"C","G",0.0473398,0.230315,0.0466461,7.91294e-07,"rs118090914","GCST90200133",TRUE,"reported","a6JZwb"
"44",13,68947775,"A","G",0.317368,-0.106196,0.0214797,7.6531e-07,"rs7336821","GCST90200133",TRUE,"reported","a6JZwb"
"58",17,6258893,"A","G",0.338178,-0.10291,0.0214347,1.5781e-06,"rs34674242","GCST90200133",TRUE,"reported","a6JZwb"
"66",20,53968363,"C","T",0.0109148,0.445041,0.0964909,3.98321e-06,"rs2299733","GCST90200133",TRUE,"reported","a6JZwb"
