"","chr.exposure","pos.exposure","effect_allele.exposure","other_allele.exposure","eaf.exposure","beta.exposure","se.exposure","pval.exposure","SNP","exposure","mr_keep.exposure","pval_origin.exposure","id.exposure"
"138",1,46916299,"T","G",0.792138,0.155643,0.0185571,4.97561e-17,"rs12406866","GCST90199806",TRUE,"reported","xCbRnb"
"366",3,143090720,"G","C",0.23712,-0.101052,0.0176699,1.0723e-08,"rs35746477","GCST90199806",TRUE,"reported","xCbRnb"
"391",4,107850179,"T","C",0.0147041,-0.293642,0.0624263,2.55327e-06,"rs146273038","GCST90199806",TRUE,"reported","xCbRnb"
"397",6,165725498,"C","T",0.542291,0.0751527,0.0153832,1.03241e-06,"rs9459497","GCST90199806",TRUE,"reported","xCbRnb"
"400",7,52892286,"T","A",0.0729013,0.131334,0.0285152,4.10979e-06,"rs59407853","GCST90199806",TRUE,"reported","xCbRnb"
"403",9,33552509,"T","A",0.0166524,0.275362,0.0579333,2.00343e-06,"rs192475369","GCST90199806",TRUE,"reported","xCbRnb"
"1624",12,21162039,"T","A",0.713967,0.176615,0.0166062,2.0364e-26,"rs4762697","GCST90199806",TRUE,"reported","xCbRnb"
"1667",12,21178615,"C","T",0.155005,0.506324,0.0197989,3.01962e-144,"rs4149056","GCST90199806",TRUE,"reported","xCbRnb"
"2209",13,106681074,"T","C",0.0821442,-0.136219,0.027578,7.83692e-07,"rs17548667","GCST90199806",TRUE,"reported","xCbRnb"
"2212",15,100549096,"G","C",0.487664,0.0728422,0.0150541,1.30698e-06,"rs11247224","GCST90199806",TRUE,"reported","xCbRnb"
