"","chr.exposure","pos.exposure","effect_allele.exposure","other_allele.exposure","eaf.exposure","beta.exposure","se.exposure","pval.exposure","SNP","exposure","mr_keep.exposure","pval_origin.exposure","id.exposure"
"1",1,218376757,"T","C",0.00819787,-0.433948,0.0915384,2.13074e-06,"rs75352110","GCST90200481",TRUE,"reported","MoZCXP"
"13",8,99859513,"A","C",0.0130792,0.340342,0.0721824,2.41684e-06,"rs72676269","GCST90200481",TRUE,"reported","MoZCXP"
"17",11,25944577,"G","A",0.721912,0.0870307,0.0182643,1.88779e-06,"rs7125344","GCST90200481",TRUE,"reported","MoZCXP"
"19",11,35030914,"A","G",0.0105909,-0.365307,0.0799802,4.93659e-06,"rs138683809","GCST90200481",TRUE,"reported","MoZCXP"
"23",14,96615872,"G","C",0.212074,-0.0932861,0.0201578,3.69607e-06,"rs8008867","GCST90200481",TRUE,"reported","MoZCXP"
"29",17,44894754,"A","G",0.0866285,-0.134142,0.0289195,3.51014e-06,"rs75707322","GCST90200481",TRUE,"reported","MoZCXP"
"94",18,36158533,"C","T",0.627327,-0.088609,0.0168896,1.55117e-07,"rs12185396","GCST90200481",TRUE,"reported","MoZCXP"
"117",22,31466524,"C","G",0.0280413,-0.251051,0.0500078,5.16088e-07,"rs62236222","GCST90200481",TRUE,"reported","MoZCXP"
