"","chr.exposure","pos.exposure","effect_allele.exposure","other_allele.exposure","eaf.exposure","beta.exposure","se.exposure","pval.exposure","SNP","exposure","mr_keep.exposure","pval_origin.exposure","id.exposure"
"2",1,89280334,"G","A",0.883615,0.175216,0.0348896,5.11372e-07,"rs687059","GCST90200654",TRUE,"reported","Bcm5cX"
"3",2,47099996,"G","A",0.902591,-0.180441,0.0371053,1.15646e-06,"rs2770319","GCST90200654",TRUE,"reported","Bcm5cX"
"10",3,7648495,"G","A",0.042139,-0.251779,0.0551418,4.9706e-06,"rs9838187","GCST90200654",TRUE,"reported","Bcm5cX"
"27",3,192851071,"A","G",0.48156,-0.102465,0.02177,2.51759e-06,"rs7651439","GCST90200654",TRUE,"reported","Bcm5cX"
"32",4,181010240,"T","C",0.39604,-0.103785,0.0225904,4.34438e-06,"rs56137600","GCST90200654",TRUE,"reported","Bcm5cX"
"35",5,168208319,"G","A",0.0276419,0.331516,0.0670856,7.74514e-07,"rs79976360","GCST90200654",TRUE,"reported","Bcm5cX"
"38",10,60204651,"T","C",0.461605,-0.101598,0.0220793,4.19445e-06,"rs10821702","GCST90200654",TRUE,"reported","Bcm5cX"
"41",18,3076587,"C","T",0.0325953,0.286138,0.061695,3.51894e-06,"rs73371153","GCST90200654",TRUE,"reported","Bcm5cX"
"42",20,44060989,"C","T",0.0519031,0.234398,0.0491926,1.88935e-06,"rs6103589","GCST90200654",TRUE,"reported","Bcm5cX"
"49",22,40504837,"T","C",0.976881,-0.358006,0.0730174,9.43714e-07,"rs139066","GCST90200654",TRUE,"reported","Bcm5cX"
