"","chr.exposure","pos.exposure","effect_allele.exposure","other_allele.exposure","eaf.exposure","beta.exposure","se.exposure","pval.exposure","SNP","exposure","mr_keep.exposure","pval_origin.exposure","id.exposure"
"7",2,227802190,"T","C",0.230257,0.0870865,0.0182194,1.75401e-06,"rs3138108","GCST90199625",TRUE,"reported","qqAnvk"
"12",5,61263052,"T","C",0.0742635,-0.13605,0.0295137,4.032e-06,"rs7708674","GCST90199625",TRUE,"reported","qqAnvk"
"20",5,158982497,"T","C",0.18189,0.0997286,0.0200715,6.74151e-07,"rs66676945","GCST90199625",TRUE,"reported","qqAnvk"
"27",8,9495449,"T","C",0.0196162,-0.256812,0.0555271,3.74623e-06,"rs12216870","GCST90199625",TRUE,"reported","qqAnvk"
"30",9,26798495,"A","G",0.0321797,-0.207867,0.044132,2.47574e-06,"rs74981086","GCST90199625",TRUE,"reported","qqAnvk"
"53",9,84052078,"C","A",0.809931,-0.102991,0.0198761,2.19934e-07,"rs1020048","GCST90199625",TRUE,"reported","qqAnvk"
"56",10,101716593,"T","C",0.0434198,-0.192677,0.0380845,4.2103e-07,"rs76954145","GCST90199625",TRUE,"reported","qqAnvk"
"58",12,110706960,"A","G",0.14571,0.1179,0.0220764,9.26651e-08,"rs78762284","GCST90199625",TRUE,"reported","qqAnvk"
"67",19,43984037,"T","G",0.464723,0.076227,0.0154744,8.39336e-07,"rs390784","GCST90199625",TRUE,"reported","qqAnvk"
"78",20,51754403,"C","T",0.0354437,-0.222442,0.0421167,1.2809e-07,"rs146902454","GCST90199625",TRUE,"reported","qqAnvk"
