"","chr.exposure","pos.exposure","effect_allele.exposure","other_allele.exposure","eaf.exposure","beta.exposure","se.exposure","pval.exposure","SNP","exposure","mr_keep.exposure","pval_origin.exposure","id.exposure"
"1",1,219381127,"T","G",0.0116916,-0.434783,0.0935707,3.37496e-06,"rs138375255","GCST90200122",TRUE,"reported","LloYHo"
"4",2,36798645,"A","G",0.021427,-0.330257,0.0700444,2.41752e-06,"rs151201576","GCST90200122",TRUE,"reported","LloYHo"
"65",6,11005453,"A","G",0.216642,-0.148992,0.0241894,7.30322e-10,"rs2295601","GCST90200122",TRUE,"reported","LloYHo"
"153",6,68572416,"C","G",0.0846954,0.170132,0.0362348,2.6626e-06,"rs60121735","GCST90200122",TRUE,"reported","LloYHo"
"156",7,3180036,"C","A",0.208342,0.116272,0.0245302,2.13782e-06,"rs1525551","GCST90200122",TRUE,"reported","LloYHo"
"164",8,57796789,"G","A",0.255382,0.106143,0.0229127,3.613e-06,"rs35638664","GCST90200122",TRUE,"reported","LloYHo"
"166",9,33236681,"A","G",0.0225758,0.315946,0.0674646,2.8252e-06,"rs76875443","GCST90200122",TRUE,"reported","LloYHo"
"169",9,110873692,"T","C",0.0446391,0.22307,0.0482783,3.82807e-06,"rs79950608","GCST90200122",TRUE,"reported","LloYHo"
"179",11,61783884,"C","T",0.315025,-0.15576,0.0219644,1.32689e-12,"rs174535","GCST90200122",TRUE,"reported","LloYHo"
"247",16,6489046,"T","C",0.195615,0.123255,0.0255498,1.40637e-06,"rs78322108","GCST90200122",TRUE,"reported","LloYHo"
