"","chr.exposure","pos.exposure","effect_allele.exposure","other_allele.exposure","eaf.exposure","beta.exposure","se.exposure","pval.exposure","SNP","exposure","mr_keep.exposure","pval_origin.exposure","id.exposure"
"2",1,236413269,"G","A",0.0274006,-0.220823,0.0475374,3.39666e-06,"rs78862821","GCST90200718",TRUE,"reported","LQfAgq"
"3",2,19581137,"A","G",0.193742,-0.0912089,0.0195574,3.10644e-06,"rs11693249","GCST90200718",TRUE,"reported","LQfAgq"
"12",2,182648572,"G","A",0.02357,0.251617,0.0509559,7.89517e-07,"rs76884592","GCST90200718",TRUE,"reported","LQfAgq"
"17",2,234120299,"T","C",0.0169804,-0.281246,0.0598425,2.60451e-06,"rs115236920","GCST90200718",TRUE,"reported","LQfAgq"
"83",5,25810150,"C","T",0.387439,-0.0815162,0.0159593,3.26001e-07,"rs425431","GCST90200718",TRUE,"reported","LQfAgq"
"94",7,1311056,"G","A",0.969454,0.212067,0.0462073,4.44353e-06,"rs12702582","GCST90200718",TRUE,"reported","LQfAgq"
"101",10,132374539,"T","C",0.228161,0.0888392,0.0184821,1.53384e-06,"rs72863828","GCST90200718",TRUE,"reported","LQfAgq"
"137",13,67171782,"G","A",0.0425222,0.223325,0.0382717,5.37137e-09,"rs75459113","GCST90200718",TRUE,"reported","LQfAgq"
"139",14,78761300,"C","T",0.00697077,-0.429982,0.0935411,4.29204e-06,"rs113333029","GCST90200718",TRUE,"reported","LQfAgq"
"159",20,48036477,"A","T",0.386711,0.074553,0.0159493,2.94853e-06,"rs7263282","GCST90200718",TRUE,"reported","LQfAgq"
