"","chr.exposure","pos.exposure","effect_allele.exposure","other_allele.exposure","eaf.exposure","beta.exposure","se.exposure","pval.exposure","SNP","exposure","mr_keep.exposure","pval_origin.exposure","id.exposure"
"2",1,73759975,"A","G",0.511504,0.0711032,0.015402,3.90273e-06,"rs2342209","GCST90200526",TRUE,"reported","aj9e8d"
"8",1,222147729,"C","T",0.00566935,-0.475429,0.101861,3.04983e-06,"rs186343856","GCST90200526",TRUE,"reported","aj9e8d"
"24",5,72119803,"A","G",0.00652041,-0.449666,0.0950419,2.23154e-06,"rs3112403","GCST90200526",TRUE,"reported","aj9e8d"
"29",6,159777363,"A","G",0.397084,-0.075073,0.015701,1.7406e-06,"rs3465","GCST90200526",TRUE,"reported","aj9e8d"
"30",8,27548292,"C","T",0.63485,0.0749053,0.0162915,4.26957e-06,"rs2640726","GCST90200526",TRUE,"reported","aj9e8d"
"31",11,70617930,"T","G",0.331205,0.0751436,0.0162274,3.64506e-06,"rs12798644","GCST90200526",TRUE,"reported","aj9e8d"
"48",22,37066896,"G","A",0.564618,-0.0769993,0.0155333,7.15774e-07,"rs855791","GCST90200526",TRUE,"reported","aj9e8d"
