"","chr.exposure","pos.exposure","effect_allele.exposure","other_allele.exposure","eaf.exposure","beta.exposure","se.exposure","pval.exposure","SNP","exposure","mr_keep.exposure","pval_origin.exposure","id.exposure"
"5",2,47535287,"A","C",0.378749,-0.0749258,0.0162957,4.26797e-06,"rs34713419","GCST90200530",TRUE,"reported","7NHsi5"
"6",3,151034063,"T","C",0.00818926,-0.429281,0.088043,1.08361e-06,"rs144448722","GCST90200530",TRUE,"reported","7NHsi5"
"16",8,5126176,"G","A",0.0146014,-0.319869,0.0658735,1.19897e-06,"rs140576688","GCST90200530",TRUE,"reported","7NHsi5"
"26",11,7573189,"A","G",0.0268413,0.264224,0.0491282,7.52144e-08,"rs141882839","GCST90200530",TRUE,"reported","7NHsi5"
"29",12,38936968,"G","C",0.91945,-0.141547,0.0293406,1.40507e-06,"rs6580866","GCST90200530",TRUE,"reported","7NHsi5"
"38",13,90317471,"T","A",0.260793,0.0831766,0.0181311,4.48548e-06,"rs72637741","GCST90200530",TRUE,"reported","7NHsi5"
"41",17,60152446,"A","G",0.00636033,-0.465742,0.0986415,2.34037e-06,"rs145484988","GCST90200530",TRUE,"reported","7NHsi5"
"45",22,34981911,"C","G",0.0288661,0.219222,0.0475348,3.9915e-06,"rs62243093","GCST90200530",TRUE,"reported","7NHsi5"
