"","chr.exposure","pos.exposure","effect_allele.exposure","other_allele.exposure","eaf.exposure","beta.exposure","se.exposure","pval.exposure","SNP","exposure","mr_keep.exposure","pval_origin.exposure","id.exposure"
"2",2,119490335,"G","A",0.816823,0.102891,0.0202502,3.75487e-07,"rs744927","GCST90201006",TRUE,"reported","inXufY"
"24",3,164520017,"A","G",0.116817,-0.112798,0.0237877,2.11757e-06,"rs66984919","GCST90201006",TRUE,"reported","inXufY"
"54",4,88279855,"G","T",0.484691,-0.101826,0.0154186,3.99886e-11,"rs7661312","GCST90201006",TRUE,"reported","inXufY"
"110",8,133544509,"G","A",0.298393,-0.089055,0.0168647,1.28789e-07,"rs4736695","GCST90201006",TRUE,"reported","inXufY"
"117",10,11762583,"G","A",0.648311,-0.0779213,0.0162044,1.51941e-06,"rs34844369","GCST90201006",TRUE,"reported","inXufY"
"127",10,80788129,"G","A",0.0300136,0.224943,0.0448941,5.42838e-07,"rs76007716","GCST90201006",TRUE,"reported","inXufY"
"131",11,36989908,"A","G",0.392492,0.0748404,0.0157525,2.02409e-06,"rs750937","GCST90201006",TRUE,"reported","inXufY"
"138",12,120127195,"G","A",0.974591,0.222912,0.0486455,4.59719e-06,"rs4767878","GCST90201006",TRUE,"reported","inXufY"
"150",20,5454900,"A","C",0.10627,0.114803,0.0246777,3.28577e-06,"rs117313125","GCST90201006",TRUE,"reported","inXufY"
