"","chr.exposure","pos.exposure","effect_allele.exposure","other_allele.exposure","eaf.exposure","beta.exposure","se.exposure","pval.exposure","SNP","exposure","mr_keep.exposure","pval_origin.exposure","id.exposure"
"1",1,172002534,"A","G",0.234856,-0.0926178,0.0195558,2.17885e-06,"rs61805851","GCST90200873",TRUE,"reported","BIrDHY"
"3",2,129774618,"A","G",0.0249235,-0.24906,0.0537182,3.54502e-06,"rs145079316","GCST90200873",TRUE,"reported","BIrDHY"
"19",3,185143137,"C","T",0.0158323,0.314829,0.0660349,1.86424e-06,"rs74392348","GCST90200873",TRUE,"reported","BIrDHY"
"21",4,83968334,"T","G",0.0199514,0.279227,0.0592658,2.45982e-06,"rs187249666","GCST90200873",TRUE,"reported","BIrDHY"
"26",5,6629817,"A","G",0.333017,0.0860421,0.0178941,1.5213e-06,"rs518673","GCST90200873",TRUE,"reported","BIrDHY"
"34",5,133244295,"T","C",0.133543,0.118042,0.0243962,1.30799e-06,"rs4958083","GCST90200873",TRUE,"reported","BIrDHY"
"36",5,178811560,"A","G",0.0227953,-0.27372,0.0551889,7.06057e-07,"rs76300969","GCST90200873",TRUE,"reported","BIrDHY"
"40",12,52568981,"T","C",0.171763,-0.100857,0.0218143,3.77388e-06,"rs3847845","GCST90200873",TRUE,"reported","BIrDHY"
"50",16,30991343,"G","A",0.642837,0.0887177,0.0170894,2.08745e-07,"rs8062719","GCST90200873",TRUE,"reported","BIrDHY"
"83",18,71640298,"A","G",0.110377,-0.135704,0.0264394,2.85676e-07,"rs73460158","GCST90200873",TRUE,"reported","BIrDHY"
