"","chr.exposure","pos.exposure","effect_allele.exposure","other_allele.exposure","eaf.exposure","beta.exposure","se.exposure","pval.exposure","SNP","exposure","mr_keep.exposure","pval_origin.exposure","id.exposure"
"2",1,173185595,"C","T",0.0308627,-0.207738,0.0434751,1.76759e-06,"rs116697924","GCST90199972",TRUE,"reported","j9RvDb"
"5",3,53539054,"A","C",0.0416667,-0.178189,0.0375426,2.07163e-06,"rs67016154","GCST90199972",TRUE,"reported","j9RvDb"
"15",4,73526567,"C","T",0.0260354,-0.228118,0.046993,1.20816e-06,"rs9995523","GCST90199972",TRUE,"reported","j9RvDb"
"60",4,96264193,"G","T",0.142032,-0.0993955,0.021635,4.34426e-06,"rs6844451","GCST90199972",TRUE,"reported","j9RvDb"
"62",4,184262352,"C","T",0.262644,-0.0825145,0.0171403,1.47895e-06,"rs62338631","GCST90199972",TRUE,"reported","j9RvDb"
"70",8,10382902,"T","C",0.0256177,-0.23406,0.0479267,1.04114e-06,"rs55846031","GCST90199972",TRUE,"reported","j9RvDb"
"71",11,19544696,"G","A",0.176621,-0.0899872,0.0196982,4.9168e-06,"rs7950505","GCST90199972",TRUE,"reported","j9RvDb"
"78",15,58391343,"C","G",0.192219,0.0953626,0.0191091,6.02442e-07,"rs12905732","GCST90199972",TRUE,"reported","j9RvDb"
