"","chr.exposure","pos.exposure","effect_allele.exposure","other_allele.exposure","eaf.exposure","beta.exposure","se.exposure","pval.exposure","SNP","exposure","mr_keep.exposure","pval_origin.exposure","id.exposure"
"2",1,22215952,"T","G",0.525886,-0.0753303,0.0155685,1.30728e-06,"rs2505722","GCST90200862",TRUE,"reported","Zec9Tj"
"12",2,35330201,"G","C",0.71235,0.0804605,0.0169704,2.12444e-06,"rs4643516","GCST90200862",TRUE,"reported","Zec9Tj"
"15",3,8695451,"G","A",0.0637438,-0.152044,0.0315633,1.45651e-06,"rs60110084","GCST90200862",TRUE,"reported","Zec9Tj"
"18",3,171812145,"G","T",0.853933,0.106106,0.021834,1.17569e-06,"rs6792151","GCST90200862",TRUE,"reported","Zec9Tj"
"70",5,73051700,"G","T",0.461637,-0.0801124,0.0151952,1.3478e-07,"rs194493","GCST90200862",TRUE,"reported","Zec9Tj"
"96",10,58793279,"T","C",0.02323,0.250002,0.0512622,1.07747e-06,"rs139721493","GCST90200862",TRUE,"reported","Zec9Tj"
"98",11,75576830,"A","C",0.279698,0.0837743,0.0175914,1.91476e-06,"rs676206","GCST90200862",TRUE,"reported","Zec9Tj"
"101",12,116440229,"G","C",0.305275,0.0809385,0.0172642,2.75601e-06,"rs2264772","GCST90200862",TRUE,"reported","Zec9Tj"
"106",18,74407627,"C","T",0.0179084,-0.278389,0.0576438,1.36891e-06,"rs118103311","GCST90200862",TRUE,"reported","Zec9Tj"
"111",21,36703581,"C","T",0.0189394,0.261711,0.0563354,3.39093e-06,"rs6517376","GCST90200862",TRUE,"reported","Zec9Tj"
