"","chr.exposure","pos.exposure","effect_allele.exposure","other_allele.exposure","eaf.exposure","beta.exposure","se.exposure","pval.exposure","SNP","exposure","mr_keep.exposure","pval_origin.exposure","id.exposure"
"5",1,147234100,"A","T",0.0683977,0.142154,0.0305046,3.16083e-06,"rs4445527","GCST90199966",TRUE,"reported","daGffC"
"6",1,209064312,"C","T",0.0347896,0.191841,0.0416927,4.19854e-06,"rs79879479","GCST90199966",TRUE,"reported","daGffC"
"12",5,110341764,"C","A",0.0756458,0.133566,0.0290414,4.24175e-06,"rs11952631","GCST90199966",TRUE,"reported","daGffC"
"15",6,6345382,"G","A",0.0173822,-0.272619,0.0592661,4.22653e-06,"rs144005917","GCST90199966",TRUE,"reported","daGffC"
"26",11,86930705,"A","G",0.171504,0.0955284,0.0202489,2.38523e-06,"rs2212765","GCST90199966",TRUE,"reported","daGffC"
"32",16,69151063,"G","A",0.00171885,-1.0049,0.185362,5.91798e-08,"rs189545437","GCST90199966",TRUE,"reported","daGffC"
"38",20,59196746,"T","C",0.0444444,0.174243,0.0373028,2.99666e-06,"rs76668835","GCST90199966",TRUE,"reported","daGffC"
