"","chr.exposure","pos.exposure","effect_allele.exposure","other_allele.exposure","eaf.exposure","beta.exposure","se.exposure","pval.exposure","SNP","exposure","mr_keep.exposure","pval_origin.exposure","id.exposure"
"7",4,10176544,"A","C",0.248261,0.084772,0.0180267,2.56898e-06,"rs17385872","GCST90200917",TRUE,"reported","NPzYhE"
"39",4,88302352,"G","A",0.532096,-0.12144,0.0156035,7.09071e-15,"rs10014755","GCST90200917",TRUE,"reported","NPzYhE"
"71",5,179471681,"G","C",0.075228,0.139606,0.0297052,2.60539e-06,"rs62395160","GCST90200917",TRUE,"reported","NPzYhE"
"75",8,133544509,"G","A",0.298253,-0.0880437,0.0170325,2.35135e-07,"rs4736695","GCST90200917",TRUE,"reported","NPzYhE"
"79",10,80809233,"G","A",0.0435746,0.195448,0.0382603,3.24939e-07,"rs59974919","GCST90200917",TRUE,"reported","NPzYhE"
"80",11,4756861,"C","G",0.00770654,0.401242,0.0873739,4.38504e-06,"rs77137219","GCST90200917",TRUE,"reported","NPzYhE"
"87",11,126339078,"C","G",0.0237771,-0.233635,0.0510851,4.79759e-06,"rs148703016","GCST90200917",TRUE,"reported","NPzYhE"
"89",15,33547623,"G","A",0.00952499,0.373063,0.0790896,2.3939e-06,"rs117170005","GCST90200917",TRUE,"reported","NPzYhE"
"90",16,543277,"G","T",0.141888,-0.102761,0.0224894,4.89304e-06,"rs8054514","GCST90200917",TRUE,"reported","NPzYhE"
