"","chr.exposure","pos.exposure","effect_allele.exposure","other_allele.exposure","eaf.exposure","beta.exposure","se.exposure","pval.exposure","SNP","exposure","mr_keep.exposure","pval_origin.exposure","id.exposure"
"56",5,120528147,"A","G",0.131787,0.146017,0.0303368,1.48547e-06,"rs56124912","GCST90200721",TRUE,"reported","zhynnw"
"84",7,119632797,"A","G",0.17216,-0.129335,0.0272972,2.15807e-06,"rs10236510","GCST90200721",TRUE,"reported","zhynnw"
"99",9,7908256,"T","C",0.0866756,0.172705,0.0374159,3.91537e-06,"rs66628241","GCST90200721",TRUE,"reported","zhynnw"
"101",9,29378733,"G","A",0.705335,0.106504,0.0230878,3.96946e-06,"rs12003375","GCST90200721",TRUE,"reported","zhynnw"
"102",9,81798236,"C","A",0.00417674,-0.74141,0.160702,3.95808e-06,"rs182261893","GCST90200721",TRUE,"reported","zhynnw"
"105",12,5278207,"T","C",0.0191167,-0.345769,0.075364,4.4755e-06,"rs117717775","GCST90200721",TRUE,"reported","zhynnw"
"108",16,4812786,"C","T",0.145953,-0.138248,0.0291792,2.15967e-06,"rs112036394","GCST90200721",TRUE,"reported","zhynnw"
"119",17,54664475,"A","T",0.843446,0.140949,0.0289732,1.14575e-06,"rs1530382","GCST90200721",TRUE,"reported","zhynnw"
"120",17,79155794,"G","C",0.0369615,0.26448,0.0563985,2.73889e-06,"rs143031595","GCST90200721",TRUE,"reported","zhynnw"
"144",21,42119054,"T","C",0.0506482,-0.215726,0.04723,4.93443e-06,"rs76209394","GCST90200721",TRUE,"reported","zhynnw"
