"","chr.exposure","pos.exposure","effect_allele.exposure","other_allele.exposure","eaf.exposure","beta.exposure","se.exposure","pval.exposure","SNP","exposure","mr_keep.exposure","pval_origin.exposure","id.exposure"
"1",1,21434287,"T","C",0.177927,-0.116052,0.0206893,2.03178e-08,"rs12740648","GCST90200901",TRUE,"reported","dH7LXk"
"10",3,29061127,"A","G",0.472081,-0.0714749,0.0156421,4.89123e-06,"rs7626752","GCST90200901",TRUE,"reported","dH7LXk"
"13",4,25792485,"C","A",0.374803,-0.0728649,0.0155506,2.79052e-06,"rs56297003","GCST90200901",TRUE,"reported","dH7LXk"
"36",6,131573218,"T","C",0.0192284,0.350137,0.0547086,1.5534e-10,"rs17788484","GCST90200901",TRUE,"reported","dH7LXk"
"62",8,4312039,"C","T",0.0627489,-0.154089,0.0311546,7.57691e-07,"rs79240790","GCST90200901",TRUE,"reported","dH7LXk"
"67",8,33087986,"A","G",0.138785,0.102275,0.021553,2.08218e-06,"rs16880329","GCST90200901",TRUE,"reported","dH7LXk"
"69",9,80242136,"A","C",0.0141788,-0.290798,0.0636543,4.91472e-06,"rs34117361","GCST90200901",TRUE,"reported","dH7LXk"
"70",9,93091953,"T","C",0.191004,-0.0935635,0.0192761,1.21081e-06,"rs10992628","GCST90200901",TRUE,"reported","dH7LXk"
"109",17,57850855,"C","G",0.0113471,0.335108,0.0713766,2.66709e-06,"rs117631149","GCST90200901",TRUE,"reported","dH7LXk"
