"","chr.exposure","pos.exposure","effect_allele.exposure","other_allele.exposure","eaf.exposure","beta.exposure","se.exposure","pval.exposure","SNP","exposure","mr_keep.exposure","pval_origin.exposure","id.exposure"
"5",2,5590296,"C","T",0.171247,0.100791,0.0204023,7.80442e-07,"rs11895508","GCST90199778",TRUE,"reported","QGtFie"
"193",2,134978078,"C","T",0.200785,-0.112293,0.0191818,4.79574e-09,"rs59621444","GCST90199778",TRUE,"reported","QGtFie"
"227",2,206179360,"G","C",0.0185594,0.270177,0.0563958,1.66171e-06,"rs76373648","GCST90199778",TRUE,"reported","QGtFie"
"230",2,238156602,"T","C",0.138178,0.109313,0.0226595,1.40597e-06,"rs13429657","GCST90199778",TRUE,"reported","QGtFie"
"245",3,189807312,"A","G",0.0672424,-0.146052,0.0307745,2.07613e-06,"rs13063446","GCST90199778",TRUE,"reported","QGtFie"
"256",5,116899172,"T","G",0.135345,0.102768,0.0224746,4.81693e-06,"rs10053736","GCST90199778",TRUE,"reported","QGtFie"
"275",10,62484069,"A","G",0.514171,0.0712224,0.015421,3.86459e-06,"rs4282885","GCST90199778",TRUE,"reported","QGtFie"
"292",13,67185796,"C","A",0.0147889,0.288337,0.0629989,4.72017e-06,"rs113950395","GCST90199778",TRUE,"reported","QGtFie"
"316",15,93472962,"G","A",0.965762,0.209227,0.0426173,9.13388e-07,"rs12708606","GCST90199778",TRUE,"reported","QGtFie"
"318",16,24393664,"C","T",0.00159666,0.851568,0.185433,4.38356e-06,"rs75625293","GCST90199778",TRUE,"reported","QGtFie"
