"","chr.exposure","pos.exposure","effect_allele.exposure","other_allele.exposure","eaf.exposure","beta.exposure","se.exposure","pval.exposure","SNP","exposure","mr_keep.exposure","pval_origin.exposure","id.exposure"
"4",1,89267876,"T","C",0.00965938,0.389467,0.0809289,1.49087e-06,"rs146581388","GCST90200321",TRUE,"reported","hoEDTJ"
"14",2,229006377,"C","A",0.205832,0.0939302,0.0199188,2.40945e-06,"rs2160643","GCST90200321",TRUE,"reported","hoEDTJ"
"16",3,26508226,"A","G",0.195713,0.100646,0.020449,8.57514e-07,"rs62248512","GCST90200321",TRUE,"reported","hoEDTJ"
"22",4,34298713,"T","A",0.0267431,0.225642,0.0493234,4.76806e-06,"rs138647138","GCST90200321",TRUE,"reported","hoEDTJ"
"42",7,25460900,"A","C",0.0677191,0.144242,0.0313544,4.21747e-06,"rs17317312","GCST90200321",TRUE,"reported","hoEDTJ"
"47",7,123701884,"G","T",0.128381,0.112487,0.0238002,2.2864e-06,"rs79790687","GCST90200321",TRUE,"reported","hoEDTJ"
"50",8,16070811,"C","G",0.642866,-0.0792007,0.0169062,2.80365e-06,"rs4585753","GCST90200321",TRUE,"reported","hoEDTJ"
"51",8,27209442,"A","C",0.0106682,0.3492,0.0764262,4.89805e-06,"rs147800499","GCST90200321",TRUE,"reported","hoEDTJ"
"61",11,102997410,"A","T",0.246548,0.0852276,0.0185666,4.42479e-06,"rs535508","GCST90200321",TRUE,"reported","hoEDTJ"
"67",13,34705850,"G","A",0.0906643,0.128762,0.0278095,3.65443e-06,"rs117181734","GCST90200321",TRUE,"reported","hoEDTJ"
"89",16,4397770,"T","C",0.70543,0.0993904,0.0172053,7.61692e-09,"rs11076828","GCST90200321",TRUE,"reported","hoEDTJ"
