"","chr.exposure","pos.exposure","effect_allele.exposure","other_allele.exposure","eaf.exposure","beta.exposure","se.exposure","pval.exposure","SNP","exposure","mr_keep.exposure","pval_origin.exposure","id.exposure"
"7",3,79247838,"G","C",0.0298453,-0.215692,0.0459847,2.725e-06,"rs6793289","GCST90200495",TRUE,"reported","6g3gTV"
"11",3,138101682,"A","G",0.00524007,-0.493733,0.107932,4.77432e-06,"rs111935351","GCST90200495",TRUE,"reported","6g3gTV"
"21",9,37709020,"A","G",0.0136121,-0.311226,0.0674486,3.9447e-06,"rs72724132","GCST90200495",TRUE,"reported","6g3gTV"
"23",11,132796774,"G","T",0.370124,0.0802347,0.0161552,6.81786e-07,"rs7129855","GCST90200495",TRUE,"reported","6g3gTV"
"29",18,10031291,"T","A",0.248437,-0.0823153,0.0180075,4.85025e-06,"rs72956117","GCST90200495",TRUE,"reported","6g3gTV"
"30",19,18363158,"T","C",0.0140056,-0.308682,0.0659998,2.91088e-06,"rs139824473","GCST90200495",TRUE,"reported","6g3gTV"
"31",19,50842825,"G","A",0.888098,-0.117815,0.0249474,2.32913e-06,"rs266848","GCST90200495",TRUE,"reported","6g3gTV"
