"","chr.exposure","pos.exposure","effect_allele.exposure","other_allele.exposure","eaf.exposure","beta.exposure","se.exposure","pval.exposure","SNP","exposure","mr_keep.exposure","pval_origin.exposure","id.exposure"
"4",1,156294857,"T","C",0.106352,0.140763,0.0229274,8.27775e-10,"rs1570805","GCST90200254",TRUE,"reported","Ml2OGr"
"10",4,110205234,"T","A",0.0579326,-0.155791,0.0308961,4.59693e-07,"rs72679250","GCST90200254",TRUE,"reported","Ml2OGr"
"23",8,125454844,"T","G",0.378656,-0.0706335,0.0149349,2.25141e-06,"rs6984241","GCST90200254",TRUE,"reported","Ml2OGr"
"39",11,113180763,"G","A",0.0189556,-0.292046,0.0511374,1.12313e-08,"rs118162901","GCST90200254",TRUE,"reported","Ml2OGr"
"42",13,53551535,"A","T",0.295972,-0.0733315,0.0154364,2.02849e-06,"rs7327594","GCST90200254",TRUE,"reported","Ml2OGr"
"44",16,10312088,"A","G",0.0301566,0.195404,0.0410076,1.888e-06,"rs117092844","GCST90200254",TRUE,"reported","Ml2OGr"
"47",16,20381010,"A","G",0.191439,-0.0940953,0.0183884,3.1025e-07,"rs77924615","GCST90200254",TRUE,"reported","Ml2OGr"
"63",16,68297987,"A","G",0.718054,-0.0912402,0.0157196,6.46592e-09,"rs2863979","GCST90200254",TRUE,"reported","Ml2OGr"
"128",17,13117591,"A","G",0.0260098,-0.228059,0.0445221,3.01724e-07,"rs74922076","GCST90200254",TRUE,"reported","Ml2OGr"
