"","chr.exposure","pos.exposure","effect_allele.exposure","other_allele.exposure","eaf.exposure","beta.exposure","se.exposure","pval.exposure","SNP","exposure","mr_keep.exposure","pval_origin.exposure","id.exposure"
"1",1,28814236,"T","C",0.28248,-0.078347,0.0167453,2.88658e-06,"rs2236860","GCST90200251",TRUE,"reported","QEEDKK"
"2",1,57204361,"C","T",0.926653,0.132492,0.0289495,4.72491e-06,"rs197612","GCST90200251",TRUE,"reported","QEEDKK"
"8",3,141314639,"G","A",0.347511,-0.073656,0.0160084,4.20273e-06,"rs9871963","GCST90200251",TRUE,"reported","QEEDKK"
"16",5,37433453,"T","C",0.00249604,-0.739787,0.149946,8.06904e-07,"rs74347368","GCST90200251",TRUE,"reported","QEEDKK"
"20",5,167918165,"C","A",0.0135135,-0.310995,0.0650243,1.72907e-06,"rs58144271","GCST90200251",TRUE,"reported","QEEDKK"
"30",9,130921887,"C","T",0.569064,-0.0713055,0.0149885,1.96166e-06,"rs7862027","GCST90200251",TRUE,"reported","QEEDKK"
"36",11,87563510,"C","A",0.00218102,0.735142,0.160001,4.33553e-06,"rs188278825","GCST90200251",TRUE,"reported","QEEDKK"
"38",13,21509194,"C","T",0.0877686,-0.130597,0.0266619,9.66922e-07,"rs11616297","GCST90200251",TRUE,"reported","QEEDKK"
"44",18,75190027,"G","T",0.00286132,-0.643076,0.137214,2.77705e-06,"rs142334663","GCST90200251",TRUE,"reported","QEEDKK"
