"","chr.exposure","pos.exposure","effect_allele.exposure","other_allele.exposure","eaf.exposure","beta.exposure","se.exposure","pval.exposure","SNP","exposure","mr_keep.exposure","pval_origin.exposure","id.exposure"
"21",1,171348019,"A","T",0.310565,-0.0842927,0.0158759,1.09943e-07,"rs7519001","GCST90200492",TRUE,"reported","DrpTJV"
"75",2,67381005,"A","G",0.0011645,0.99182,0.2163,4.53111e-06,"rs4671798","GCST90200492",TRUE,"reported","DrpTJV"
"76",2,219875828,"C","T",0.0184474,-0.27119,0.0550049,8.21101e-07,"rs140669132","GCST90200492",TRUE,"reported","DrpTJV"
"78",4,23695048,"A","G",0.018548,0.255546,0.054208,2.42694e-06,"rs73258384","GCST90200492",TRUE,"reported","DrpTJV"
"89",5,137179699,"C","T",0.557407,0.0693936,0.0148891,3.15132e-06,"rs6866652","GCST90200492",TRUE,"reported","DrpTJV"
"90",5,172554500,"T","C",0.092327,0.131291,0.0259828,4.34968e-07,"rs7736185","GCST90200492",TRUE,"reported","DrpTJV"
"123",16,4390396,"C","G",0.745608,0.0877045,0.0167992,1.78185e-07,"rs4786487","GCST90200492",TRUE,"reported","DrpTJV"
"129",17,53537915,"C","A",0.753237,0.0808475,0.0174858,3.77137e-06,"rs8067876","GCST90200492",TRUE,"reported","DrpTJV"
"211",19,13768530,"A","G",0.0275474,0.570415,0.0452213,1.7714e-36,"rs62111897","GCST90200492",TRUE,"reported","DrpTJV"
"234",19,56072251,"C","G",0.184572,0.0941172,0.0199685,2.43763e-06,"rs111331573","GCST90200492",TRUE,"reported","DrpTJV"
