"","chr.exposure","pos.exposure","effect_allele.exposure","other_allele.exposure","eaf.exposure","beta.exposure","se.exposure","pval.exposure","SNP","exposure","mr_keep.exposure","pval_origin.exposure","id.exposure"
"3",1,222672942,"A","T",0.0192611,-0.270442,0.0553468,1.02735e-06,"rs61824287","GCST90200533",TRUE,"reported","8INr61"
"4",1,245457816,"T","C",0.356025,-0.0767201,0.0159124,1.4256e-06,"rs12035552","GCST90200533",TRUE,"reported","8INr61"
"10",2,138772013,"G","C",0.0278801,0.222519,0.0459256,1.26473e-06,"rs114613601","GCST90200533",TRUE,"reported","8INr61"
"192",6,25821388,"G","T",0.53914,0.182918,0.0150132,3.78934e-34,"rs1165151","GCST90200533",TRUE,"reported","8INr61"
"575",6,129922052,"T","A",0.0137738,-0.298904,0.0646028,3.71368e-06,"rs75814043","GCST90200533",TRUE,"reported","8INr61"
"578",9,27749599,"C","G",0.501271,-0.0735198,0.0155661,2.32309e-06,"rs2795333","GCST90200533",TRUE,"reported","8INr61"
"593",12,57871065,"G","A",0.0219954,0.239447,0.0510686,2.74898e-06,"rs55775066","GCST90200533",TRUE,"reported","8INr61"
"605",13,106549001,"T","C",0.276128,0.0888006,0.017221,2.51553e-07,"rs4772797","GCST90200533",TRUE,"reported","8INr61"
