"","SNP","other_allele.exposure","effect_allele.exposure","beta.exposure","se.exposure","pval.exposure","ncase.exposure","ncontrol.exposure","exposure","mr_keep.exposure","pval_origin.exposure","samplesize.exposure","id.exposure","eaf.exposure"
"282344","rs2821359","C","T",-0.0820021260805914,0.0161,3.755e-07,16992,55525,"Anorexia nervosa",TRUE,"reported",72517,"XnHjeW",NA
"345384","rs13100344","A","T",0.0745971382067833,0.0136,4.209e-08,16992,55525,"Anorexia nervosa",TRUE,"reported",72517,"XnHjeW",NA
"642522","rs11236814","T","A",-0.120203462527601,0.024,5.531e-07,16808,55369,"Anorexia nervosa",TRUE,"reported",72177,"XnHjeW",NA
"649135","rs570333","T","C",-0.0651040143320462,0.0139,2.818e-06,16992,55525,"Anorexia nervosa",TRUE,"reported",72517,"XnHjeW",NA
"876183","rs7300592","A","G",-0.0943985954236476,0.0202,2.796e-06,16992,55525,"Anorexia nervosa",TRUE,"reported",72517,"XnHjeW",NA
"882549","rs12826213","T","C",0.0689008672546918,0.0138,6.21e-07,16992,55525,"Anorexia nervosa",TRUE,"reported",72517,"XnHjeW",NA
"934428","rs28380","C","G",-0.0746050187378346,0.0143,1.795e-07,16992,55525,"Anorexia nervosa",TRUE,"reported",72517,"XnHjeW",NA
"1177947","rs2131959","C","G",0.0770999203808484,0.015,3.041e-07,16808,55369,"Anorexia nervosa",TRUE,"reported",72177,"XnHjeW",NA
"1416991","rs6789500","C","T",0.0908000243264389,0.0176,2.552e-07,15136,44199,"Anorexia nervosa",TRUE,"reported",59335,"XnHjeW",NA
"1465776","rs8070063","T","G",-0.0752948300371352,0.0141,9.732e-08,16992,55525,"Anorexia nervosa",TRUE,"reported",72517,"XnHjeW",NA
"1589391","rs9929084","G","C",0.069498077182394,0.0149,2.99e-06,16992,55525,"Anorexia nervosa",TRUE,"reported",72517,"XnHjeW",NA
"1885379","rs725861","G","A",0.0881024482215457,0.0175,4.855e-07,16992,55525,"Anorexia nervosa",TRUE,"reported",72517,"XnHjeW",NA
"1903361","rs12822914","G","A",-0.0671980545634774,0.0146,4.173e-06,16992,55525,"Anorexia nervosa",TRUE,"reported",72517,"XnHjeW",NA
"2056836","rs34306607","G","A",-0.0651040143320462,0.0138,2.526e-06,16992,55525,"Anorexia nervosa",TRUE,"reported",72517,"XnHjeW",NA
"2169466","rs2188244","A","C",-0.0682038970948312,0.0137,6.436e-07,16992,55525,"Anorexia nervosa",TRUE,"reported",72517,"XnHjeW",NA
"2223458","rs9784437","G","A",-0.0834033483057841,0.0169,8.011e-07,16992,55525,"Anorexia nervosa",TRUE,"reported",72517,"XnHjeW",NA
"2467212","rs2008387","A","G",-0.0815029399606216,0.0145,1.725e-08,16992,55525,"Anorexia nervosa",TRUE,"reported",72517,"XnHjeW",NA
"2685801","rs1979837","C","T",-0.0832946561978111,0.018,3.56e-06,11923,33900,"Anorexia nervosa",TRUE,"reported",45823,"XnHjeW",NA
"2686469","rs9309871","A","C",-0.0778966787084814,0.0158,8.58e-07,16992,55525,"Anorexia nervosa",TRUE,"reported",72517,"XnHjeW",NA
"2726449","rs9821797","A","T",-0.156595332223074,0.0201,6.987e-15,16992,55525,"Anorexia nervosa",TRUE,"reported",72517,"XnHjeW",NA
"2872987","rs3095335","C","G",0.0861042990521317,0.018,1.706e-06,16699,54535,"Anorexia nervosa",TRUE,"reported",71234,"XnHjeW",NA
"2938750","rs62176532","C","T",0.0855995474938928,0.0171,5.404e-07,16992,55525,"Anorexia nervosa",TRUE,"reported",72517,"XnHjeW",NA
"3063773","rs6773424","A","G",-0.0909974928220588,0.0197,3.704e-06,16992,55525,"Anorexia nervosa",TRUE,"reported",72517,"XnHjeW",NA
"3202736","rs17580614","G","A",-0.085503423613941,0.0186,4.408e-06,15619,51512,"Anorexia nervosa",TRUE,"reported",67131,"XnHjeW",NA
"3293365","rs370838138","C","G",0.0753022587095424,0.0136,3.173e-08,16992,55525,"Anorexia nervosa",TRUE,"reported",72517,"XnHjeW",NA
"3420070","rs6092932","A","G",0.0953010888539114,0.0187,3.497e-07,16992,55525,"Anorexia nervosa",TRUE,"reported",72517,"XnHjeW",NA
"3509116","rs9874207","C","T",-0.0812968270859734,0.0145,2.048e-08,16992,55525,"Anorexia nervosa",TRUE,"reported",72517,"XnHjeW",NA
"3652876","rs72734967","A","G",-0.113000739087244,0.0236,1.662e-06,16224,52460,"Anorexia nervosa",TRUE,"reported",68684,"XnHjeW",NA
"3846283","rs111930700","G","C",-0.107395919019897,0.0229,2.802e-06,16992,55525,"Anorexia nervosa",TRUE,"reported",72517,"XnHjeW",NA
"4049537","rs76453976","G","A",-0.164497355881476,0.0359,4.534e-06,16992,55525,"Anorexia nervosa",TRUE,"reported",72517,"XnHjeW",NA
"4144769","rs112502176","T","G",-0.0811992094973757,0.0171,1.973e-06,16992,55525,"Anorexia nervosa",TRUE,"reported",72517,"XnHjeW",NA
"4207240","rs10882687","A","G",0.0762014934935767,0.0166,4.236e-06,16992,55525,"Anorexia nervosa",TRUE,"reported",72517,"XnHjeW",NA
"4218159","rs6589488","T","A",0.127302030373182,0.0195,6.305e-11,16992,55525,"Anorexia nervosa",TRUE,"reported",72517,"XnHjeW",NA
"4218780","rs750350","T","G",-0.110898041715977,0.0208,9.421e-08,16992,55525,"Anorexia nervosa",TRUE,"reported",72517,"XnHjeW",NA
"4362360","rs189391781","G","A",-0.239298340070909,0.0506,2.282e-06,16664,55240,"Anorexia nervosa",TRUE,"reported",71904,"XnHjeW",NA
"4450935","rs680109","A","C",-0.0633019526702622,0.0138,4.377e-06,16992,55525,"Anorexia nervosa",TRUE,"reported",72517,"XnHjeW",NA
"4652382","rs4751","T","G",-0.0820021260805914,0.0169,1.156e-06,11718,37277,"Anorexia nervosa",TRUE,"reported",48995,"XnHjeW",NA
"4697137","rs4145641","C","A",0.0750981960059311,0.0162,3.384e-06,16992,55525,"Anorexia nervosa",TRUE,"reported",72517,"XnHjeW",NA
"4766990","rs61754806","A","G",-0.155905552048533,0.0331,2.496e-06,16753,54921,"Anorexia nervosa",TRUE,"reported",71674,"XnHjeW",NA
"4825091","rs1539725","C","T",-0.07339899276978,0.0139,1.255e-07,16992,55525,"Anorexia nervosa",TRUE,"reported",72517,"XnHjeW",NA
"4838132","rs6792954","A","G",0.0760995590558653,0.0164,3.406e-06,12400,35046,"Anorexia nervosa",TRUE,"reported",47446,"XnHjeW",NA
"5140916","rs17842856","C","T",0.0768036213388749,0.0168,4.951e-06,16992,55525,"Anorexia nervosa",TRUE,"reported",72517,"XnHjeW",NA
"6166567","rs7797895","C","A",0.0778032789468595,0.0165,2.331e-06,16992,55525,"Anorexia nervosa",TRUE,"reported",72517,"XnHjeW",NA
"6194120","rs35643176","T","A",-0.125404505412914,0.0264,2.093e-06,16992,55525,"Anorexia nervosa",TRUE,"reported",72517,"XnHjeW",NA
"6843123","rs11615526","A","G",0.0902976379807806,0.0172,1.517e-07,16992,55525,"Anorexia nervosa",TRUE,"reported",72517,"XnHjeW",NA
"6853857","rs17049722","T","C",0.0932990679648179,0.0194,1.514e-06,16992,55525,"Anorexia nervosa",TRUE,"reported",72517,"XnHjeW",NA
"6875849","rs2287348","T","C",-0.104405416354854,0.0179,5.619e-09,16992,55525,"Anorexia nervosa",TRUE,"reported",72517,"XnHjeW",NA
"7041078","rs72635674","C","T",-0.0798010702035548,0.0166,1.466e-06,16992,55525,"Anorexia nervosa",TRUE,"reported",72517,"XnHjeW",NA
"7234088","rs10747478","G","T",0.0757009883436821,0.0137,3.133e-08,16992,55525,"Anorexia nervosa",TRUE,"reported",72517,"XnHjeW",NA
"7395104","rs34029884","C","A",-0.0714960017050699,0.0152,2.428e-06,16992,55525,"Anorexia nervosa",TRUE,"reported",72517,"XnHjeW",NA
"7610030","rs13125932","T","C",-0.0724954268501865,0.0134,5.854e-08,16992,55525,"Anorexia nervosa",TRUE,"reported",72517,"XnHjeW",NA
"7769140","rs7559141","A","T",-0.29360625247175,0.0612,1.583e-06,12988,42753,"Anorexia nervosa",TRUE,"reported",55741,"XnHjeW",NA
"7871845","rs6520157","A","G",-0.180000253105278,0.038,2.122e-06,16828,54568,"Anorexia nervosa",TRUE,"reported",71396,"XnHjeW",NA
"7904479","rs12638637","G","A",-0.0856014622957261,0.0182,2.552e-06,16992,55525,"Anorexia nervosa",TRUE,"reported",72517,"XnHjeW",NA
"7964439","rs12345267","C","T",0.0627024616114006,0.0136,4.277e-06,16992,55525,"Anorexia nervosa",TRUE,"reported",72517,"XnHjeW",NA
"7999104","rs2884594","G","A",-0.0866041871753829,0.0177,9.368e-07,15153,52309,"Anorexia nervosa",TRUE,"reported",67462,"XnHjeW",NA
"8034042","rs13422947","A","G",0.0880017197716256,0.019,3.501e-06,16992,55525,"Anorexia nervosa",TRUE,"reported",72517,"XnHjeW",NA
"8098770","rs3848726","T","G",0.0657971037900478,0.0143,4.442e-06,16992,55525,"Anorexia nervosa",TRUE,"reported",72517,"XnHjeW",NA
