"","SNP","chr.exposure","pos.exposure","effect_allele.exposure","other_allele.exposure","eaf.exposure","beta.exposure","se.exposure","pval.exposure","samplesize.exposure","exposure","mr_keep.exposure","pval_origin.exposure","id.exposure"
"1120907","rs1709393",3,101699154,"T","C",0.5793,-0.1509,0.0267,1.651e-08,17310,"Anxiety",TRUE,"reported","SwSZMD"
"2474477","rs2146346",6,11167111,"A","G",0.5869,0.1441,0.0298,1.375e-06,12819,"Anxiety",TRUE,"reported","SwSZMD"
"2495900","rs2645117",6,37954153,"T","G",0.4834,0.1473,0.0321,4.509e-06,10864,"Anxiety",TRUE,"reported","SwSZMD"
"2498808","rs2753188",6,47941339,"A","G",0.7268,0.1603,0.0332,1.417e-06,12819,"Anxiety",TRUE,"reported","SwSZMD"
"2805563","rs112205280",7,153760066,"A","G",0.5937,0.3532,0.0719,9.033e-07,3329,"Anxiety",TRUE,"reported","SwSZMD"
"4300883","rs58990403",11,116509339,"A","G",0.792,-0.1851,0.0391,2.163e-06,17310,"Anxiety",TRUE,"reported","SwSZMD"
"5397647","rs28373923",16,88815473,"A","G",0.0675,0.4193,0.0915,4.558e-06,8708,"Anxiety",TRUE,"reported","SwSZMD"
"5580684","rs2740360",17,629309,"T","C",0.4743,0.1696,0.0334,3.814e-07,12819,"Anxiety",TRUE,"reported","SwSZMD"
"6315740","rs739315",22,25617602,"A","G",0.5688,-0.1537,0.0329,3.027e-06,15355,"Anxiety",TRUE,"reported","SwSZMD"
