"","chr.exposure","SNP","pos.exposure","effect_allele.exposure","other_allele.exposure","se.exposure","pval.exposure","beta.exposure","exposure","mr_keep.exposure","pval_origin.exposure","id.exposure","eaf.exposure"
"264013",17,"rs141455452",44019083,"T","G",0.0159,8.939e-07,0.0784044433741817,"Autism spectrum disorder",TRUE,"reported","FCDCkj",NA
"615115",8,"rs10110094",131472047,"A","G",0.0191,2.05e-06,0.0906995672466416,"Autism spectrum disorder",TRUE,"reported","FCDCkj",NA
"644083",20,"rs910805",21248116,"A","G",0.016,2.041e-09,-0.0956962543215012,"Autism spectrum disorder",TRUE,"reported","FCDCkj",NA
"1179066",15,"rs78058104",93953737,"A","G",0.0397,2.221e-06,0.187897648126974,"Autism spectrum disorder",TRUE,"reported","FCDCkj",NA
"1271313",8,"rs11787216",142615222,"T","C",0.0147,2.587e-06,-0.0692000358011391,"Autism spectrum disorder",TRUE,"reported","FCDCkj",NA
"1335368",10,"rs78827416",72749037,"A","G",0.0266,9e-07,0.130501808064158,"Autism spectrum disorder",TRUE,"reported","FCDCkj",NA
"1357055",12,"rs35404050",73196902,"T","C",0.0176,1.606e-06,0.0843043830520302,"Autism spectrum disorder",TRUE,"reported","FCDCkj",NA
"1685011",6,"rs9389208",135035609,"T","C",0.0144,3.121e-06,0.0672005996602386,"Autism spectrum disorder",TRUE,"reported","FCDCkj",NA
"1960421",8,"rs76397219",60390318,"A","G",0.0303,3.566e-06,-0.140297085538723,"Autism spectrum disorder",TRUE,"reported","FCDCkj",NA
"2023085",1,"rs78653484",147183927,"T","C",0.0385,4.675e-06,-0.176295748498314,"Autism spectrum disorder",TRUE,"reported","FCDCkj",NA
"2405978",7,"rs111931861",104744219,"A","G",0.0409,1.118e-07,-0.216900579280482,"Autism spectrum disorder",TRUE,"reported","FCDCkj",NA
"2639036",20,"rs2224274",14760747,"T","C",0.0138,2.858e-07,0.0709988581496884,"Autism spectrum disorder",TRUE,"reported","FCDCkj",NA
"2762309",10,"rs4750990",130488026,"T","C",0.0141,1.371e-06,-0.0680968444676575,"Autism spectrum disorder",TRUE,"reported","FCDCkj",NA
"2880811",13,"rs77691144",66970212,"T","C",0.0435,1.91e-06,-0.207405545962148,"Autism spectrum disorder",TRUE,"reported","FCDCkj",NA
"3070175",6,"rs12203328",23767038,"C","G",0.0153,4.915e-06,0.0697032857496389,"Autism spectrum disorder",TRUE,"reported","FCDCkj",NA
"3084603",6,"rs740883",29575405,"A","T",0.0238,1.694e-06,-0.113695152447884,"Autism spectrum disorder",TRUE,"reported","FCDCkj",NA
"4086666",9,"rs28729902",76179384,"A","G",0.0178,2.345e-06,-0.0839034842227056,"Autism spectrum disorder",TRUE,"reported","FCDCkj",NA
"4368966",5,"rs325485",103995368,"A","G",0.0143,3.254e-07,0.0728042655546038,"Autism spectrum disorder",TRUE,"reported","FCDCkj",NA
"4606662",14,"rs112635299",94838142,"T","G",0.0432,3.044e-07,0.220997249655784,"Autism spectrum disorder",TRUE,"reported","FCDCkj",NA
"4950934",6,"rs72934503",98583488,"A","G",0.0141,5.892e-07,-0.0704975744133774,"Autism spectrum disorder",TRUE,"reported","FCDCkj",NA
"4977191",11,"rs644552",102735140,"A","G",0.0346,4.211e-06,0.1594025787169,"Autism spectrum disorder",TRUE,"reported","FCDCkj",NA
"5035701",21,"rs144911765",37255329,"T","C",0.0403,2.364e-06,-0.190095697268009,"Autism spectrum disorder",TRUE,"reported","FCDCkj",NA
"5382342",1,"rs6692705",193502609,"A","G",0.0141,3.263e-06,0.0656004570839489,"Autism spectrum disorder",TRUE,"reported","FCDCkj",NA
"5563534",8,"rs10099100",10576775,"C","G",0.0147,1.065e-08,0.0843043830520302,"Autism spectrum disorder",TRUE,"reported","FCDCkj",NA
"5731732",1,"rs11185408",104792257,"A","G",0.0138,6.983e-07,-0.0686964868417913,"Autism spectrum disorder",TRUE,"reported","FCDCkj",NA
"6147665",10,"rs141319505",65421442,"A","G",0.061,1.876e-06,0.290697521412238,"Autism spectrum disorder",TRUE,"reported","FCDCkj",NA
"6355674",5,"rs13188074",113801423,"A","G",0.0141,3.041e-06,0.0657971037900478,"Autism spectrum disorder",TRUE,"reported","FCDCkj",NA
"7090196",10,"rs45595836",16691399,"T","C",0.0272,3.131e-07,0.138996432055581,"Autism spectrum disorder",TRUE,"reported","FCDCkj",NA
"7166583",6,"rs9366877",11730878,"A","G",0.0139,9.053e-07,0.0684994164246923,"Autism spectrum disorder",TRUE,"reported","FCDCkj",NA
"7177547",6,"rs16879023",16753147,"A","G",0.0201,1.765e-06,-0.0957952974548668,"Autism spectrum disorder",TRUE,"reported","FCDCkj",NA
"7195960",5,"rs4916723",87854395,"A","C",0.0141,1.924e-06,-0.067305011010914,"Autism spectrum disorder",TRUE,"reported","FCDCkj",NA
"7257678",7,"rs7783557",71646872,"T","C",0.0146,4.363e-06,0.0670042287804738,"Autism spectrum disorder",TRUE,"reported","FCDCkj",NA
"7753649",18,"rs292441",55872558,"A","G",0.0149,1.124e-06,-0.0724954268501865,"Autism spectrum disorder",TRUE,"reported","FCDCkj",NA
"7867284",19,"rs149923766",37980494,"T","G",0.0484,9.612e-07,-0.237305865126714,"Autism spectrum disorder",TRUE,"reported","FCDCkj",NA
"8128353",1,"rs2391769",96978961,"A","G",0.0145,1.135e-07,-0.0769026428413419,"Autism spectrum disorder",TRUE,"reported","FCDCkj",NA
"8129358",1,"rs6701243",99092784,"A","C",0.0144,3.074e-07,0.0735013596301142,"Autism spectrum disorder",TRUE,"reported","FCDCkj",NA
"8845019",3,"rs1452075",62481063,"T","C",0.0155,2.069e-07,0.0807040274149627,"Autism spectrum disorder",TRUE,"reported","FCDCkj",NA
"8867973",3,"rs79940520",191838169,"A","G",0.0207,4.26e-06,-0.0953991837650599,"Autism spectrum disorder",TRUE,"reported","FCDCkj",NA
