"","SNP","chr.exposure","pos.exposure","effect_allele.exposure","other_allele.exposure","eaf.exposure","beta.exposure","se.exposure","pval.exposure","exposure","mr_keep.exposure","pval_origin.exposure","id.exposure"
"10620","rs881640",1,2522204,"G","T",0.826517,0.00623252,0.00136169,4.2e-06,"Daytime Sleepness",TRUE,"reported","yheZsd"
"13980","rs12745073",1,3094672,"A","G",0.718169,0.00538404,0.00114482,2.4e-06,"Daytime Sleepness",TRUE,"reported","yheZsd"
"23986","rs780602",1,4557317,"C","T",0.77859,-0.00598679,0.00125711,2e-06,"Daytime Sleepness",TRUE,"reported","yheZsd"
"123503","rs12728460",1,22975461,"C","G",0.867634,-0.00783849,0.00151815,3.2e-07,"Daytime Sleepness",TRUE,"reported","yheZsd"
"171255","rs2787120",1,33306297,"A","G",0.832602,0.0070913,0.0013736,3.1e-07,"Daytime Sleepness",TRUE,"reported","yheZsd"
"311541","rs12140153",1,62579891,"G","T",0.904572,0.015256,0.00179131,1.5e-17,"Daytime Sleepness",TRUE,"reported","yheZsd"
"452840","rs553314",1,90967306,"T","C",0.365253,0.00635973,0.00107298,3.7e-09,"Daytime Sleepness",TRUE,"reported","yheZsd"
"475530","rs12116466",1,95774064,"A","G",0.66711,-0.00501789,0.00109286,3.7e-06,"Daytime Sleepness",TRUE,"reported","yheZsd"
"484798","rs111554392",1,97672272,"G","A",0.7857,0.00666011,0.00126188,1.4e-07,"Daytime Sleepness",TRUE,"reported","yheZsd"
"851519","rs10737671",1,196455824,"T","G",0.0862583,-0.00847797,0.00182733,3.1e-06,"Daytime Sleepness",TRUE,"reported","yheZsd"
"878767","rs57746981",1,201885234,"C","T",0.644468,0.0063061,0.00107274,3.8e-09,"Daytime Sleepness",TRUE,"reported","yheZsd"
"886463","rs2821226",1,203517292,"A","G",0.473067,0.0051701,0.00103389,6.4e-07,"Daytime Sleepness",TRUE,"reported","yheZsd"
"988807","rs825127",1,223506788,"T","G",0.530794,0.00577086,0.00102973,2e-08,"Daytime Sleepness",TRUE,"reported","yheZsd"
"1247949","rs116041012",2,19315559,"C","T",0.986741,-0.0230582,0.00450191,3.5e-07,"Daytime Sleepness",TRUE,"reported","yheZsd"
"1287948","rs4665972",2,27598097,"T","C",0.393644,0.00702837,0.00105545,2.7e-11,"Daytime Sleepness",TRUE,"reported","yheZsd"
"1402449","rs7598712",2,46660452,"G","T",0.555254,0.00564357,0.00103885,4.4e-08,"Daytime Sleepness",TRUE,"reported","yheZsd"
"1418920","rs1553474",2,49359676,"C","T",0.80347,0.00643223,0.0012907,6.9e-07,"Daytime Sleepness",TRUE,"reported","yheZsd"
"1476345","rs6741951",2,58959112,"G","A",0.710788,0.0076996,0.00113785,1.4e-11,"Daytime Sleepness",TRUE,"reported","yheZsd"
"1623831","rs79528175",2,88441518,"T","C",0.989569,-0.023002,0.00506472,4.6e-06,"Daytime Sleepness",TRUE,"reported","yheZsd"
"1665065","rs11123962",2,104157011,"T","G",0.553234,-0.00760762,0.00103139,1.6e-13,"Daytime Sleepness",TRUE,"reported","yheZsd"
"1898425","rs10432416",2,151503343,"C","T",0.917685,-0.00871956,0.00186598,3.6e-06,"Daytime Sleepness",TRUE,"reported","yheZsd"
"1919173","rs2652457",2,155675125,"C","A",0.46889,-0.00504959,0.00102828,7.4e-07,"Daytime Sleepness",TRUE,"reported","yheZsd"
"1983254","rs2390669",2,169091942,"A","C",0.870848,0.00748502,0.00153948,1.4e-06,"Daytime Sleepness",TRUE,"reported","yheZsd"
"2081411","rs3771077",2,188275982,"A","G",0.925612,-0.0091257,0.00195529,2.9e-06,"Daytime Sleepness",TRUE,"reported","yheZsd"
"2127163","rs148588565",2,198139315,"G","A",0.985095,-0.0204333,0.00448012,4.7e-06,"Daytime Sleepness",TRUE,"reported","yheZsd"
"2129846","rs9712275",2,198907143,"C","T",0.485882,-0.00533653,0.00102892,2.2e-07,"Daytime Sleepness",TRUE,"reported","yheZsd"
"2197956","rs7607363",2,213402705,"A","G",0.561234,-0.00654917,0.0010354,3.1e-10,"Daytime Sleepness",TRUE,"reported","yheZsd"
"2225992","rs111517524",2,218601251,"C","T",0.98266,-0.018909,0.00408145,2.9e-06,"Daytime Sleepness",TRUE,"reported","yheZsd"
"2325275","rs13010456",2,236792801,"A","G",0.594693,0.00734809,0.00104819,2.9e-12,"Daytime Sleepness",TRUE,"reported","yheZsd"
"2476662","rs2733486",3,17317244,"A","G",0.485543,-0.00498553,0.00103182,1.3e-06,"Daytime Sleepness",TRUE,"reported","yheZsd"
"2736174","rs7612441",3,66648162,"C","T",0.701308,0.00559636,0.00112107,6.8e-07,"Daytime Sleepness",TRUE,"reported","yheZsd"
"2821817","rs62259867",3,82969516,"T","C",0.635773,-0.00518695,0.00106907,1.3e-06,"Daytime Sleepness",TRUE,"reported","yheZsd"
"2829516","rs9821366",3,84561063,"A","G",0.271013,0.00771163,0.00115503,3.5e-11,"Daytime Sleepness",TRUE,"reported","yheZsd"
"3136278","rs2279829",3,147106319,"C","T",0.784908,0.00651745,0.00125044,1.8e-07,"Daytime Sleepness",TRUE,"reported","yheZsd"
"3326131","rs843372",3,183996213,"C","T",0.230053,0.00762125,0.00122243,3.8e-10,"Daytime Sleepness",TRUE,"reported","yheZsd"
"3479996","rs4577571",4,10418744,"C","T",0.134791,0.00715237,0.0015079,1.6e-06,"Daytime Sleepness",TRUE,"reported","yheZsd"
"3689402","rs11942333",4,46389486,"G","A",0.675798,-0.00592156,0.00110005,6.8e-08,"Daytime Sleepness",TRUE,"reported","yheZsd"
"3957214","rs10029405",4,99522348,"G","A",0.311612,0.00518177,0.00113399,4e-06,"Daytime Sleepness",TRUE,"reported","yheZsd"
"3967161","rs1080656",4,101363445,"T","C",0.595811,-0.00492699,0.00104884,2.5e-06,"Daytime Sleepness",TRUE,"reported","yheZsd"
"3987814","rs9999238",4,105348280,"A","G",0.274752,-0.00615841,0.00115187,7.4e-08,"Daytime Sleepness",TRUE,"reported","yheZsd"
"4071944","rs115248631",4,121870411,"G","T",0.960098,-0.0136336,0.00273857,7.6e-07,"Daytime Sleepness",TRUE,"reported","yheZsd"
"4096592","rs1395237",4,126408980,"A","T",0.63885,0.00527229,0.00106984,9.3e-07,"Daytime Sleepness",TRUE,"reported","yheZsd"
"4229143","rs13149643",4,152958338,"G","A",0.475859,-0.00468676,0.00102963,4.9e-06,"Daytime Sleepness",TRUE,"reported","yheZsd"
"4476413","rs1215665",5,3181008,"C","T",0.669078,-0.00544534,0.00109822,6.8e-07,"Daytime Sleepness",TRUE,"reported","yheZsd"
"4513852","rs17306666",5,8975974,"T","C",0.93738,-0.0107719,0.00229755,2.5e-06,"Daytime Sleepness",TRUE,"reported","yheZsd"
"4795331","rs12655708",5,64149556,"G","A",0.60308,-0.00516801,0.00105033,7.9e-07,"Daytime Sleepness",TRUE,"reported","yheZsd"
"4902010","rs1350437",5,87192117,"G","T",0.751728,0.00570122,0.00118946,1.4e-06,"Daytime Sleepness",TRUE,"reported","yheZsd"
"4923488","rs6897863",5,92512481,"A","C",0.584415,0.00605866,0.00104426,6.9e-09,"Daytime Sleepness",TRUE,"reported","yheZsd"
"4935041","rs13163809",5,95504135,"C","T",0.408815,-0.00488853,0.0010516,3.7e-06,"Daytime Sleepness",TRUE,"reported","yheZsd"
"4996436","rs395561",5,106861975,"A","C",0.605671,0.00481215,0.00105358,3.8e-06,"Daytime Sleepness",TRUE,"reported","yheZsd"
"5172327","rs12153518",5,138501494,"A","G",0.47224,0.00679561,0.00102863,3.3e-11,"Daytime Sleepness",TRUE,"reported","yheZsd"
"5210615","rs35267617",5,146693114,"T","C",0.454646,-0.00494731,0.00103444,1.6e-06,"Daytime Sleepness",TRUE,"reported","yheZsd"
"5288982","rs1902796",5,161368942,"A","G",0.260816,0.00583442,0.00117104,6.1e-07,"Daytime Sleepness",TRUE,"reported","yheZsd"
"5305478","rs10476496",5,164551653,"T","C",0.616902,-0.00503543,0.0010562,2e-06,"Daytime Sleepness",TRUE,"reported","yheZsd"
"5331291","rs17738158",5,169393271,"A","G",0.698161,0.00530188,0.00111636,2.4e-06,"Daytime Sleepness",TRUE,"reported","yheZsd"
"5551823","rs6923811",6,27289776,"T","C",0.678973,0.00687507,0.0011019,4.5e-10,"Daytime Sleepness",TRUE,"reported","yheZsd"
"5568915","rs9259810",6,29892854,"T","G",0.886653,-0.00778119,0.00167857,4.3e-06,"Daytime Sleepness",TRUE,"reported","yheZsd"
"5631367","rs55960940",6,38153146,"T","C",0.822172,0.00755467,0.00134768,2.3e-08,"Daytime Sleepness",TRUE,"reported","yheZsd"
"5720933","rs3122163",6,55056368,"C","T",0.231114,0.00920223,0.00122324,3.4e-14,"Daytime Sleepness",TRUE,"reported","yheZsd"
"5909308","rs149916540",6,92793613,"C","A",0.983555,-0.0188738,0.00407232,3.3e-06,"Daytime Sleepness",TRUE,"reported","yheZsd"
"5946360","rs4541755",6,100256218,"A","G",0.720098,-0.00568307,0.00114512,7e-07,"Daytime Sleepness",TRUE,"reported","yheZsd"
"6072368","rs641498",6,124911565,"A","G",0.392184,-0.00587812,0.00105586,2.5e-08,"Daytime Sleepness",TRUE,"reported","yheZsd"
"6167200","rs71564440",6,143908406,"C","T",0.698332,0.0058,0.00111814,2.5e-07,"Daytime Sleepness",TRUE,"reported","yheZsd"
"6225263","rs138064993",6,154436512,"C","T",0.984161,-0.0226818,0.00467865,1.2e-06,"Daytime Sleepness",TRUE,"reported","yheZsd"
"6322908","rs9460119",6,170654771,"T","C",0.538766,-0.00518593,0.00103026,4.8e-07,"Daytime Sleepness",TRUE,"reported","yheZsd"
"6353657","rs10234286",7,3730049,"G","C",0.916034,0.00886736,0.00184679,1.6e-06,"Daytime Sleepness",TRUE,"reported","yheZsd"
"6794664","rs2190213",7,84688930,"C","T",0.688766,-0.00554464,0.00111232,7.1e-07,"Daytime Sleepness",TRUE,"reported","yheZsd"
"7006089","rs112017841",7,129465692,"C","G",0.865479,0.00730334,0.00150979,1e-06,"Daytime Sleepness",TRUE,"reported","yheZsd"
"7024465","rs7792396",7,133345526,"T","C",0.531105,-0.00478884,0.00102819,2.3e-06,"Daytime Sleepness",TRUE,"reported","yheZsd"
"7299814","rs28626237",8,14457763,"C","T",0.604464,0.00481893,0.00105026,4.2e-06,"Daytime Sleepness",TRUE,"reported","yheZsd"
"7396031","rs351776",8,28191306,"A","C",0.450535,-0.00487603,0.0010327,2.6e-06,"Daytime Sleepness",TRUE,"reported","yheZsd"
"7572365","rs62519825",8,65479707,"T","C",0.88741,-0.00893208,0.00162354,2.6e-08,"Daytime Sleepness",TRUE,"reported","yheZsd"
"7694016","rs67769525",8,89465503,"C","A",0.822744,-0.00657023,0.00134593,9.5e-07,"Daytime Sleepness",TRUE,"reported","yheZsd"
"7774893","rs285793",8,106087862,"G","A",0.461246,0.00657609,0.00103235,2.1e-10,"Daytime Sleepness",TRUE,"reported","yheZsd"
"7906019","rs7837226",8,131235895,"A","G",0.472852,-0.00570998,0.00102965,2.2e-08,"Daytime Sleepness",TRUE,"reported","yheZsd"
"7976508","rs4917266",8,143070168,"T","A",0.401894,-0.00522927,0.00104734,4.2e-07,"Daytime Sleepness",TRUE,"reported","yheZsd"
"8110585","rs11999148",9,16161217,"G","T",0.850737,0.00695427,0.00144699,1.6e-06,"Daytime Sleepness",TRUE,"reported","yheZsd"
"8156223","rs1590949",9,23360417,"C","G",0.582999,0.00481937,0.00104262,3.8e-06,"Daytime Sleepness",TRUE,"reported","yheZsd"
"8166805","rs3126962",9,25129606,"G","C",0.394395,-0.00491828,0.00106376,4e-06,"Daytime Sleepness",TRUE,"reported","yheZsd"
"8237379","rs608237",9,37395574,"G","A",0.173988,-0.00662446,0.00135678,9.5e-07,"Daytime Sleepness",TRUE,"reported","yheZsd"
"8273511","rs2493455",9,76272143,"A","C",0.130272,-0.0070532,0.00152659,4.2e-06,"Daytime Sleepness",TRUE,"reported","yheZsd"
"8303491","rs13284688",9,81727018,"T","C",0.793399,-0.0101903,0.00126801,1.1e-15,"Daytime Sleepness",TRUE,"reported","yheZsd"
"8407101","rs2779581",9,101286985,"T","C",0.94143,0.0100935,0.00218323,4.3e-06,"Daytime Sleepness",TRUE,"reported","yheZsd"
"8453403","rs7858917",9,109643880,"T","A",0.703855,-0.00532274,0.00112772,1.9e-06,"Daytime Sleepness",TRUE,"reported","yheZsd"
"8550522","rs1566362",9,128163132,"T","C",0.631731,0.00644926,0.00106555,1.6e-09,"Daytime Sleepness",TRUE,"reported","yheZsd"
"8887950","rs4838581",10,49429437,"C","T",0.810118,0.0060525,0.00130868,3.5e-06,"Daytime Sleepness",TRUE,"reported","yheZsd"
"8970372","rs224109",10,64550071,"G","C",0.393642,-0.00541364,0.00105384,3e-07,"Daytime Sleepness",TRUE,"reported","yheZsd"
"9045898","rs17482756",10,78933522,"T","G",0.857597,0.00682769,0.00146665,3.2e-06,"Daytime Sleepness",TRUE,"reported","yheZsd"
"9082001","rs2152622",10,85290133,"T","C",0.452274,-0.00504231,0.001032,1.2e-06,"Daytime Sleepness",TRUE,"reported","yheZsd"
"9119496","rs7476897",10,92416402,"G","A",0.679434,0.00732039,0.0010987,4.6e-11,"Daytime Sleepness",TRUE,"reported","yheZsd"
"9121552","rs56285679",10,92751792,"A","G",0.751831,0.00555381,0.00119101,2.6e-06,"Daytime Sleepness",TRUE,"reported","yheZsd"
"9309548","rs12253139",10,128899947,"T","C",0.876007,-0.00851903,0.00155596,4.4e-08,"Daytime Sleepness",TRUE,"reported","yheZsd"
"9433557","rs11022517",11,12884855,"G","A",0.709009,0.00514519,0.00113135,4.8e-06,"Daytime Sleepness",TRUE,"reported","yheZsd"
"9470276","rs10833285",11,20327608,"C","T",0.740696,-0.00549435,0.00117416,3.1e-06,"Daytime Sleepness",TRUE,"reported","yheZsd"
"9841980","rs498758",11,92799573,"T","G",0.834188,-0.0064154,0.00138441,3.3e-06,"Daytime Sleepness",TRUE,"reported","yheZsd"
"10065787","rs522134",11,134101903,"G","A",0.310702,-0.00577759,0.00111521,2.3e-07,"Daytime Sleepness",TRUE,"reported","yheZsd"
"10085876","rs4765939",12,2582397,"G","C",0.583272,-0.0062379,0.00104294,2.3e-09,"Daytime Sleepness",TRUE,"reported","yheZsd"
"10161557","rs2160515",12,16753965,"A","G",0.561991,-0.00565275,0.00104348,6.5e-08,"Daytime Sleepness",TRUE,"reported","yheZsd"
"10591710","rs11111069",12,102271962,"C","G",0.79086,0.00598558,0.00126412,2.4e-06,"Daytime Sleepness",TRUE,"reported","yheZsd"
"10622888","rs7295391",12,108316976,"G","A",0.850428,0.00659036,0.00144841,4.8e-06,"Daytime Sleepness",TRUE,"reported","yheZsd"
"10632292","rs11609480",12,110057019,"T","C",0.803506,-0.00648037,0.00129543,6.1e-07,"Daytime Sleepness",TRUE,"reported","yheZsd"
"10670878","rs1846644",12,117938380,"T","C",0.590849,-0.0113557,0.00104469,1.8e-27,"Daytime Sleepness",TRUE,"reported","yheZsd"
"10702732","rs75558206",12,124387669,"C","T",0.971982,-0.0146784,0.00310565,2.2e-06,"Daytime Sleepness",TRUE,"reported","yheZsd"
"10954141","rs7982022",13,54049003,"G","A",0.562517,-0.0057991,0.00105449,4.4e-08,"Daytime Sleepness",TRUE,"reported","yheZsd"
"10974848","rs9537914",13,58586711,"T","A",0.765165,0.00634661,0.00121025,1.8e-07,"Daytime Sleepness",TRUE,"reported","yheZsd"
"11190770","rs9556923",13,98922590,"A","G",0.749642,0.00553812,0.00119551,2.5e-06,"Daytime Sleepness",TRUE,"reported","yheZsd"
"11314503","rs4982863",14,24627983,"T","C",0.79578,-0.00626005,0.00131766,1.9e-06,"Daytime Sleepness",TRUE,"reported","yheZsd"
"11359631","rs1956002",14,33410749,"A","C",0.80874,-0.00624797,0.00130483,1.5e-06,"Daytime Sleepness",TRUE,"reported","yheZsd"
"11616243","rs8015449",14,82161860,"A","G",0.538612,0.00597228,0.0010316,6.2e-09,"Daytime Sleepness",TRUE,"reported","yheZsd"
"11660244","rs242740",14,90087456,"G","A",0.790826,0.00680909,0.0013044,1.6e-07,"Daytime Sleepness",TRUE,"reported","yheZsd"
"11811558","rs905438",15,32096991,"A","G",0.615882,0.00493645,0.00105742,3.7e-06,"Daytime Sleepness",TRUE,"reported","yheZsd"
"11997600","rs11631200",15,67916400,"G","A",0.508436,0.00476951,0.00103261,4.2e-06,"Daytime Sleepness",TRUE,"reported","yheZsd"
"12030754","rs2472297",15,75027880,"C","T",0.734689,0.00637313,0.00116124,4.8e-08,"Daytime Sleepness",TRUE,"reported","yheZsd"
"12068348","rs17356118",15,83237899,"A","G",0.76879,-0.00759808,0.00121728,3.2e-10,"Daytime Sleepness",TRUE,"reported","yheZsd"
"12333507","rs886114",16,23865986,"C","T",0.357313,0.00582799,0.00107114,5.4e-08,"Daytime Sleepness",TRUE,"reported","yheZsd"
"12454574","rs4563036",16,61735440,"A","C",0.628014,-0.00522123,0.00106402,1.2e-06,"Daytime Sleepness",TRUE,"reported","yheZsd"
"12498448","rs1862816",16,71354004,"A","G",0.702276,-0.00605365,0.00112668,8.2e-08,"Daytime Sleepness",TRUE,"reported","yheZsd"
"12582415","rs8056277",16,82570422,"G","C",0.863964,0.00734176,0.00151325,1.1e-06,"Daytime Sleepness",TRUE,"reported","yheZsd"
"12644691","rs3743860",16,89818491,"T","C",0.58329,-0.00510392,0.00104207,1e-06,"Daytime Sleepness",TRUE,"reported","yheZsd"
"12760495","rs11078398",17,17697099,"G","A",0.743669,0.00731193,0.00123757,3.8e-09,"Daytime Sleepness",TRUE,"reported","yheZsd"
"12910765","rs7207582",17,44210933,"A","G",0.771994,0.00834668,0.0012248,1.2e-11,"Daytime Sleepness",TRUE,"reported","yheZsd"
"12985727","rs8078041",17,55670575,"C","T",0.972764,-0.0150076,0.00315975,2e-06,"Daytime Sleepness",TRUE,"reported","yheZsd"
"13301027","rs1219964",18,25713221,"T","C",0.712028,0.00561168,0.00113927,7.6e-07,"Daytime Sleepness",TRUE,"reported","yheZsd"
"13395468","rs2048522",18,44800515,"A","T",0.565381,0.00545057,0.00104757,2.2e-07,"Daytime Sleepness",TRUE,"reported","yheZsd"
"13699938","rs916791",19,18724157,"G","A",0.551037,-0.00486317,0.00103738,2.9e-06,"Daytime Sleepness",TRUE,"reported","yheZsd"
"13816527","rs141244775",19,42655209,"C","G",0.957988,0.013867,0.00260835,1.2e-07,"Daytime Sleepness",TRUE,"reported","yheZsd"
"13915503","rs56268519",19,59045904,"G","A",0.682347,0.00569713,0.0011034,2.3e-07,"Daytime Sleepness",TRUE,"reported","yheZsd"
"14052277","rs2983543",20,23935085,"A","G",0.0293667,0.0144079,0.00304211,2.5e-06,"Daytime Sleepness",TRUE,"reported","yheZsd"
"14418553","rs4920154",21,44216465,"G","A",0.0394523,-0.0123655,0.00263703,2.1e-06,"Daytime Sleepness",TRUE,"reported","yheZsd"
"14522381","rs2006648",22,32081929,"T","C",0.509748,-0.00485401,0.00102763,2.5e-06,"Daytime Sleepness",TRUE,"reported","yheZsd"
"14597214","rs5766221",22,45340790,"G","T",0.708085,0.00538236,0.00113951,2.5e-06,"Daytime Sleepness",TRUE,"reported","yheZsd"
"14636678","rs148606436",22,50738953,"C","G",0.990071,-0.0251732,0.00524618,1.4e-06,"Daytime Sleepness",TRUE,"reported","yheZsd"
