"","chr.exposure","SNP","pos.exposure","effect_allele.exposure","other_allele.exposure","eaf.exposure","beta.exposure","se.exposure","pval.exposure","ncase.exposure","ncontrol.exposure","exposure","mr_keep.exposure","pval_origin.exposure","samplesize.exposure","id.exposure"
"739424",12,"rs117321479",23775967,"G","A",0.0277,0.127900569252066,0.0243,1.358e-07,20812,20812,"Hoarding syndrome",TRUE,"reported",41624,"EnZbqw"
"1715213",7,"rs140240461",85100327,"C","T",0.0179,-0.154900961217962,0.0327,2.26e-06,15594,15594,"Hoarding syndrome",TRUE,"reported",31188,"EnZbqw"
"4074095",2,"rs34561714",220192653,"G","A",0.045,0.0988040690585806,0.0209,2.309e-06,15594,15594,"Hoarding syndrome",TRUE,"reported",31188,"EnZbqw"
"4577532",17,"rs72838240",60701586,"A","G",0.0532,-0.0917973569973717,0.0191,1.523e-06,15594,15594,"Hoarding syndrome",TRUE,"reported",31188,"EnZbqw"
"5220401",7,"rs62467945",114508802,"T","A",0.223,0.0416984103556758,0.009,3.526e-06,22433,22433,"Hoarding syndrome",TRUE,"reported",44866,"EnZbqw"
"5609939",18,"rs72927972",51528445,"A","C",0.165,0.0461963268897065,0.0094,9.091e-07,27651,27651,"Hoarding syndrome",TRUE,"reported",55302,"EnZbqw"
"5683983",19,"rs77954641",33789608,"T","G",0.134,-0.0475948788076838,0.0103,3.693e-06,27651,27651,"Hoarding syndrome",TRUE,"reported",55302,"EnZbqw"
"5935880",1,"rs7534613",58971420,"C","T",0.0176,-0.155496585151624,0.0332,2.8e-06,15594,15594,"Hoarding syndrome",TRUE,"reported",31188,"EnZbqw"
"6085495",2,"rs12713570",66875719,"G","A",0.433,-0.0341050206499513,0.007,1.282e-06,27651,27651,"Hoarding syndrome",TRUE,"reported",55302,"EnZbqw"
"6300076",2,"rs7567224",125107948,"C","T",0.411,-0.0349020520092649,0.0071,7.695e-07,27651,27651,"Hoarding syndrome",TRUE,"reported",55302,"EnZbqw"
