"","chr.exposure","pos.exposure","SNP","effect_allele.exposure","other_allele.exposure","eaf.exposure","beta.exposure","se.exposure","pval.exposure","samplesize.exposure","exposure","mr_keep.exposure","pval_origin.exposure","id.exposure"
"353574",10,104913940,"rs74233809","T","C",0.92,0.2407,0.0442,5.366e-08,13939.608,"Intracranial aneurysm",TRUE,"reported","ucGBz8"
"353649",10,104952499,"rs79780963","T","C",0.0791,-0.2522,0.0445,1.489e-08,13939.608,"Intracranial aneurysm",TRUE,"reported","ucGBz8"
"723459",11,4730320,"rs10836510","T","C",0.4882,-0.1105,0.0241,4.536e-06,13939.608,"Intracranial aneurysm",TRUE,"reported","ucGBz8"
"1036405",12,95490999,"rs7137731","T","C",0.6501,-0.1516,0.0222,8.139e-12,20843.617,"Intracranial aneurysm",TRUE,"reported","ucGBz8"
"1100233",13,33704065,"rs3742321","T","C",0.7617,-0.1654,0.0249,2.936e-11,20843.617,"Intracranial aneurysm",TRUE,"reported","ucGBz8"
"1463888",15,78814046,"rs10519203","A","G",0.6204,-0.126,0.0222,1.31e-08,20843.617,"Intracranial aneurysm",TRUE,"reported","ucGBz8"
"1504628",16,12655233,"rs12925894","A","G",0.7948,-0.1563,0.0323,1.261e-06,11447.829,"Intracranial aneurysm",TRUE,"reported","ucGBz8"
"1578225",16,75312548,"rs11646044","T","G",0.5417,-0.1537,0.0266,7.857e-09,11447.829,"Intracranial aneurysm",TRUE,"reported","ucGBz8"
"1721024",18,20223695,"rs11661542","A","C",0.5109,-0.1829,0.0234,5.985e-15,13939.608,"Intracranial aneurysm",TRUE,"reported","ucGBz8"
"2073916",2,198183191,"rs36071109","A","C",0.3555,0.1298,0.024,6.226e-08,18351.838,"Intracranial aneurysm",TRUE,"reported","ucGBz8"
"2374766",20,57714767,"rs459588","A","C",0.8575,-0.1545,0.0326,2.092e-06,18351.838,"Intracranial aneurysm",TRUE,"reported","ucGBz8"
"2423070",21,35600505,"rs9980618","T","C",0.1351,0.1654,0.033,5.253e-07,18351.838,"Intracranial aneurysm",TRUE,"reported","ucGBz8"
"2461654",22,30343186,"rs39713","T","C",0.086,0.2015,0.0374,7.037e-08,20843.617,"Intracranial aneurysm",TRUE,"reported","ucGBz8"
"2928279",4,148252916,"rs62343027","A","G",0.029,0.3492,0.0724,1.427e-06,13939.608,"Intracranial aneurysm",TRUE,"reported","ucGBz8"
"2928433",4,148378225,"rs59415853","A","G",0.1279,-0.2808,0.0355,2.555e-15,13939.608,"Intracranial aneurysm",TRUE,"reported","ucGBz8"
"3083804",4,54591399,"rs2616407","T","C",0.7836,-0.171,0.0316,6.212e-08,11447.829,"Intracranial aneurysm",TRUE,"reported","ucGBz8"
"3136940",4,81162884,"rs2903657","A","G",0.3538,0.1274,0.0252,4.452e-07,13939.608,"Intracranial aneurysm",TRUE,"reported","ucGBz8"
"3152949",4,90205253,"rs12640416","A","C",0.5759,-0.1278,0.0266,1.5e-06,11447.829,"Intracranial aneurysm",TRUE,"reported","ucGBz8"
"3241362",5,131694077,"rs4705938","T","C",0.5555,0.135,0.0212,1.848e-10,20843.617,"Intracranial aneurysm",TRUE,"reported","ucGBz8"
"3566237",6,14427091,"rs7453123","T","C",0.6089,0.1073,0.0234,4.62e-06,18351.838,"Intracranial aneurysm",TRUE,"reported","ucGBz8"
"3761181",6,97020917,"rs9285393","A","C",0.2244,0.1732,0.0352,8.614e-07,9594.93,"Intracranial aneurysm",TRUE,"reported","ucGBz8"
"4208500",8,55454506,"rs6997005","A","G",0.4145,0.1452,0.0216,1.807e-11,20843.617,"Intracranial aneurysm",TRUE,"reported","ucGBz8"
"4375134",9,16851678,"rs4961501","T","G",0.3374,0.1629,0.0329,7.566e-07,10364.298,"Intracranial aneurysm",TRUE,"reported","ucGBz8"
"4387057",9,22103341,"rs1537373","T","G",0.5156,-0.1964,0.0215,5.577e-20,20843.617,"Intracranial aneurysm",TRUE,"reported","ucGBz8"
