"","SNP","chr.exposure","pos.exposure","effect_allele.exposure","other_allele.exposure","beta.exposure","se.exposure","pval.exposure","exposure","mr_keep.exposure","pval_origin.exposure","id.exposure","eaf.exposure"
"66517","rs2672592",10,124230750,"G","T",0.1124,0.0219,2.926e-07,"Lacunar stroke",TRUE,"reported","pSbSg9",NA
"381091","rs284279",1,10789697,"C","T",-0.1009,0.0218,3.528e-06,"Lacunar stroke",TRUE,"reported","pSbSg9",NA
"488499","rs10894415",11,131461473,"C","A",-0.1104,0.0213,2.276e-07,"Lacunar stroke",TRUE,"reported","pSbSg9",NA
"626553","rs2293576",11,47434986,"G","A",0.1351,0.0219,7.218e-10,"Lacunar stroke",TRUE,"reported","pSbSg9",NA
"971846","rs11066320",12,112906415,"G","A",-0.1045,0.021,6.1e-07,"Lacunar stroke",TRUE,"reported","pSbSg9",NA
"1294196","rs117675011",12,65339489,"G","A",0.5103,0.1118,4.986e-06,"Lacunar stroke",TRUE,"reported","pSbSg9",NA
"1431959","rs11838776",13,111040681,"G","A",-0.1068,0.0232,4.329e-06,"Lacunar stroke",TRUE,"reported","pSbSg9",NA
"1678469","rs3783016",13,99048026,"C","T",0.1371,0.0269,3.408e-07,"Lacunar stroke",TRUE,"reported","pSbSg9",NA
"1786838","rs150985062",1,44923754,"C","A",-0.3402,0.0737,3.923e-06,"Lacunar stroke",TRUE,"reported","pSbSg9",NA
"1886761","rs74939004",14,84843923,"C","T",-0.3871,0.0795,1.124e-06,"Lacunar stroke",TRUE,"reported","pSbSg9",NA
"2177765","rs8051319",16,15886948,"C","T",0.1052,0.0224,2.607e-06,"Lacunar stroke",TRUE,"reported","pSbSg9",NA
"2363679","rs111892413",16,85534798,"C","T",-0.3745,0.0798,2.682e-06,"Lacunar stroke",TRUE,"reported","pSbSg9",NA
"2373064","rs12445022",16,87575332,"G","A",-0.1212,0.0217,2.478e-08,"Lacunar stroke",TRUE,"reported","pSbSg9",NA
"2719036","rs9958650",18,5389832,"G","A",0.1672,0.0342,9.875e-07,"Lacunar stroke",TRUE,"reported","pSbSg9",NA
"3394616","rs11685043",2,158526521,"G","A",0.1246,0.0254,9.099e-07,"Lacunar stroke",TRUE,"reported","pSbSg9",NA
"3512483","rs72934535",2,203968973,"C","T",-0.22,0.0373,3.719e-09,"Lacunar stroke",TRUE,"reported","pSbSg9",NA
"3861118","rs4852784",2,71645890,"G","C",0.1109,0.0235,2.278e-06,"Lacunar stroke",TRUE,"reported","pSbSg9",NA
"3911949","rs143258511",2,98794868,"C","T",0.4401,0.0929,2.184e-06,"Lacunar stroke",TRUE,"reported","pSbSg9",NA
"4197688","rs628893",3,20524179,"G","C",-0.1061,0.0222,1.782e-06,"Lacunar stroke",TRUE,"reported","pSbSg9",NA
"4265759","rs7632387",3,41853161,"C","T",0.1493,0.0285,1.615e-07,"Lacunar stroke",TRUE,"reported","pSbSg9",NA
"4334101","rs62259102",3,67108118,"G","A",0.1821,0.0352,2.406e-07,"Lacunar stroke",TRUE,"reported","pSbSg9",NA
"5245358","rs77754964",5,51356355,"C","T",0.1887,0.0398,2.152e-06,"Lacunar stroke",TRUE,"reported","pSbSg9",NA
"5322135","rs386403",5,79901688,"C","T",-0.1679,0.0357,2.603e-06,"Lacunar stroke",TRUE,"reported","pSbSg9",NA
"5473877","rs7766042",6,1366718,"C","T",0.1638,0.0354,3.653e-06,"Lacunar stroke",TRUE,"reported","pSbSg9",NA
"6145547","rs6959607",7,5928005,"G","A",0.2479,0.0521,1.96e-06,"Lacunar stroke",TRUE,"reported","pSbSg9",NA
"6157811","rs140174457",7,66642644,"G","A",0.3245,0.0686,2.264e-06,"Lacunar stroke",TRUE,"reported","pSbSg9",NA
"6175071","rs117175143",7,71798149,"G","A",-0.3099,0.067,3.786e-06,"Lacunar stroke",TRUE,"reported","pSbSg9",NA
"6499209","rs76150631",8,5105350,"C","T",0.1306,0.0273,1.787e-06,"Lacunar stroke",TRUE,"reported","pSbSg9",NA
"6700123","rs113125225",9,118222168,"C","T",-0.2528,0.0521,1.232e-06,"Lacunar stroke",TRUE,"reported","pSbSg9",NA
"6783599","rs7033217",9,21081432,"G","A",-0.1219,0.0259,2.48e-06,"Lacunar stroke",TRUE,"reported","pSbSg9",NA
