"","effect_allele.exposure","other_allele.exposure","eaf.exposure","beta.exposure","se.exposure","pval.exposure","ncase.exposure","ncontrol.exposure","chr.exposure","SNP","exposure","mr_keep.exposure","pval_origin.exposure","samplesize.exposure","id.exposure"
"21","A","G",0.4436,-0.1248,0.0169,1.492e-13,33674,449056,"4","rs4389574","Parkinson Disease",TRUE,"reported",482730,"sRrIO6"
"64","A","T",0.2039,0.1078,0.0223,1.279e-06,33674,449056,"4","rs935974","Parkinson Disease",TRUE,"reported",482730,"sRrIO6"
"346","T","C",0.0182,0.3901,0.0796,9.426e-07,33674,449056,"1","rs114797774","Parkinson Disease",TRUE,"reported",482730,"sRrIO6"
"352","A","T",0.0199,0.4186,0.0852,8.909e-07,26421,442271,"18","rs145217940","Parkinson Disease",TRUE,"reported",468692,"sRrIO6"
"475","T","G",0.8174,0.1596,0.0219,3.185e-13,33674,449056,"3","rs10513789","Parkinson Disease",TRUE,"reported",482730,"sRrIO6"
"545","T","C",0.7771,0.2383,0.025,1.363e-21,33674,449056,"17","rs58879558","Parkinson Disease",TRUE,"reported",482730,"sRrIO6"
"586","A","G",0.5664,-0.0941,0.0172,4.598e-08,33674,449056,"17","rs2285582","Parkinson Disease",TRUE,"reported",482730,"sRrIO6"
"734","T","C",0.1329,0.1763,0.0248,1.144e-12,33674,449056,"2","rs1474055","Parkinson Disease",TRUE,"reported",482730,"sRrIO6"
"742","T","G",0.5493,0.1233,0.0175,2.087e-12,33674,449056,"2","rs6741007","Parkinson Disease",TRUE,"reported",482730,"sRrIO6"
"921","C","G",0.3384,-0.1196,0.0185,9.747e-11,33674,449056,"16","rs8052245","Parkinson Disease",TRUE,"reported",482730,"sRrIO6"
"1198","A","G",0.018,0.4192,0.0665,2.829e-10,33674,449056,"10","rs117896735","Parkinson Disease",TRUE,"reported",482730,"sRrIO6"
"1245","A","G",0.8784,0.1275,0.0259,8.715e-07,33674,449056,"16","rs34679758","Parkinson Disease",TRUE,"reported",482730,"sRrIO6"
"1318","A","G",0.9705,-0.2706,0.0558,1.267e-06,33674,449056,"3","rs73032517","Parkinson Disease",TRUE,"reported",482730,"sRrIO6"
"1528","T","C",0.77,-0.1032,0.0216,1.853e-06,33674,449056,"1","rs61835654","Parkinson Disease",TRUE,"reported",482730,"sRrIO6"
"1539","T","C",0.4285,0.082,0.017,1.32e-06,33674,449056,"16","rs12929797","Parkinson Disease",TRUE,"reported",482730,"sRrIO6"
"1744","T","C",0.1714,-0.1481,0.0309,1.583e-06,26421,442271,"17","rs74676292","Parkinson Disease",TRUE,"reported",468692,"sRrIO6"
"1746","A","C",0.4683,0.1047,0.0169,5.437e-10,33674,449056,"11","rs510306","Parkinson Disease",TRUE,"reported",482730,"sRrIO6"
"1747","T","G",0.1794,0.1459,0.0234,4.453e-10,33674,449056,"1","rs2153904","Parkinson Disease",TRUE,"reported",482730,"sRrIO6"
"1788","T","C",0.9638,-0.2902,0.0599,1.246e-06,26421,442271,"2","rs6715875","Parkinson Disease",TRUE,"reported",468692,"sRrIO6"
"1808","A","G",0.5661,0.0897,0.018,6.083e-07,33674,449056,"12","rs11060180","Parkinson Disease",TRUE,"reported",482730,"sRrIO6"
"1833","T","C",0.8094,-0.1137,0.0213,9.775e-08,33674,449056,"18","rs9962882","Parkinson Disease",TRUE,"reported",482730,"sRrIO6"
"1872","A","G",0.0191,0.7508,0.0659,5.022e-30,33674,449056,"1","rs35749011","Parkinson Disease",TRUE,"reported",482730,"sRrIO6"
"2017","A","C",0.68,0.0894,0.0182,8.768e-07,33674,449056,"20","rs2295547","Parkinson Disease",TRUE,"reported",482730,"sRrIO6"
"2057","A","G",0.9692,-0.3164,0.067,2.298e-06,26933,442553,"6","rs41286192","Parkinson Disease",TRUE,"reported",469486,"sRrIO6"
"2141","T","C",0.3907,0.0808,0.0174,3.249e-06,33674,449056,"2","rs4851487","Parkinson Disease",TRUE,"reported",482730,"sRrIO6"
"2253","T","C",0.1766,0.1157,0.0233,6.565e-07,33674,449056,"3","rs9840232","Parkinson Disease",TRUE,"reported",482730,"sRrIO6"
"2268","A","G",0.2898,0.1001,0.0211,2.005e-06,33674,449056,"21","rs2248244","Parkinson Disease",TRUE,"reported",482730,"sRrIO6"
