"","SNP","chr.exposure","pos.exposure","effect_allele.exposure","other_allele.exposure","eaf.exposure","beta.exposure","se.exposure","pval.exposure","samplesize.exposure","exposure","mr_keep.exposure","pval_origin.exposure","id.exposure"
"73324","rs74575771",1,23817593,"A","C",0.053,-0.1895,0.039,1.19e-06,5727,"Sleep apnea",TRUE,"reported","vjDcIM"
"1014453","rs7588766",2,107864129,"A","G",0.021,-0.2886,0.0616,2.83e-06,5727,"Sleep apnea",TRUE,"reported","vjDcIM"
"3040379","rs142066837",5,106831779,"A","C",0.027,0.258,0.055,2.7e-06,5727,"Sleep apnea",TRUE,"reported","vjDcIM"
"4573012","rs75546795",8,31415401,"T","C",0.091,0.1468,0.0302,1.197e-06,5727,"Sleep apnea",TRUE,"reported","vjDcIM"
"5536510","rs17476364",10,71094504,"T","C",0.906,0.1408,0.0305,3.786e-06,5727,"Sleep apnea",TRUE,"reported","vjDcIM"
"6748016","rs609484",13,56147008,"A","G",0.708,0.0911,0.0193,2.311e-06,5727,"Sleep apnea",TRUE,"reported","vjDcIM"
"7555265","rs8049074",16,13977766,"C","G",0.124,0.1258,0.0268,2.725e-06,5727,"Sleep apnea",TRUE,"reported","vjDcIM"
"8359240","rs8106521",19,39683715,"A","G",0.652,0.0856,0.0181,2.216e-06,5727,"Sleep apnea",TRUE,"reported","vjDcIM"
"8696047","rs2211701",21,36113750,"C","G",0.716,-0.091,0.0197,3.661e-06,5727,"Sleep apnea",TRUE,"reported","vjDcIM"
