"","SNP","effect_allele.exposure","other_allele.exposure","eaf.exposure","beta.exposure","se.exposure","pval.exposure","exposure","mr_keep.exposure","pval_origin.exposure","id.exposure"
"326776","rs11957829","A","G",0.8315,0.0616,0.0128,1.513e-06,"Stroke",TRUE,"reported","4whOku"
"347242","rs4942561","T","G",0.7581,0.064,0.0107,2.048e-09,"Stroke",TRUE,"reported","4whOku"
"629214","rs2107595","A","G",0.1671,0.0803,0.0121,3.586e-11,"Stroke",TRUE,"reported","4whOku"
"752103","rs79280766","A","G",0.0362,0.1434,0.0303,2.197e-06,"Stroke",TRUE,"reported","4whOku"
"889716","rs72889922","A","G",0.015,0.2504,0.0535,2.912e-06,"Stroke",TRUE,"reported","4whOku"
"947839","rs36053597","T","C",0.1688,0.061,0.0121,4.553e-07,"Stroke",TRUE,"reported","4whOku"
"1465026","rs7294375","T","G",0.7289,-0.053,0.0104,3.33e-07,"Stroke",TRUE,"reported","4whOku"
"1606089","rs1549758","T","C",0.3125,0.0532,0.0104,3.109e-07,"Stroke",TRUE,"reported","4whOku"
"1781112","rs42039","T","C",0.2455,-0.0574,0.011,1.645e-07,"Stroke",TRUE,"reported","4whOku"
"1796452","rs650724","A","G",0.0938,-0.0793,0.0167,2.174e-06,"Stroke",TRUE,"reported","4whOku"
"1802679","rs7219031","A","G",0.1933,0.0596,0.0116,2.585e-07,"Stroke",TRUE,"reported","4whOku"
"1805753","rs6872625","T","G",0.2381,0.051,0.0111,4.206e-06,"Stroke",TRUE,"reported","4whOku"
"1883957","rs7124178","T","C",0.7523,-0.0524,0.0107,8.982e-07,"Stroke",TRUE,"reported","4whOku"
"1976444","rs28441665","T","C",0.928,-0.0852,0.0181,2.346e-06,"Stroke",TRUE,"reported","4whOku"
"2051540","rs75630045","A","G",0.0144,0.2002,0.043,3.293e-06,"Stroke",TRUE,"reported","4whOku"
"2340450","rs1537375","T","C",0.4979,-0.0519,0.0091,1.241e-08,"Stroke",TRUE,"reported","4whOku"
"2432786","rs1537407","T","C",0.7984,-0.0662,0.0131,4.477e-07,"Stroke",TRUE,"reported","4whOku"
"2468314","rs79332111","T","C",0.8805,-0.0661,0.0145,4.853e-06,"Stroke",TRUE,"reported","4whOku"
"3221635","rs34311906","T","C",0.5989,-0.0548,0.0108,3.635e-07,"Stroke",TRUE,"reported","4whOku"
"3436459","rs72699046","C","G",0.0824,0.0897,0.0171,1.53e-07,"Stroke",TRUE,"reported","4whOku"
"3445963","rs35276016","T","C",0.0851,0.0984,0.0184,9.308e-08,"Stroke",TRUE,"reported","4whOku"
"3472521","rs4151702","C","G",0.2,-0.0551,0.0117,2.626e-06,"Stroke",TRUE,"reported","4whOku"
"3805973","rs4886564","T","C",0.8701,-0.0653,0.0138,2.367e-06,"Stroke",TRUE,"reported","4whOku"
"4009055","rs475937","A","C",0.1318,0.0757,0.0137,2.916e-08,"Stroke",TRUE,"reported","4whOku"
"4061164","rs34416434","T","C",0.0472,-0.1155,0.0239,1.389e-06,"Stroke",TRUE,"reported","4whOku"
"4347804","rs11150529","T","G",0.446,0.0455,0.0097,2.516e-06,"Stroke",TRUE,"reported","4whOku"
"4851219","rs2978551","T","C",0.339,0.0446,0.0096,3.389e-06,"Stroke",TRUE,"reported","4whOku"
"4960696","rs57269940","T","C",0.2773,0.0499,0.0108,3.852e-06,"Stroke",TRUE,"reported","4whOku"
"5021463","rs2060213","T","C",0.7556,-0.0523,0.0108,1.283e-06,"Stroke",TRUE,"reported","4whOku"
"5160133","rs12562305","A","G",0.0722,0.0882,0.0188,2.604e-06,"Stroke",TRUE,"reported","4whOku"
"5305872","rs12630390","A","G",0.0407,0.1184,0.0256,3.719e-06,"Stroke",TRUE,"reported","4whOku"
"5362574","rs9668073","T","G",0.5857,0.0431,0.0093,3.965e-06,"Stroke",TRUE,"reported","4whOku"
"5641137","rs11242678","T","C",0.2551,0.0643,0.0105,8.708e-10,"Stroke",TRUE,"reported","4whOku"
"5776077","rs2585193","A","G",0.6842,0.0504,0.0098,2.451e-07,"Stroke",TRUE,"reported","4whOku"
"6054231","rs2634074","A","T",0.7885,-0.084,0.0112,6.558e-14,"Stroke",TRUE,"reported","4whOku"
"6064928","rs10937513","A","C",0.061,0.0989,0.0197,5.023e-07,"Stroke",TRUE,"reported","4whOku"
"6400329","rs635634","T","C",0.1907,0.0685,0.0126,6.032e-08,"Stroke",TRUE,"reported","4whOku"
"6675168","rs147861947","A","G",0.9631,0.1342,0.0293,4.512e-06,"Stroke",TRUE,"reported","4whOku"
"6701041","rs8103309","T","C",0.6554,0.0522,0.0103,3.702e-07,"Stroke",TRUE,"reported","4whOku"
"6710274","rs9386182","A","T",0.4968,-0.0467,0.0102,4.224e-06,"Stroke",TRUE,"reported","4whOku"
"6714187","rs2066864","A","G",0.2455,0.0562,0.0106,1.288e-07,"Stroke",TRUE,"reported","4whOku"
"7060512","rs11587860","C","G",0.3545,-0.0689,0.0098,2.542e-12,"Stroke",TRUE,"reported","4whOku"
"7108622","rs4556502","A","T",0.0325,0.1383,0.0285,1.23e-06,"Stroke",TRUE,"reported","4whOku"
"7135492","rs2284665","T","G",0.2145,-0.0602,0.0111,5.986e-08,"Stroke",TRUE,"reported","4whOku"
"7146323","rs10774624","A","G",0.5285,-0.0654,0.0094,4.042e-12,"Stroke",TRUE,"reported","4whOku"
"7204165","rs117426542","A","G",0.0309,0.1487,0.031,1.564e-06,"Stroke",TRUE,"reported","4whOku"
"7450174","rs12445022","A","G",0.3346,0.052,0.0098,1.026e-07,"Stroke",TRUE,"reported","4whOku"
"7468732","rs147076266","A","G",0.9845,-0.2051,0.0443,3.558e-06,"Stroke",TRUE,"reported","4whOku"
"7920180","rs7549874","T","C",0.2868,0.0495,0.0104,2.072e-06,"Stroke",TRUE,"reported","4whOku"
"7989412","rs17035646","A","G",0.3514,0.0522,0.0096,6.123e-08,"Stroke",TRUE,"reported","4whOku"
"8187471","rs10883926","A","G",0.6028,0.0503,0.0094,8.15e-08,"Stroke",TRUE,"reported","4whOku"
