"","SNP","chr.exposure","pos.exposure","effect_allele.exposure","other_allele.exposure","se.exposure","pval.exposure","beta.exposure","exposure","mr_keep.exposure","pval_origin.exposure","id.exposure","eaf.exposure"
"15748","rs35846931",8,12538356,"C","G",0.1773,4.052e-06,0.81709782402757,"Tourette syndrome",TRUE,"reported","FUdbJO",NA
"201037","rs72734943",9,77830156,"A","G",0.1557,4.264e-06,0.71610169817213,"Tourette syndrome",TRUE,"reported","FUdbJO",NA
"351615","rs117648881",8,113581898,"A","G",0.1064,8.787e-07,-0.523200207413513,"Tourette syndrome",TRUE,"reported","FUdbJO",NA
"506280","rs2788499",7,158593257,"A","T",0.0874,3.351e-06,0.406398006156765,"Tourette syndrome",TRUE,"reported","FUdbJO",NA
"774427","rs4047771",4,178470898,"A","C",0.0299,2.661e-06,0.140500799787566,"Tourette syndrome",TRUE,"reported","FUdbJO",NA
"1238188","rs1865896",2,223333942,"A","G",0.0263,3.765e-06,-0.121500060240976,"Tourette syndrome",TRUE,"reported","FUdbJO",NA
"2254369","rs10846381",12,16752099,"A","T",0.0267,2.979e-06,-0.124900177532443,"Tourette syndrome",TRUE,"reported","FUdbJO",NA
"2799467","rs11075471",16,62436241,"T","C",0.1059,3.53e-06,-0.491000120914465,"Tourette syndrome",TRUE,"reported","FUdbJO",NA
"2827080","rs6670211",1,29576784,"A","C",0.0262,1.428e-06,-0.126300456116175,"Tourette syndrome",TRUE,"reported","FUdbJO",NA
"3215374","rs4430756",16,76993424,"T","C",0.0385,3.187e-06,0.179200023206722,"Tourette syndrome",TRUE,"reported","FUdbJO",NA
"3538570","rs148879093",12,96514618,"A","G",0.1835,3.373e-06,0.852498598786376,"Tourette syndrome",TRUE,"reported","FUdbJO",NA
"4305890","rs117780640",8,98320930,"C","G",0.0441,2.183e-06,0.208703798068073,"Tourette syndrome",TRUE,"reported","FUdbJO",NA
"4489300","rs12459560",19,52318380,"T","G",0.036,8.244e-07,0.177501626235415,"Tourette syndrome",TRUE,"reported","FUdbJO",NA
"5158710","rs72853320",6,36623338,"A","G",0.0383,1.655e-06,0.18339597939522,"Tourette syndrome",TRUE,"reported","FUdbJO",NA
"5696744","rs150975336",19,9106157,"C","G",0.1028,2.416e-06,-0.484599228672008,"Tourette syndrome",TRUE,"reported","FUdbJO",NA
"6060807","rs4886520",15,74016622,"T","C",0.0261,3.87e-06,-0.120699785237785,"Tourette syndrome",TRUE,"reported","FUdbJO",NA
"6140624","rs12703000",7,10350133,"A","T",0.0271,3.089e-06,0.126297793112629,"Tourette syndrome",TRUE,"reported","FUdbJO",NA
"6387744","rs66904072",15,82425865,"A","G",0.0704,2.638e-06,-0.330599316029653,"Tourette syndrome",TRUE,"reported","FUdbJO",NA
"6403809","rs73205493",4,2460571,"T","C",0.0314,1.789e-06,0.150099628244038,"Tourette syndrome",TRUE,"reported","FUdbJO",NA
"6633470","rs2504235",13,28612886,"A","G",0.0266,2.112e-08,0.149204180331127,"Tourette syndrome",TRUE,"reported","FUdbJO",NA
"6684372","rs191044310",10,23705451,"A","T",0.1185,1.475e-07,-0.622699900571311,"Tourette syndrome",TRUE,"reported","FUdbJO",NA
"7487040","rs77313409",16,50437451,"A","C",0.0927,2.499e-06,0.436698882205355,"Tourette syndrome",TRUE,"reported","FUdbJO",NA
"7862407","rs2708146",2,58955953,"A","G",0.026,3.236e-07,0.132702299021387,"Tourette syndrome",TRUE,"reported","FUdbJO",NA
"8012422","rs1906252",6,98550289,"A","C",0.0259,6.952e-07,-0.128499502416731,"Tourette syndrome",TRUE,"reported","FUdbJO",NA
