"","chr.exposure","pos.exposure","SNP","other_allele.exposure","effect_allele.exposure","beta.exposure","se.exposure","pval.exposure","samplesize.exposure","exposure","mr_keep.exposure","pval_origin.exposure","id.exposure","eaf.exposure"
"1",2,167986992,"rs6706173","C","A",0.0742509648657476,0.0146392338141419,1.99495466347515e-07,16020,"class.Gammaproteobacteria.id.3303",TRUE,"reported","KvI9IR",NA
"10",12,43572952,"rs11181912","A","G",-0.0579152552119798,0.0118796362656339,9.94762086887087e-07,16017,"class.Gammaproteobacteria.id.3303",TRUE,"reported","KvI9IR",NA
"29",8,115123937,"rs6469506","A","T",0.05414241613897,0.0116333069341892,3.2898166123523e-06,16023,"class.Gammaproteobacteria.id.3303",TRUE,"reported","KvI9IR",NA
"35",6,137612554,"rs9494710","T","C",-0.0549672529956779,0.0120923966452565,4.54606616549022e-06,15650,"class.Gammaproteobacteria.id.3303",TRUE,"reported","KvI9IR",NA
