"","chr.exposure","pos.exposure","SNP","other_allele.exposure","effect_allele.exposure","beta.exposure","se.exposure","pval.exposure","samplesize.exposure","exposure","mr_keep.exposure","pval_origin.exposure","id.exposure","eaf.exposure"
"1",3,14306949,"rs9864379","C","T",-0.159734554838251,0.0292552973949805,5.36059781887629e-08,5777,"class.Melainabacteria.id.1589",TRUE,"reported","koF6m5",NA
"15",16,80493705,"rs11150282","C","T",0.0989487499824154,0.0196971636625218,6.02891828343558e-07,5873,"class.Melainabacteria.id.1589",TRUE,"reported","koF6m5",NA
"39",1,230523039,"rs16851659","C","G",-0.0896103365383467,0.0186432302729744,1.27486815912671e-06,5884,"class.Melainabacteria.id.1589",TRUE,"reported","koF6m5",NA
"42",7,20010624,"rs73074665","T","A",0.166215674119107,0.0355727568917434,2.86607532341128e-06,5758,"class.Melainabacteria.id.1589",TRUE,"reported","koF6m5",NA
"44",9,115975389,"rs4129395","A","G",0.0896186903650387,0.0185105800208217,1.48056139207175e-06,5887,"class.Melainabacteria.id.1589",TRUE,"reported","koF6m5",NA
"46",15,100747683,"rs79790072","C","T",0.226721783433336,0.0487840538250943,3.29008796597896e-06,4107,"class.Melainabacteria.id.1589",TRUE,"reported","koF6m5",NA
