"","chr.exposure","pos.exposure","SNP","other_allele.exposure","effect_allele.exposure","beta.exposure","se.exposure","pval.exposure","samplesize.exposure","exposure","mr_keep.exposure","pval_origin.exposure","id.exposure","eaf.exposure"
"1",8,38803551,"rs62504403","T","C",0.0681158923407071,0.0127883386504578,1.12265018964053e-07,16981,"class.Erysipelotrichia.id.2147",TRUE,"reported","ToZuwz",NA
"6",18,5830507,"rs7234058","C","T",-0.0945758923829389,0.0194090825462235,9.12341463649835e-07,16874,"class.Erysipelotrichia.id.2147",TRUE,"reported","ToZuwz",NA
"8",13,40385457,"rs17530232","G","A",0.103049982291712,0.0224647543035211,2.79123142191505e-06,16622,"class.Erysipelotrichia.id.2147",TRUE,"reported","ToZuwz",NA
"9",3,195793712,"rs2300774","A","G",0.0524152009775202,0.0106783794459106,8.95466339032433e-07,18216,"class.Erysipelotrichia.id.2147",TRUE,"reported","ToZuwz",NA
"18",17,70327224,"rs35161940","C","T",-0.0806040556091446,0.0167640897377564,1.84509546544161e-06,18213,"class.Erysipelotrichia.id.2147",TRUE,"reported","ToZuwz",NA
"23",10,133897233,"rs10781552","T","C",-0.0552212361185999,0.0116074253551088,2.33114027478909e-06,17789,"class.Erysipelotrichia.id.2147",TRUE,"reported","ToZuwz",NA
"32",14,56156504,"rs8003149","T","C",0.0538797556086484,0.0116887901412977,4.08475070727283e-06,18213,"class.Erysipelotrichia.id.2147",TRUE,"reported","ToZuwz",NA
"42",14,48997206,"rs4078432","T","C",-0.0608929343716466,0.0133763631952753,4.23103750003848e-06,17789,"class.Erysipelotrichia.id.2147",TRUE,"reported","ToZuwz",NA
