"","chr.exposure","pos.exposure","SNP","other_allele.exposure","effect_allele.exposure","beta.exposure","se.exposure","pval.exposure","samplesize.exposure","exposure","mr_keep.exposure","pval_origin.exposure","id.exposure","eaf.exposure"
"1",8,10143164,"rs2952251","G","A",-0.0598867867493336,0.0123902722433435,1.07894917908389e-06,17360,"class.Bacilli.id.1673",TRUE,"reported","Kn8SAB",NA
"2",5,174173171,"rs77558518","G","A",-0.107254772366289,0.0222878752023409,1.33772200929986e-06,15836,"class.Bacilli.id.1673",TRUE,"reported","Kn8SAB",NA
"3",1,200418805,"rs57872228","T","C",-0.0714773356616873,0.0146646952055786,9.21976918011804e-07,17375,"class.Bacilli.id.1673",TRUE,"reported","Kn8SAB",NA
"5",16,991253,"rs35344081","A","G",0.0619528936526956,0.0127066463159058,1.01497562483071e-06,17374,"class.Bacilli.id.1673",TRUE,"reported","Kn8SAB",NA
"6",7,36349586,"rs78938557","C","T",0.108007224664914,0.0232857665024475,1.06891333455739e-06,15226,"class.Bacilli.id.1673",TRUE,"reported","Kn8SAB",NA
"7",4,98049499,"rs11730038","A","G",-0.0630746834241007,0.0128717370396616,1.96025424535054e-06,17377,"class.Bacilli.id.1673",TRUE,"reported","Kn8SAB",NA
"8",3,94153993,"rs76717940","A","T",0.156331483869623,0.0325945455122939,1.07250144767334e-06,8017,"class.Bacilli.id.1673",TRUE,"reported","Kn8SAB",NA
"13",3,4800550,"rs1962325","G","C",0.0554218680819311,0.0114789253953461,1.38433781634373e-06,17356,"class.Bacilli.id.1673",TRUE,"reported","Kn8SAB",NA
"14",6,67570929,"rs74352383","A","T",-0.104495633159308,0.0217083137950087,1.52751589495632e-06,16519,"class.Bacilli.id.1673",TRUE,"reported","Kn8SAB",NA
"15",13,24973509,"rs9581006","T","C",0.22530905432439,0.0467697047842467,1.79457700357559e-06,4253,"class.Bacilli.id.1673",TRUE,"reported","Kn8SAB",NA
"17",12,100585559,"rs11110282","G","A",-0.101189316290506,0.0217378828052513,4.85442265489451e-06,16026,"class.Bacilli.id.1673",TRUE,"reported","Kn8SAB",NA
"24",17,40835649,"rs4028634","C","T",0.0520614166569429,0.0109841630454299,2.2076002646079e-06,17377,"class.Bacilli.id.1673",TRUE,"reported","Kn8SAB",NA
"29",4,7431487,"rs4459992","C","T",0.0535854014625816,0.0116361814672868,4.29836295825829e-06,17362,"class.Bacilli.id.1673",TRUE,"reported","Kn8SAB",NA
