"","chr.exposure","pos.exposure","SNP","other_allele.exposure","effect_allele.exposure","beta.exposure","se.exposure","pval.exposure","samplesize.exposure","exposure","mr_keep.exposure","pval_origin.exposure","id.exposure","eaf.exposure"
"1",13,70523029,"rs55773148","A","G",-0.121513596767848,0.0236759029683016,3.89585078930472e-07,11349,"class.Bacteroidia.id.912",TRUE,"reported","iQgLa5",NA
"3",3,89339527,"rs7631304","A","G",-0.0645770531408065,0.0132957385442458,8.36781397274192e-07,18334,"class.Bacteroidia.id.912",TRUE,"reported","iQgLa5",NA
"21",17,6461200,"rs73975615","A","G",-0.20701789201534,0.0442633426153739,1.21615890989803e-06,3350,"class.Bacteroidia.id.912",TRUE,"reported","iQgLa5",NA
"37",14,59317502,"rs111845179","C","T",0.102647804394865,0.0213842813280857,9.23987878443804e-07,16393,"class.Bacteroidia.id.912",TRUE,"reported","iQgLa5",NA
"47",2,53831026,"rs2032750","C","T",-0.0508392764927297,0.0106807311325787,1.91508617848279e-06,17853,"class.Bacteroidia.id.912",TRUE,"reported","iQgLa5",NA
"69",1,176792690,"rs7546249","A","T",-0.0567112563708132,0.0118385895908363,1.5481396335415e-06,18333,"class.Bacteroidia.id.912",TRUE,"reported","iQgLa5",NA
"105",16,74290641,"rs929878","T","C",-0.0548532058638466,0.0121529540841487,4.73376821285955e-06,18334,"class.Bacteroidia.id.912",TRUE,"reported","iQgLa5",NA
"110",9,116888284,"rs13291169","G","C",0.0689675787497427,0.0148765010321504,3.74579018120455e-06,17513,"class.Bacteroidia.id.912",TRUE,"reported","iQgLa5",NA
