"","chr.exposure","pos.exposure","SNP","other_allele.exposure","effect_allele.exposure","beta.exposure","se.exposure","pval.exposure","samplesize.exposure","exposure","mr_keep.exposure","pval_origin.exposure","id.exposure","eaf.exposure"
"1",4,152131744,"rs6815608","C","T",0.103803178927405,0.0210882992549549,4.01857475026222e-07,16731,"class.Clostridia.id.1859",TRUE,"reported","W8BVoQ",NA
"2",21,40703251,"rs112334273","A","G",0.0641008116927255,0.0127403663613056,3.81407175387543e-07,18217,"class.Clostridia.id.1859",TRUE,"reported","W8BVoQ",NA
"3",4,161507301,"rs6814436","C","T",0.0739994805048434,0.0150815142256241,9.65097914383352e-07,18336,"class.Clostridia.id.1859",TRUE,"reported","W8BVoQ",NA
"4",18,48792829,"rs72915163","C","T",-0.058102510832874,0.0120557460101725,1.34294600866776e-06,18317,"class.Clostridia.id.1859",TRUE,"reported","W8BVoQ",NA
"5",14,52494072,"rs2273429","G","A",-0.072403727243411,0.0153104945245915,4.52135582345237e-06,18337,"class.Clostridia.id.1859",TRUE,"reported","W8BVoQ",NA
"6",12,5942519,"rs10774377","G","A",0.0526590075575969,0.0113858338043842,3.24401017890361e-06,18330,"class.Clostridia.id.1859",TRUE,"reported","W8BVoQ",NA
"10",5,149077788,"rs13179700","C","T",0.0511936668802236,0.0109568653813725,3.37083028357004e-06,18338,"class.Clostridia.id.1859",TRUE,"reported","W8BVoQ",NA
