"","chr.exposure","pos.exposure","SNP","other_allele.exposure","effect_allele.exposure","beta.exposure","se.exposure","pval.exposure","samplesize.exposure","exposure","mr_keep.exposure","pval_origin.exposure","id.exposure","eaf.exposure"
"1",2,136616754,"rs182549","T","C",0.111489457636552,0.0120659892001465,3.79005666430793e-20,16313,"class.Actinobacteria.id.419",TRUE,"reported","hdGu7e",NA
"327",1,207003553,"rs6660520","G","A",0.0711482708585258,0.0134495387497714,1.10652186422774e-07,16308,"class.Actinobacteria.id.419",TRUE,"reported","hdGu7e",NA
"388",16,81776768,"rs8047955","G","A",0.0575815497040898,0.011676216345728,8.33727204178622e-07,16306,"class.Actinobacteria.id.419",TRUE,"reported","hdGu7e",NA
"396",13,112859829,"rs7322849","C","T",0.0944466808134731,0.0192975980696832,6.20793642842728e-07,16313,"class.Actinobacteria.id.419",TRUE,"reported","hdGu7e",NA
"454",15,94852795,"rs72767435","C","T",-0.126352155578809,0.0273625975662218,2.56804336997666e-06,12898,"class.Actinobacteria.id.419",TRUE,"reported","hdGu7e",NA
"459",22,35567355,"rs134366","A","G",0.111876588900405,0.0235009749396161,1.50428209484322e-06,14302,"class.Actinobacteria.id.419",TRUE,"reported","hdGu7e",NA
"461",12,20378911,"rs10841473","C","G",-0.0583764689657296,0.012335330880131,2.59359599789056e-06,16311,"class.Actinobacteria.id.419",TRUE,"reported","hdGu7e",NA
"463",5,475408,"rs11745923","T","G",0.0563758629126231,0.0115529083776643,1.58131226647239e-06,16312,"class.Actinobacteria.id.419",TRUE,"reported","hdGu7e",NA
"493",10,126110032,"rs1515761","C","T",0.076231730501034,0.0169884018217099,4.96362140945887e-06,15525,"class.Actinobacteria.id.419",TRUE,"reported","hdGu7e",NA
"552",15,49208992,"rs12899991","T","A",0.0719923240652885,0.0154661078152604,4.02817668768898e-06,16182,"class.Actinobacteria.id.419",TRUE,"reported","hdGu7e",NA
