"","chr.exposure","pos.exposure","SNP","other_allele.exposure","effect_allele.exposure","beta.exposure","se.exposure","pval.exposure","samplesize.exposure","exposure","mr_keep.exposure","pval_origin.exposure","id.exposure","eaf.exposure"
"1",4,45642485,"rs4033856","T","C",0.0832422652652502,0.016723677405277,5.17165748646824e-07,15945,"class.Betaproteobacteria.id.2867",TRUE,"reported","C9XfFN",NA
"2",3,193456274,"rs2367850","C","G",0.064005972049515,0.0130374355162372,9.1176220377694e-07,16717,"class.Betaproteobacteria.id.2867",TRUE,"reported","C9XfFN",NA
"3",2,239888758,"rs12467854","C","G",0.0641362502594649,0.0131766251266272,1.09863237222013e-06,17038,"class.Betaproteobacteria.id.2867",TRUE,"reported","C9XfFN",NA
"4",20,30596130,"rs6087811","G","T",-0.0978177376981577,0.0198522012662304,7.44304721884373e-07,16184,"class.Betaproteobacteria.id.2867",TRUE,"reported","C9XfFN",NA
"10",5,173497796,"rs62395635","C","T",0.109740893459822,0.0236000203820535,2.94091443235913e-06,15108,"class.Betaproteobacteria.id.2867",TRUE,"reported","C9XfFN",NA
"11",7,111285025,"rs2613606","T","C",-0.051310588747841,0.0109091029016923,2.19816578088144e-06,17146,"class.Betaproteobacteria.id.2867",TRUE,"reported","C9XfFN",NA
"13",1,153240013,"rs1928341","G","A",0.0525580967889223,0.0110407841601289,2.0152916958752e-06,17150,"class.Betaproteobacteria.id.2867",TRUE,"reported","C9XfFN",NA
"15",9,84206018,"rs72747231","G","C",-0.137280671329485,0.0290337681410356,2.05510635139484e-06,11344,"class.Betaproteobacteria.id.2867",TRUE,"reported","C9XfFN",NA
"18",3,70592215,"rs11128180","G","A",0.0592944116737909,0.0128769228748097,3.67143765653378e-06,17151,"class.Betaproteobacteria.id.2867",TRUE,"reported","C9XfFN",NA
"30",4,23588462,"rs1511453","G","A",0.0923492456668957,0.0199158272522817,4.7576535599821e-06,17085,"class.Betaproteobacteria.id.2867",TRUE,"reported","C9XfFN",NA
"32",18,26569901,"rs9964679","G","A",0.0529110285262687,0.0114865910212846,4.84579935258587e-06,17151,"class.Betaproteobacteria.id.2867",TRUE,"reported","C9XfFN",NA
