"","chr.exposure","pos.exposure","SNP","other_allele.exposure","effect_allele.exposure","beta.exposure","se.exposure","pval.exposure","samplesize.exposure","exposure","mr_keep.exposure","pval_origin.exposure","id.exposure","eaf.exposure"
"1",3,13726736,"rs9813022","G","A",-0.075127704449122,0.015386652361298,1.05333345138301e-06,9593,"class.Alphaproteobacteria.id.2379",TRUE,"reported","frZTHJ",NA
"2",2,169033340,"rs76784716","G","A",0.13327129852031,0.0267737610045454,5.09140939407019e-07,9593,"class.Alphaproteobacteria.id.2379",TRUE,"reported","frZTHJ",NA
"3",9,95517807,"rs140912403","T","C",-0.160677132788545,0.0317707558663604,6.20362587839153e-07,8520,"class.Alphaproteobacteria.id.2379",TRUE,"reported","frZTHJ",NA
"7",1,14238305,"rs10803434","T","A",-0.0692742239134291,0.0148866303248895,3.5543376485524e-06,9115,"class.Alphaproteobacteria.id.2379",TRUE,"reported","frZTHJ",NA
