"","chr.exposure","pos.exposure","SNP","other_allele.exposure","effect_allele.exposure","beta.exposure","se.exposure","pval.exposure","samplesize.exposure","exposure","mr_keep.exposure","pval_origin.exposure","id.exposure","eaf.exposure"
"1",20,33694801,"rs6058181","T","C",0.0825715653635653,0.0165958193892764,3.39553994187571e-07,15100,"class.Deltaproteobacteria.id.3087",TRUE,"reported","Bt4Ckn",NA
"6",17,2856662,"rs4506934","T","C",-0.0936513618625062,0.0201200341683808,3.5888668946544e-06,15061,"class.Deltaproteobacteria.id.3087",TRUE,"reported","Bt4Ckn",NA
"7",9,81834426,"rs17791387","G","A",-0.0735881214341771,0.0154246232497218,1.60222509634856e-06,15071,"class.Deltaproteobacteria.id.3087",TRUE,"reported","Bt4Ckn",NA
"9",10,11855599,"rs11599763","C","T",-0.0544218833781303,0.0117396588677959,3.94123108343319e-06,15168,"class.Deltaproteobacteria.id.3087",TRUE,"reported","Bt4Ckn",NA
"10",9,15269705,"rs112381107","T","C",0.206594184288417,0.0456908149768398,4.63054210853148e-06,4457,"class.Deltaproteobacteria.id.3087",TRUE,"reported","Bt4Ckn",NA
"11",1,203991605,"rs2692012","G","A",0.110334899713198,0.0253335744958444,3.14186000068474e-06,13104,"class.Deltaproteobacteria.id.3087",TRUE,"reported","Bt4Ckn",NA
"12",15,96161065,"rs62020470","G","A",-0.0585411333876721,0.0129358483299474,4.85083976501122e-06,15168,"class.Deltaproteobacteria.id.3087",TRUE,"reported","Bt4Ckn",NA
