"","chr.exposure","pos.exposure","SNP","other_allele.exposure","effect_allele.exposure","beta.exposure","se.exposure","pval.exposure","samplesize.exposure","exposure","mr_keep.exposure","pval_origin.exposure","id.exposure","eaf.exposure"
"1",14,46519718,"rs74603314","C","T",0.221639278654774,0.0462917653779854,1.55689015115694e-06,4499,"class.Mollicutes.id.3920",TRUE,"reported","LnFjxr",NA
"3",8,59440824,"rs10108398","A","G",0.0769142148997625,0.0153952747324077,1.08999620076409e-06,10932,"class.Mollicutes.id.3920",TRUE,"reported","LnFjxr",NA
"5",2,157532549,"rs11890098","G","A",0.074438030540635,0.0153388579198131,9.56571303034204e-07,11392,"class.Mollicutes.id.3920",TRUE,"reported","LnFjxr",NA
"6",11,47103877,"rs72901605","C","T",-0.0841852374505514,0.0178119197664198,3.25789713839391e-06,10526,"class.Mollicutes.id.3920",TRUE,"reported","LnFjxr",NA
"9",1,109965986,"rs3768491","G","A",-0.0681051974734089,0.0149061101163454,4.23351772550451e-06,11002,"class.Mollicutes.id.3920",TRUE,"reported","LnFjxr",NA
"11",1,61850864,"rs12566890","G","T",-0.101147131791056,0.0230978446219969,3.65095225601527e-06,11371,"class.Mollicutes.id.3920",TRUE,"reported","LnFjxr",NA
"53",20,16259524,"rs6043847","C","T",-0.114937169898503,0.0248606017200305,4.55476361627412e-06,11130,"class.Mollicutes.id.3920",TRUE,"reported","LnFjxr",NA
