"","chr.exposure","pos.exposure","SNP","other_allele.exposure","effect_allele.exposure","beta.exposure","se.exposure","pval.exposure","samplesize.exposure","exposure","mr_keep.exposure","pval_origin.exposure","id.exposure","eaf.exposure"
"1",18,57672335,"rs78143293","G","A",-0.0848521270292302,0.0170415213923933,1.19563832061866e-06,13572,"family.Enterobacteriaceae.id.3469",TRUE,"reported","VQxki9",NA
"2",11,2563450,"rs111229068","T","A",0.110560882682411,0.0241718882624789,3.65356268499756e-06,12350,"family.Enterobacteriaceae.id.3469",TRUE,"reported","VQxki9",NA
"4",20,55340092,"rs62210023","G","A",0.0606753568476314,0.0130124970630269,3.13162875195599e-06,13515,"family.Enterobacteriaceae.id.3469",TRUE,"reported","VQxki9",NA
"8",2,42133542,"rs2374342","A","C",0.0582926527886235,0.0126194600497601,4.51618325391852e-06,13577,"family.Enterobacteriaceae.id.3469",TRUE,"reported","VQxki9",NA
