"","chr.exposure","pos.exposure","SNP","other_allele.exposure","effect_allele.exposure","beta.exposure","se.exposure","pval.exposure","samplesize.exposure","exposure","mr_keep.exposure","pval_origin.exposure","id.exposure","eaf.exposure"
"1",11,9316730,"rs4396289","T","C",-0.152917575095274,0.0288525324220802,1.53782353976253e-07,3913,"family.Victivallaceae.id.2255",TRUE,"reported","LqP917",NA
"6",7,57589803,"rs2944282","C","T",-0.124196623325255,0.025702577448202,1.56601264413451e-06,3555,"family.Victivallaceae.id.2255",TRUE,"reported","LqP917",NA
"7",7,146808977,"rs11764871","T","G",0.127099019958696,0.0256559828733204,7.49289166861556e-07,3909,"family.Victivallaceae.id.2255",TRUE,"reported","LqP917",NA
"8",2,60484909,"rs6545794","G","A",-0.197785619878533,0.041049540870068,5.97004607770826e-07,3916,"family.Victivallaceae.id.2255",TRUE,"reported","LqP917",NA
"17",5,94692439,"rs2546105","T","A",0.126643494725124,0.025711059028846,1.02501061980979e-06,3917,"family.Victivallaceae.id.2255",TRUE,"reported","LqP917",NA
"20",9,111086170,"rs62570196","T","C",-0.246101492410071,0.0483077156271041,2.69852153903567e-07,3091,"family.Victivallaceae.id.2255",TRUE,"reported","LqP917",NA
"25",10,95286954,"rs7077363","A","G",0.148942159891761,0.0318366217930646,2.83375935855348e-06,3912,"family.Victivallaceae.id.2255",TRUE,"reported","LqP917",NA
"39",2,2649472,"rs67832247","T","C",-0.123489124096538,0.0266695070307709,3.23800897313325e-06,3555,"family.Victivallaceae.id.2255",TRUE,"reported","LqP917",NA
"41",2,31211657,"rs61702987","C","T",0.145501293186444,0.0300007330024392,3.07921100447026e-06,3906,"family.Victivallaceae.id.2255",TRUE,"reported","LqP917",NA
"43",19,711637,"rs11671100","C","A",-0.160034432207544,0.0349472360870359,4.08042016919725e-06,3331,"family.Victivallaceae.id.2255",TRUE,"reported","LqP917",NA
