"","chr.exposure","pos.exposure","SNP","other_allele.exposure","effect_allele.exposure","beta.exposure","se.exposure","pval.exposure","samplesize.exposure","exposure","mr_keep.exposure","pval_origin.exposure","id.exposure","eaf.exposure"
"1",1,50088819,"rs12741784","T","C",-0.0621452337598689,0.011926611830465,1.28493752916447e-07,15867,"family.Veillonellaceae.id.2172",TRUE,"reported","QFrLbS",NA
"2",13,38326692,"rs79535861","C","A",0.100666153292424,0.0207015525113088,1.57686914844226e-06,15061,"family.Veillonellaceae.id.2172",TRUE,"reported","QFrLbS",NA
"6",14,102897930,"rs111810795","T","C",-0.0867108396418121,0.0180573469527114,1.72927421984291e-06,15605,"family.Veillonellaceae.id.2172",TRUE,"reported","QFrLbS",NA
"10",5,132646303,"rs12186441","A","G",0.208095725293107,0.04539986224104,4.52857180948011e-06,5236,"family.Veillonellaceae.id.2172",TRUE,"reported","QFrLbS",NA
"11",18,462180,"rs4797169","C","T",0.058779887789916,0.0128296693592295,4.49345607624119e-06,15974,"family.Veillonellaceae.id.2172",TRUE,"reported","QFrLbS",NA
"12",7,21637810,"rs12668619","G","A",0.0553009749605488,0.0117653731122403,2.57363927474923e-06,15971,"family.Veillonellaceae.id.2172",TRUE,"reported","QFrLbS",NA
"13",4,23317124,"rs2175069","G","A",-0.052675165254569,0.0114886301156591,4.63557734356404e-06,15976,"family.Veillonellaceae.id.2172",TRUE,"reported","QFrLbS",NA
"14",4,46366067,"rs1442060","A","G",-0.0514024324748101,0.0112124520131324,4.50675052387663e-06,15976,"family.Veillonellaceae.id.2172",TRUE,"reported","QFrLbS",NA
"15",15,78546996,"rs4461038","G","A",-0.055496494470622,0.0119467363626548,3.73473699389539e-06,15973,"family.Veillonellaceae.id.2172",TRUE,"reported","QFrLbS",NA
