"","chr.exposure","pos.exposure","SNP","other_allele.exposure","effect_allele.exposure","beta.exposure","se.exposure","pval.exposure","samplesize.exposure","exposure","mr_keep.exposure","pval_origin.exposure","id.exposure","eaf.exposure"
"1",4,147414743,"rs72731813","T","C",-0.14975117117529,0.0293415196278627,2.75776957865317e-07,7786,"family.Defluviitaleaceae.id.1924",TRUE,"reported","nsXPNT",NA
"2",3,72207794,"rs4677103","G","A",0.0977203191918077,0.019703263652202,9.421892649824e-07,8002,"family.Defluviitaleaceae.id.1924",TRUE,"reported","nsXPNT",NA
"7",21,41811003,"rs55658617","C","T",0.177314250109494,0.0361844504340163,1.40607865613428e-06,6676,"family.Defluviitaleaceae.id.1924",TRUE,"reported","nsXPNT",NA
"8",1,85205632,"rs9725395","G","A",-0.138356652387726,0.029518507143491,3.41369714618003e-06,8031,"family.Defluviitaleaceae.id.1924",TRUE,"reported","nsXPNT",NA
"9",4,122202910,"rs17051335","T","C",-0.134313529748345,0.0292201442828585,4.58116599576121e-06,8031,"family.Defluviitaleaceae.id.1924",TRUE,"reported","nsXPNT",NA
"10",9,8786663,"rs112893842","C","T",0.110761270208714,0.0232544792374362,2.75031610449841e-06,8203,"family.Defluviitaleaceae.id.1924",TRUE,"reported","nsXPNT",NA
"12",1,118723685,"rs1582238","C","T",0.0801923393370617,0.0167061035796776,1.69200120054488e-06,8002,"family.Defluviitaleaceae.id.1924",TRUE,"reported","nsXPNT",NA
"13",22,24804081,"rs9608282","G","T",0.139013634684133,0.0299428566737789,4.60831307748908e-06,7736,"family.Defluviitaleaceae.id.1924",TRUE,"reported","nsXPNT",NA
