"","chr.exposure","pos.exposure","SNP","other_allele.exposure","effect_allele.exposure","beta.exposure","se.exposure","pval.exposure","samplesize.exposure","exposure","mr_keep.exposure","pval_origin.exposure","id.exposure","eaf.exposure"
"2",2,239900775,"rs62191117","G","A",0.0684301986558959,0.0133635976517634,2.75943102675472e-07,16688,"family.Alcaligenaceae.id.2875",TRUE,"reported","KTbN4C",NA
"3",13,58545246,"rs9537886","C","A",-0.0570888486306893,0.0110682583480608,2.35108102958434e-07,16807,"family.Alcaligenaceae.id.2875",TRUE,"reported","KTbN4C",NA
"24",4,45642485,"rs4033856","T","C",0.0818339635321697,0.0168931052419685,1.02902471954759e-06,15623,"family.Alcaligenaceae.id.2875",TRUE,"reported","KTbN4C",NA
"47",20,29836081,"rs67737557","G","C",0.0738409484257322,0.015167785483103,1.03742477133537e-06,15876,"family.Alcaligenaceae.id.2875",TRUE,"reported","KTbN4C",NA
"51",4,75867283,"rs17000015","T","A",-0.0609257475031565,0.0125363154163971,1.12718667635438e-06,16377,"family.Alcaligenaceae.id.2875",TRUE,"reported","KTbN4C",NA
"63",3,193456274,"rs2367850","C","G",0.0629104086832983,0.0131711976943673,1.8463088320363e-06,16377,"family.Alcaligenaceae.id.2875",TRUE,"reported","KTbN4C",NA
"73",3,70588939,"rs7638039","C","T",0.0603335285116898,0.0127778923818906,2.70479267586534e-06,16791,"family.Alcaligenaceae.id.2875",TRUE,"reported","KTbN4C",NA
"86",5,173497796,"rs62395635","C","T",0.110582886012571,0.0238514343641889,3.34696116475811e-06,14802,"family.Alcaligenaceae.id.2875",TRUE,"reported","KTbN4C",NA
"90",6,138305038,"rs112159068","T","A",0.131483981730518,0.028108868095033,3.56484304652282e-06,11656,"family.Alcaligenaceae.id.2875",TRUE,"reported","KTbN4C",NA
"94",7,104214487,"rs6969323","C","A",-0.0593564040497085,0.0129136530047609,3.88581113048111e-06,16810,"family.Alcaligenaceae.id.2875",TRUE,"reported","KTbN4C",NA
"96",12,1396151,"rs7302582","C","G",-0.106816520996814,0.0232980222198304,3.33554451369233e-06,15113,"family.Alcaligenaceae.id.2875",TRUE,"reported","KTbN4C",NA
"100",18,26569901,"rs9964679","G","A",0.0537051184975542,0.0116008151688462,4.47388571263837e-06,16810,"family.Alcaligenaceae.id.2875",TRUE,"reported","KTbN4C",NA
