"","chr.exposure","pos.exposure","SNP","other_allele.exposure","effect_allele.exposure","beta.exposure","se.exposure","pval.exposure","samplesize.exposure","exposure","mr_keep.exposure","pval_origin.exposure","id.exposure","eaf.exposure"
"1",4,95027272,"rs11729256","C","T",0.0749798022294282,0.0150176770445129,6.73089691177283e-07,11861,"family.Verrucomicrobiaceae.id.4036",TRUE,"reported","9v830m",NA
"2",11,130280667,"rs4936098","G","A",0.0648690999836486,0.0135928078815882,1.12929103862552e-06,11858,"family.Verrucomicrobiaceae.id.4036",TRUE,"reported","9v830m",NA
"4",6,56341481,"rs9349825","G","A",-0.0704354054632216,0.0147127959281481,2.51287276953188e-06,11858,"family.Verrucomicrobiaceae.id.4036",TRUE,"reported","9v830m",NA
"9",4,100544188,"rs74542928","C","T",0.112123955601894,0.0236421776623845,1.64613252717649e-06,11216,"family.Verrucomicrobiaceae.id.4036",TRUE,"reported","9v830m",NA
"12",16,81063149,"rs2602429","T","C",0.0745515638137895,0.015619484092786,2.69939068156728e-06,11690,"family.Verrucomicrobiaceae.id.4036",TRUE,"reported","9v830m",NA
"14",10,5064327,"rs4242783","A","G",0.0687992076094732,0.014769359950755,2.75444222118715e-06,11690,"family.Verrucomicrobiaceae.id.4036",TRUE,"reported","9v830m",NA
"16",1,105422565,"rs11184341","C","G",0.0655300751917741,0.0142230476539083,4.13844049650198e-06,11864,"family.Verrucomicrobiaceae.id.4036",TRUE,"reported","9v830m",NA
"21",18,49473635,"rs117107102","G","A",0.204682880450429,0.0431572505321698,2.91821336410306e-06,4975,"family.Verrucomicrobiaceae.id.4036",TRUE,"reported","9v830m",NA
"23",15,97570657,"rs12908520","A","G",0.061910393948464,0.0130946089802172,2.15138475494442e-06,11863,"family.Verrucomicrobiaceae.id.4036",TRUE,"reported","9v830m",NA
"26",12,130309670,"rs111862613","C","T",0.0907064965869101,0.0196746301357261,3.73127110670554e-06,11621,"family.Verrucomicrobiaceae.id.4036",TRUE,"reported","9v830m",NA
