"","chr.exposure","pos.exposure","SNP","other_allele.exposure","effect_allele.exposure","beta.exposure","se.exposure","pval.exposure","samplesize.exposure","exposure","mr_keep.exposure","pval_origin.exposure","id.exposure","eaf.exposure"
"1",2,136616754,"rs182549","T","C",0.117069879249602,0.0126703401741303,5.94200077766137e-20,14915,"family.Bifidobacteriaceae.id.433",TRUE,"reported","TjqhaU",NA
"278",13,112859829,"rs7322849","C","T",0.110675689153199,0.0200995509143769,1.74031727614898e-08,14915,"family.Bifidobacteriaceae.id.433",TRUE,"reported","TjqhaU",NA
"377",5,169748189,"rs76671854","G","C",-0.089298109139329,0.0183176839751201,1.03631964965301e-06,13923,"family.Bifidobacteriaceae.id.433",TRUE,"reported","TjqhaU",NA
"393",5,521096,"rs4957061","C","T",0.0569872516616762,0.0116907308876385,1.1516988592198e-06,14795,"family.Bifidobacteriaceae.id.433",TRUE,"reported","TjqhaU",NA
"399",12,20378911,"rs10841473","C","G",-0.0613031225771965,0.012884445476485,2.28067200132597e-06,14914,"family.Bifidobacteriaceae.id.433",TRUE,"reported","TjqhaU",NA
"401",2,49906864,"rs4567981","A","T",0.0577763126255171,0.0117388408530626,8.880536366103e-07,14795,"family.Bifidobacteriaceae.id.433",TRUE,"reported","TjqhaU",NA
"408",2,192878532,"rs13020688","A","G",0.0584044693141032,0.0122081355228055,1.57374601074836e-06,14795,"family.Bifidobacteriaceae.id.433",TRUE,"reported","TjqhaU",NA
"504",6,14617591,"rs857444","T","C",0.0553965097207252,0.0120669365001091,3.8249158756897e-06,14914,"family.Bifidobacteriaceae.id.433",TRUE,"reported","TjqhaU",NA
"520",5,142793467,"rs73797465","G","T",-0.0942611725559826,0.0208421222407667,4.84949648639355e-06,14795,"family.Bifidobacteriaceae.id.433",TRUE,"reported","TjqhaU",NA
