"","chr.exposure","pos.exposure","SNP","other_allele.exposure","effect_allele.exposure","beta.exposure","se.exposure","pval.exposure","samplesize.exposure","exposure","mr_keep.exposure","pval_origin.exposure","id.exposure","eaf.exposure"
"1",3,13726736,"rs9813022","G","A",-0.084244389646639,0.0163583235596936,2.53123517334415e-07,8498,"family.Rhodospirillaceae.id.2717",TRUE,"reported","bt5Yp3",NA
"2",2,225633812,"rs3754624","T","C",0.0971389204244847,0.0200064035753883,1.71480428964881e-06,8496,"family.Rhodospirillaceae.id.2717",TRUE,"reported","bt5Yp3",NA
"3",3,84471266,"rs55876211","T","C",-0.0911850562572209,0.0196395209185543,2.86678547189328e-06,8494,"family.Rhodospirillaceae.id.2717",TRUE,"reported","bt5Yp3",NA
"4",2,169033340,"rs76784716","G","A",0.136049346891803,0.0285767454730452,1.48987821388237e-06,8498,"family.Rhodospirillaceae.id.2717",TRUE,"reported","bt5Yp3",NA
"8",10,2670553,"rs4278423","C","T",0.107529261894021,0.0235724944744062,3.12020929590195e-06,8501,"family.Rhodospirillaceae.id.2717",TRUE,"reported","bt5Yp3",NA
"10",5,27945645,"rs1549633","C","A",0.0999312434542013,0.0218633948580962,4.70392011269825e-06,8010,"family.Rhodospirillaceae.id.2717",TRUE,"reported","bt5Yp3",NA
"12",10,113419797,"rs11591293","T","G",0.0743183848921813,0.0158724091963691,2.67147871527679e-06,8500,"family.Rhodospirillaceae.id.2717",TRUE,"reported","bt5Yp3",NA
