"","chr.exposure","pos.exposure","SNP","other_allele.exposure","effect_allele.exposure","beta.exposure","se.exposure","pval.exposure","samplesize.exposure","exposure","mr_keep.exposure","pval_origin.exposure","id.exposure","eaf.exposure"
"1",16,76559184,"rs9929145","A","G",-0.12572118307041,0.0245233391126672,2.835937271411e-07,15866,"family.Lachnospiraceae.id.1987",TRUE,"reported","ngn1oY",NA
"4",6,161957425,"rs11755180","G","C",-0.0492270297011294,0.0104894072966892,2.68981757013579e-06,18333,"family.Lachnospiraceae.id.1987",TRUE,"reported","ngn1oY",NA
"5",9,100113683,"rs35524804","C","T",-0.0607481235626668,0.0125215777532031,2.44998867660044e-06,17859,"family.Lachnospiraceae.id.1987",TRUE,"reported","ngn1oY",NA
"6",7,130436459,"rs11979110","C","T",-0.050092357050129,0.0105068593815124,1.81842518542819e-06,18339,"family.Lachnospiraceae.id.1987",TRUE,"reported","ngn1oY",NA
"10",9,133791605,"rs79086868","C","T",0.0776723435017443,0.0164472344359064,3.01422330192713e-06,17522,"family.Lachnospiraceae.id.1987",TRUE,"reported","ngn1oY",NA
"13",17,80469064,"rs112040820","G","A",0.0549583650396752,0.0117085639762884,2.41836317249452e-06,17512,"family.Lachnospiraceae.id.1987",TRUE,"reported","ngn1oY",NA
"14",4,10245354,"rs2159863","G","A",-0.058583102086782,0.0128742118802224,3.6955712409368e-06,18340,"family.Lachnospiraceae.id.1987",TRUE,"reported","ngn1oY",NA
"17",9,72179847,"rs11139361","C","T",0.0494462811548489,0.0110503314418487,4.26262341849673e-06,18333,"family.Lachnospiraceae.id.1987",TRUE,"reported","ngn1oY",NA
