"","chr.exposure","pos.exposure","SNP","other_allele.exposure","effect_allele.exposure","beta.exposure","se.exposure","pval.exposure","samplesize.exposure","exposure","mr_keep.exposure","pval_origin.exposure","id.exposure","eaf.exposure"
"1",18,63018983,"rs9958960","A","G",-0.0914806576592586,0.0173611300103453,1.06323620835394e-07,14061,"family.Prevotellaceae.id.960",TRUE,"reported","TnYWpQ",NA
"2",2,118910912,"rs4493272","C","T",-0.0604992121106673,0.0118027291675366,3.02312001197427e-07,14867,"family.Prevotellaceae.id.960",TRUE,"reported","TnYWpQ",NA
"8",1,111161677,"rs3860225","G","A",0.0839360256982614,0.0167936054525328,5.49681784085657e-07,14871,"family.Prevotellaceae.id.960",TRUE,"reported","TnYWpQ",NA
"9",14,33706908,"rs912860","A","G",-0.229046146901247,0.0483124182490081,9.29920404106297e-07,3479,"family.Prevotellaceae.id.960",TRUE,"reported","TnYWpQ",NA
"12",1,210681370,"rs12118202","C","T",-0.075198589025299,0.0147265151490898,5.5423389883401e-07,14869,"family.Prevotellaceae.id.960",TRUE,"reported","TnYWpQ",NA
"17",20,9771109,"rs2206482","G","T",-0.0569105111439779,0.0117486486167919,1.30376646092866e-06,14808,"family.Prevotellaceae.id.960",TRUE,"reported","TnYWpQ",NA
"18",13,105075823,"rs9586501","A","G",0.0592681131046509,0.0127329329221034,2.58987547703889e-06,14868,"family.Prevotellaceae.id.960",TRUE,"reported","TnYWpQ",NA
"24",3,170126707,"rs148376875","G","T",0.0845150204194928,0.017916322438479,2.08029435859854e-06,14289,"family.Prevotellaceae.id.960",TRUE,"reported","TnYWpQ",NA
"26",3,4864877,"rs4685827","C","T",-0.0679529004474914,0.0145407160596826,2.77192130089006e-06,14867,"family.Prevotellaceae.id.960",TRUE,"reported","TnYWpQ",NA
