"","chr.exposure","pos.exposure","SNP","other_allele.exposure","effect_allele.exposure","beta.exposure","se.exposure","pval.exposure","samplesize.exposure","exposure","mr_keep.exposure","pval_origin.exposure","id.exposure","eaf.exposure"
"1",13,38044689,"rs9603208","T","G",0.0821173072257795,0.0159595643105462,1.91801404805986e-07,17680,"family.Rikenellaceae.id.967",TRUE,"reported","QhO4wW",NA
"58",11,95304834,"rs1939881","A","G",-0.105589493993381,0.0206212717877349,5.64373425031146e-07,17434,"family.Rikenellaceae.id.967",TRUE,"reported","QhO4wW",NA
"60",1,19790706,"rs67705352","G","T",-0.0549687931588528,0.0110533795615605,6.57555832790559e-07,17676,"family.Rikenellaceae.id.967",TRUE,"reported","QhO4wW",NA
"68",15,71658642,"rs4264350","C","T",-0.0526392866736254,0.0108554886462889,1.34832218312865e-06,17668,"family.Rikenellaceae.id.967",TRUE,"reported","QhO4wW",NA
"72",9,14158854,"rs62532512","A","C",-0.0504256662570447,0.0107399237787437,2.76425721720645e-06,17672,"family.Rikenellaceae.id.967",TRUE,"reported","QhO4wW",NA
"74",7,135778919,"rs67281112","C","G",0.0635813519090281,0.0137451232801783,3.63475259001437e-06,17199,"family.Rikenellaceae.id.967",TRUE,"reported","QhO4wW",NA
"77",4,187842232,"rs6837275","G","A",0.0570354884419201,0.0118869936060502,1.44699913334897e-06,17199,"family.Rikenellaceae.id.967",TRUE,"reported","QhO4wW",NA
"82",13,22867356,"rs9578457","A","G",-0.141478496200212,0.0315847930109693,3.99448538129555e-06,9400,"family.Rikenellaceae.id.967",TRUE,"reported","QhO4wW",NA
"83",21,32496710,"rs2833282","A","G",0.0711137152868577,0.0156966135594529,4.31105575410491e-06,17680,"family.Rikenellaceae.id.967",TRUE,"reported","QhO4wW",NA
"85",14,21548634,"rs77885767","T","C",-0.156209293105529,0.0336481807573774,2.84694421234542e-06,8478,"family.Rikenellaceae.id.967",TRUE,"reported","QhO4wW",NA
"86",21,40580258,"rs8130320","G","A",-0.0489239622940869,0.0106843353108073,4.72744745775965e-06,17680,"family.Rikenellaceae.id.967",TRUE,"reported","QhO4wW",NA
"87",14,90270821,"rs74474130","G","T",0.137747170972312,0.029568753191624,3.61377940164389e-06,11055,"family.Rikenellaceae.id.967",TRUE,"reported","QhO4wW",NA
