"","chr.exposure","pos.exposure","SNP","other_allele.exposure","effect_allele.exposure","beta.exposure","se.exposure","pval.exposure","samplesize.exposure","exposure","mr_keep.exposure","pval_origin.exposure","id.exposure","eaf.exposure"
"1",9,2233969,"rs10119172","G","C",-0.0737324059921363,0.014258992688359,1.3242607552126e-07,18022,"family.Porphyromonadaceae.id.943",TRUE,"reported","R9IiHX",NA
"11",3,62035586,"rs17065783","G","A",-0.059132993747896,0.0122235150488895,1.79351236633243e-06,18028,"family.Porphyromonadaceae.id.943",TRUE,"reported","R9IiHX",NA
"17",7,69251692,"rs6953849","G","A",0.071814890693422,0.0150724268262847,2.4447984816324e-06,18028,"family.Porphyromonadaceae.id.943",TRUE,"reported","R9IiHX",NA
"18",9,138076081,"rs10858364","T","G",0.0553159862566266,0.0120849921141003,4.31062648010573e-06,18028,"family.Porphyromonadaceae.id.943",TRUE,"reported","R9IiHX",NA
"25",3,189854046,"rs3111851","G","C",0.0581896145978786,0.0121147145760472,2.19497069755011e-06,18024,"family.Porphyromonadaceae.id.943",TRUE,"reported","R9IiHX",NA
