"","chr.exposure","pos.exposure","SNP","other_allele.exposure","effect_allele.exposure","beta.exposure","se.exposure","pval.exposure","samplesize.exposure","exposure","mr_keep.exposure","pval_origin.exposure","id.exposure","eaf.exposure"
"1",3,171947435,"rs4428215","A","G",0.125609687104535,0.0230052622278044,4.87931370598498e-08,5167,"family.Oxalobacteraceae.id.2966",TRUE,"reported","ldnQKa",NA
"11",6,38550301,"rs1569853","C","T",-0.140042786744338,0.0281703932038749,7.45178743980097e-07,4997,"family.Oxalobacteraceae.id.2966",TRUE,"reported","ldnQKa",NA
"28",9,87514407,"rs736744","T","C",0.105641925322571,0.020064780580293,1.49416210470712e-07,5167,"family.Oxalobacteraceae.id.2966",TRUE,"reported","ldnQKa",NA
"37",22,37421469,"rs6000536","T","C",-0.11838279747485,0.0241354845820373,7.38717889562119e-07,5166,"family.Oxalobacteraceae.id.2966",TRUE,"reported","ldnQKa",NA
"47",15,93941937,"rs111966731","C","T",0.204031062006359,0.0445746163930363,4.5631768124911e-06,4387,"family.Oxalobacteraceae.id.2966",TRUE,"reported","ldnQKa",NA
"52",11,610277,"rs11246212","C","T",0.136070376921109,0.0291796625841315,4.50836097850712e-06,5130,"family.Oxalobacteraceae.id.2966",TRUE,"reported","ldnQKa",NA
"53",2,16056779,"rs934049","A","G",0.109751234666766,0.0238635618359566,4.21147226340915e-06,4951,"family.Oxalobacteraceae.id.2966",TRUE,"reported","ldnQKa",NA
