"","chr.exposure","pos.exposure","SNP","other_allele.exposure","effect_allele.exposure","beta.exposure","se.exposure","pval.exposure","samplesize.exposure","exposure","mr_keep.exposure","pval_origin.exposure","id.exposure","eaf.exposure"
"1",20,33694801,"rs6058181","T","C",0.0834741845342714,0.01661107517059,2.69912134425817e-07,15074,"family.Desulfovibrionaceae.id.3169",TRUE,"reported","VUr6bQ",NA
"6",17,2856662,"rs4506934","T","C",-0.0943380723812191,0.0201379942283356,3.16042811140783e-06,15035,"family.Desulfovibrionaceae.id.3169",TRUE,"reported","VUr6bQ",NA
"7",1,203991605,"rs2692012","G","A",0.114230629592926,0.0253568106875472,1.56390275418362e-06,13080,"family.Desulfovibrionaceae.id.3169",TRUE,"reported","VUr6bQ",NA
"8",10,11855599,"rs11599763","C","T",-0.0555930741057233,0.0117493453834846,2.49703611781274e-06,15142,"family.Desulfovibrionaceae.id.3169",TRUE,"reported","VUr6bQ",NA
"9",21,45064961,"rs2838334","A","G",0.0571419287416221,0.0124229922548654,3.82374824773705e-06,15142,"family.Desulfovibrionaceae.id.3169",TRUE,"reported","VUr6bQ",NA
"10",9,15269705,"rs112381107","T","C",0.211435353762408,0.0456961544430311,2.81874968048692e-06,4455,"family.Desulfovibrionaceae.id.3169",TRUE,"reported","VUr6bQ",NA
"11",1,203308383,"rs16851319","C","G",-0.0732696955002003,0.0150963751136715,2.39648991241715e-06,15128,"family.Desulfovibrionaceae.id.3169",TRUE,"reported","VUr6bQ",NA
"13",9,81834426,"rs17791387","G","A",-0.0729250659014557,0.0154380517707192,2.09677891696587e-06,15045,"family.Desulfovibrionaceae.id.3169",TRUE,"reported","VUr6bQ",NA
"14",16,71541641,"rs9928243","A","C",-0.0541731651615663,0.0117818761899937,4.48477838328773e-06,15141,"family.Desulfovibrionaceae.id.3169",TRUE,"reported","VUr6bQ",NA
