"","chr.exposure","pos.exposure","SNP","other_allele.exposure","effect_allele.exposure","beta.exposure","se.exposure","pval.exposure","samplesize.exposure","exposure","mr_keep.exposure","pval_origin.exposure","id.exposure","eaf.exposure"
"1",10,17019559,"rs61841503","A","G",0.0919658390407105,0.0161331030758454,9.80120220876427e-09,15333,"family.Peptostreptococcaceae.id.2042",TRUE,"reported","K9n8pf",NA
"5",4,171180190,"rs4692811","T","C",0.0642074905388597,0.0126912731475063,4.21122728098369e-07,16061,"family.Peptostreptococcaceae.id.2042",TRUE,"reported","K9n8pf",NA
"18",9,16786784,"rs12377846","A","C",-0.252000425783379,0.0511627227281241,7.26253579949868e-07,3736,"family.Peptostreptococcaceae.id.2042",TRUE,"reported","K9n8pf",NA
"29",8,26726641,"rs2644627","G","C",-0.0558505615636014,0.0112240017906288,6.3333589024515e-07,16059,"family.Peptostreptococcaceae.id.2042",TRUE,"reported","K9n8pf",NA
"31",22,37976422,"rs59987323","T","C",-0.0537078319049977,0.0114430082104273,2.70082272716661e-06,15584,"family.Peptostreptococcaceae.id.2042",TRUE,"reported","K9n8pf",NA
"36",13,77351196,"rs9573937","G","A",-0.0693636881054151,0.0142907395844798,1.70589417745155e-06,16061,"family.Peptostreptococcaceae.id.2042",TRUE,"reported","K9n8pf",NA
"40",18,65324280,"rs75819860","A","T",0.126263781396613,0.0268382811618636,2.487344952934e-06,11697,"family.Peptostreptococcaceae.id.2042",TRUE,"reported","K9n8pf",NA
"42",7,46710977,"rs117020988","T","C",0.182411121663598,0.0372126252374271,1.02794165159467e-06,6831,"family.Peptostreptococcaceae.id.2042",TRUE,"reported","K9n8pf",NA
"43",3,151781175,"rs1520207","T","C",0.0525658347602802,0.0112476082897817,3.16547803601281e-06,16057,"family.Peptostreptococcaceae.id.2042",TRUE,"reported","K9n8pf",NA
"47",7,44312824,"rs76982728","C","T",0.124202832194052,0.0266923245213398,3.2405774837216e-06,11185,"family.Peptostreptococcaceae.id.2042",TRUE,"reported","K9n8pf",NA
"62",4,14324623,"rs10805326","A","G",0.0566637004071818,0.0122759843754908,4.03395534668919e-06,16061,"family.Peptostreptococcaceae.id.2042",TRUE,"reported","K9n8pf",NA
