"","chr.exposure","pos.exposure","SNP","other_allele.exposure","effect_allele.exposure","beta.exposure","se.exposure","pval.exposure","samplesize.exposure","exposure","mr_keep.exposure","pval_origin.exposure","id.exposure","eaf.exposure"
"1",3,10593224,"rs6795673","T","C",0.0538565254455662,0.0105251271232387,3.37908761689772e-07,18301,"family.Bacteroidaceae.id.917",TRUE,"reported","wH6nvU",NA
"4",6,29143451,"rs28757219","A","T",0.0818398265734493,0.0170318661039343,1.29420082975282e-06,14833,"family.Bacteroidaceae.id.917",TRUE,"reported","wH6nvU",NA
"5",13,24910476,"rs9507307","T","C",0.0604456209794885,0.012912793116307,2.12710304341317e-06,18184,"family.Bacteroidaceae.id.917",TRUE,"reported","wH6nvU",NA
"6",20,58605432,"rs66474973","T","G",0.081251539413751,0.016447899225862,6.8096632197172e-07,17405,"family.Bacteroidaceae.id.917",TRUE,"reported","wH6nvU",NA
"7",1,10644351,"rs11585893","G","A",-0.0740745609553361,0.0147633248623595,1.79511038235024e-06,17821,"family.Bacteroidaceae.id.917",TRUE,"reported","wH6nvU",NA
"8",9,112855426,"rs495004","G","C",-0.0607474911662983,0.0129865364234517,3.42092477319303e-06,17707,"family.Bacteroidaceae.id.917",TRUE,"reported","wH6nvU",NA
"9",19,24342250,"rs17619981","G","T",0.088097760672572,0.0187002065965595,2.68682992818334e-06,15801,"family.Bacteroidaceae.id.917",TRUE,"reported","wH6nvU",NA
