"","chr.exposure","pos.exposure","SNP","other_allele.exposure","effect_allele.exposure","beta.exposure","se.exposure","pval.exposure","samplesize.exposure","exposure","mr_keep.exposure","pval_origin.exposure","id.exposure","eaf.exposure"
"1",12,100584014,"rs11110281","C","T",-0.13055405909808,0.0225942975369799,1.40136963379066e-08,15316,"family.Streptococcaceae.id.1850",TRUE,"reported","HLnvuU",NA
"81",8,10143164,"rs2952251","G","A",-0.0639297545298712,0.0126524641105055,3.72236661903724e-07,16612,"family.Streptococcaceae.id.1850",TRUE,"reported","HLnvuU",NA
"103",17,61298020,"rs4968759","G","A",-0.0544034645910682,0.011127118420903,8.91880598953212e-07,16624,"family.Streptococcaceae.id.1850",TRUE,"reported","HLnvuU",NA
"139",5,169689604,"rs395407","C","G",-0.0826854669201341,0.0172536024289578,1.3256031267635e-06,16088,"family.Streptococcaceae.id.1850",TRUE,"reported","HLnvuU",NA
"180",16,991253,"rs35344081","A","G",0.0609349198698246,0.0129703348507272,2.6384500665077e-06,16624,"family.Streptococcaceae.id.1850",TRUE,"reported","HLnvuU",NA
"184",14,97526750,"rs2370083","T","G",-0.0842750757248184,0.0184509344654959,4.25665583976352e-06,16516,"family.Streptococcaceae.id.1850",TRUE,"reported","HLnvuU",NA
"190",3,94153993,"rs76717940","A","T",0.15060574177101,0.0334079453457537,3.08935462781134e-06,7720,"family.Streptococcaceae.id.1850",TRUE,"reported","HLnvuU",NA
"196",4,53657577,"rs10028567","T","C",-0.0934026665503679,0.0190343462459585,3.72496998839625e-06,16549,"family.Streptococcaceae.id.1850",TRUE,"reported","HLnvuU",NA
"197",15,41663393,"rs72739637","G","A",0.0927982863550646,0.0192020950136089,1.82163330829818e-06,15111,"family.Streptococcaceae.id.1850",TRUE,"reported","HLnvuU",NA
"204",17,80576624,"rs9903102","A","C",-0.0693015125582492,0.0154096264884622,4.9180618327304e-06,16623,"family.Streptococcaceae.id.1850",TRUE,"reported","HLnvuU",NA
