"","chr.exposure","pos.exposure","SNP","other_allele.exposure","effect_allele.exposure","beta.exposure","se.exposure","pval.exposure","samplesize.exposure","exposure","mr_keep.exposure","pval_origin.exposure","id.exposure","eaf.exposure"
"2",17,70218627,"rs6501525","G","A",0.0561558677690636,0.0115587163877526,1.23726328870233e-06,16269,"family.FamilyXIII.id.1957",TRUE,"reported","WyjSGE",NA
"3",10,102366896,"rs118170811","G","A",0.151619207690709,0.0317112344233849,1.80357439142737e-06,9645,"family.FamilyXIII.id.1957",TRUE,"reported","WyjSGE",NA
"5",4,162211872,"rs12643275","T","A",-0.0550907115799737,0.0116473966307202,2.41523379639813e-06,16269,"family.FamilyXIII.id.1957",TRUE,"reported","WyjSGE",NA
"6",21,19685992,"rs1999289","T","A",-0.0637365689124177,0.0139269640117191,2.53805166632116e-06,16269,"family.FamilyXIII.id.1957",TRUE,"reported","WyjSGE",NA
"7",1,166557202,"rs482905","T","G",0.0596528438620371,0.0127170310452141,3.72344675390658e-06,16737,"family.FamilyXIII.id.1957",TRUE,"reported","WyjSGE",NA
"8",15,50802980,"rs3098182","T","G",0.0508511397979896,0.011014044261255,4.04023913909345e-06,16731,"family.FamilyXIII.id.1957",TRUE,"reported","WyjSGE",NA
"11",3,88995218,"rs6797051","T","C",-0.0805984489427277,0.0171364126497328,4.89280520034062e-06,16737,"family.FamilyXIII.id.1957",TRUE,"reported","WyjSGE",NA
"12",1,186914023,"rs7514702","C","T",-0.0663236343092018,0.0141625620370551,3.91642419729618e-06,16737,"family.FamilyXIII.id.1957",TRUE,"reported","WyjSGE",NA
"13",10,7906746,"rs7076829","A","T",-0.0516394107477949,0.0112312885972519,4.76089317109883e-06,16269,"family.FamilyXIII.id.1957",TRUE,"reported","WyjSGE",NA
