"","chr.exposure","pos.exposure","SNP","other_allele.exposure","effect_allele.exposure","beta.exposure","se.exposure","pval.exposure","samplesize.exposure","exposure","mr_keep.exposure","pval_origin.exposure","id.exposure","eaf.exposure"
"1",11,95357209,"rs2155352","G","A",-0.150537618230113,0.0302319182896975,6.63431941703082e-07,3150,"family.FamilyXI.id.1936",TRUE,"reported","lW44Lf",NA
"6",16,54115200,"rs697771","G","A",-0.117677217367506,0.0251491353127986,3.19371809319133e-06,3152,"family.FamilyXI.id.1936",TRUE,"reported","lW44Lf",NA
"7",9,115821485,"rs10759623","T","C",-0.162114556015304,0.0321509758243444,5.78311905035691e-07,3156,"family.FamilyXI.id.1936",TRUE,"reported","lW44Lf",NA
"9",7,148921732,"rs11547158","G","A",-0.177599231797758,0.0372794605480321,2.70219499600529e-06,3133,"family.FamilyXI.id.1936",TRUE,"reported","lW44Lf",NA
"12",1,239995451,"rs488164","G","T",0.117997561017581,0.0255159552090697,4.79785227119887e-06,3149,"family.FamilyXI.id.1936",TRUE,"reported","lW44Lf",NA
"14",4,119955787,"rs3733511","G","A",0.128253369441709,0.027471769982722,3.38553839942757e-06,3156,"family.FamilyXI.id.1936",TRUE,"reported","lW44Lf",NA
"19",11,35334668,"rs17379710","C","T",-0.1163834336851,0.0252124823542391,3.97107099500309e-06,3156,"family.FamilyXI.id.1936",TRUE,"reported","lW44Lf",NA
