"","chr.exposure","pos.exposure","SNP","other_allele.exposure","effect_allele.exposure","beta.exposure","se.exposure","pval.exposure","samplesize.exposure","exposure","mr_keep.exposure","pval_origin.exposure","id.exposure","eaf.exposure"
"1",14,46519718,"rs74603314","C","T",0.23076709356536,0.0489700989250211,2.27640576063239e-06,4033,"family.unknownfamily.id.1000005471",TRUE,"reported","Q1q41i",NA
"2",7,82536037,"rs17235252","C","T",-0.122002109571119,0.0255462899027454,2.15878685351368e-06,9531,"family.unknownfamily.id.1000005471",TRUE,"reported","Q1q41i",NA
"3",5,17443654,"rs7706512","A","G",0.0657351136028978,0.0138979285555711,2.27207360566468e-06,10359,"family.unknownfamily.id.1000005471",TRUE,"reported","Q1q41i",NA
"4",22,42741466,"rs739151","G","C",0.0652658522774629,0.0139772735256071,3.09287103473881e-06,10337,"family.unknownfamily.id.1000005471",TRUE,"reported","Q1q41i",NA
