"","chr.exposure","pos.exposure","SNP","other_allele.exposure","effect_allele.exposure","beta.exposure","se.exposure","pval.exposure","samplesize.exposure","exposure","mr_keep.exposure","pval_origin.exposure","id.exposure","eaf.exposure"
"1",8,28614217,"rs35703006","T","G",0.0812654780318612,0.0164355325624311,4.94775062945175e-07,10715,"family.Peptococcaceae.id.2024",TRUE,"reported","UtAyft",NA
"3",8,3580757,"rs4990837","G","A",0.0910387042878277,0.0185869475413874,1.74194429492406e-06,10718,"family.Peptococcaceae.id.2024",TRUE,"reported","UtAyft",NA
"6",10,129175962,"rs150600492","C","A",0.135773842638443,0.0289756506017505,2.31305451448671e-06,9761,"family.Peptococcaceae.id.2024",TRUE,"reported","UtAyft",NA
"8",3,182984048,"rs12634826","G","T",-0.0739885086579026,0.0150931241529456,1.01109189858084e-06,10381,"family.Peptococcaceae.id.2024",TRUE,"reported","UtAyft",NA
"12",2,188895743,"rs12992764","G","T",0.068421260630805,0.0141136920852293,1.46157894594835e-06,10444,"family.Peptococcaceae.id.2024",TRUE,"reported","UtAyft",NA
"14",13,113561082,"rs75898026","G","A",-0.0821778527056728,0.0173541419743845,2.0220981773134e-06,10444,"family.Peptococcaceae.id.2024",TRUE,"reported","UtAyft",NA
"15",9,9423378,"rs117452796","G","A",-0.257982232591395,0.054956895568425,3.15296009842206e-06,3161,"family.Peptococcaceae.id.2024",TRUE,"reported","UtAyft",NA
"16",5,89252884,"rs75430375","T","C",-0.147940821100389,0.0317498238128536,3.40848984978766e-06,8375,"family.Peptococcaceae.id.2024",TRUE,"reported","UtAyft",NA
