"","chr.exposure","pos.exposure","SNP","other_allele.exposure","effect_allele.exposure","beta.exposure","se.exposure","pval.exposure","samplesize.exposure","exposure","mr_keep.exposure","pval_origin.exposure","id.exposure","eaf.exposure"
"1",10,65799217,"rs719099","G","A",0.0778401727113212,0.0155815104001575,5.43316638103526e-07,17687,"family.Coriobacteriaceae.id.811",TRUE,"reported","2iOxfW",NA
"4",1,176571431,"rs240104","C","T",-0.0603428968222628,0.0126849112455853,1.51602693348498e-06,17577,"family.Coriobacteriaceae.id.811",TRUE,"reported","2iOxfW",NA
"6",10,1922731,"rs11250875","C","T",0.0607499778487578,0.0130938873723768,4.82844478013454e-06,17690,"family.Coriobacteriaceae.id.811",TRUE,"reported","2iOxfW",NA
"8",17,37376685,"rs34739816","T","G",0.0965016742150944,0.0207665821247664,3.88357923766615e-06,16593,"family.Coriobacteriaceae.id.811",TRUE,"reported","2iOxfW",NA
"9",5,459415,"rs80046645","G","C",0.255839804928721,0.0561995318540738,4.65689381767736e-06,3204,"family.Coriobacteriaceae.id.811",TRUE,"reported","2iOxfW",NA
"10",12,11494021,"rs1816223","G","A",-0.0586264743119709,0.0129005759557854,4.84114361065701e-06,17688,"family.Coriobacteriaceae.id.811",TRUE,"reported","2iOxfW",NA
