"","chr.exposure","pos.exposure","SNP","other_allele.exposure","effect_allele.exposure","beta.exposure","se.exposure","pval.exposure","samplesize.exposure","exposure","mr_keep.exposure","pval_origin.exposure","id.exposure","eaf.exposure"
"1",1,18501459,"rs16861661","A","G",-0.193287417633523,0.0379293233072963,2.70130798219966e-07,5385,"family.Lactobacillaceae.id.1836",TRUE,"reported","UAT4iF",NA
"2",19,6928017,"rs921925","C","A",0.0999418997242979,0.0201687262414001,5.77195035493982e-07,7053,"family.Lactobacillaceae.id.1836",TRUE,"reported","UAT4iF",NA
"3",8,69010103,"rs768253","G","T",-0.0792344429803437,0.017060425641088,3.60763225680506e-06,7059,"family.Lactobacillaceae.id.1836",TRUE,"reported","UAT4iF",NA
"6",20,54192992,"rs6092149","T","A",-0.0825645635410618,0.0170282217154541,1.38158114512591e-06,7006,"family.Lactobacillaceae.id.1836",TRUE,"reported","UAT4iF",NA
"7",16,73890910,"rs328312","A","T",0.0825290126495731,0.016822495685883,8.69117338236898e-07,7051,"family.Lactobacillaceae.id.1836",TRUE,"reported","UAT4iF",NA
"8",2,28903275,"rs11674854","T","C",-0.0830223751333265,0.0175267430269382,2.59545394184536e-06,6750,"family.Lactobacillaceae.id.1836",TRUE,"reported","UAT4iF",NA
"9",13,23836941,"rs1590596","G","C",-0.103810247627292,0.0220135373011788,3.89936493318316e-06,6750,"family.Lactobacillaceae.id.1836",TRUE,"reported","UAT4iF",NA
