"","chr.exposure","pos.exposure","SNP","other_allele.exposure","effect_allele.exposure","beta.exposure","se.exposure","pval.exposure","samplesize.exposure","exposure","mr_keep.exposure","pval_origin.exposure","id.exposure","eaf.exposure"
"1",6,129224488,"rs12191680","G","C",0.102213615270672,0.0197189451715606,3.04900229990136e-07,9408,"family.Pasteurellaceae.id.3689",TRUE,"reported","PgqInQ",NA
"2",6,55448491,"rs9382510","T","C",-0.0881865235118699,0.016996482214984,2.47600233549205e-07,9410,"family.Pasteurellaceae.id.3689",TRUE,"reported","PgqInQ",NA
"5",11,9951672,"rs10840326","G","C",-0.0717634001249645,0.0149229296472104,1.43842236413539e-06,9154,"family.Pasteurellaceae.id.3689",TRUE,"reported","PgqInQ",NA
"7",10,94306385,"rs76022354","T","C",0.242889666552244,0.0500406028139046,1.82858053220673e-06,3692,"family.Pasteurellaceae.id.3689",TRUE,"reported","PgqInQ",NA
"8",5,26531908,"rs72756943","A","G",0.139879973565161,0.0303028764036678,3.35217588245633e-06,8020,"family.Pasteurellaceae.id.3689",TRUE,"reported","PgqInQ",NA
"10",9,105650242,"rs78909003","C","T",-0.241159469160487,0.049837228512976,2.04892527480437e-06,3638,"family.Pasteurellaceae.id.3689",TRUE,"reported","PgqInQ",NA
"11",20,57274077,"rs6092684","T","A",0.0684647193210079,0.0146739871302801,3.44059331814825e-06,9366,"family.Pasteurellaceae.id.3689",TRUE,"reported","PgqInQ",NA
"12",22,26891808,"rs4822728","C","T",0.0685478706470683,0.0149032318952327,4.71847358271771e-06,9412,"family.Pasteurellaceae.id.3689",TRUE,"reported","PgqInQ",NA
"13",12,115491973,"rs35510","G","A",0.1227290031641,0.026495750546006,4.01576019228599e-06,8671,"family.Pasteurellaceae.id.3689",TRUE,"reported","PgqInQ",NA
"15",9,22718481,"rs10965428","A","C",-0.119902083436527,0.0258219040333902,4.29150622464475e-06,8873,"family.Pasteurellaceae.id.3689",TRUE,"reported","PgqInQ",NA
