"","chr.exposure","pos.exposure","SNP","other_allele.exposure","effect_allele.exposure","beta.exposure","se.exposure","pval.exposure","samplesize.exposure","exposure","mr_keep.exposure","pval_origin.exposure","id.exposure","eaf.exposure"
"2",12,47384118,"rs55793120","C","T",0.138220105340871,0.0266152098510359,1.44337835582352e-07,12405,"family.Ruminococcaceae.id.2050",TRUE,"reported","yBdNXl",NA
"3",2,218216801,"rs2113833","C","T",0.169146232531439,0.0355009354657934,1.14465567231138e-06,4140,"family.Ruminococcaceae.id.2050",TRUE,"reported","yBdNXl",NA
"5",1,61425267,"rs17376049","C","T",0.0848533609968184,0.0172113786775621,7.29619309609668e-07,18333,"family.Ruminococcaceae.id.2050",TRUE,"reported","yBdNXl",NA
"7",9,2801371,"rs56199908","C","T",-0.199326846331088,0.0410444343615596,1.66414234378211e-06,5618,"family.Ruminococcaceae.id.2050",TRUE,"reported","yBdNXl",NA
"14",1,107661606,"rs1612733","C","T",0.108708366889282,0.0238005986085142,4.22435612319897e-06,15016,"family.Ruminococcaceae.id.2050",TRUE,"reported","yBdNXl",NA
