"","chr.exposure","pos.exposure","SNP","other_allele.exposure","effect_allele.exposure","beta.exposure","se.exposure","pval.exposure","samplesize.exposure","exposure","mr_keep.exposure","pval_origin.exposure","id.exposure","eaf.exposure"
"1",6,5723181,"rs6923842","C","T",-0.079610621474013,0.0169192469817891,2.21303313666832e-06,11904,"family.Acidaminococcaceae.id.2166",TRUE,"reported","8LtY8Q",NA
"3",11,114701288,"rs6589457","G","A",0.165910976354579,0.0349516011319187,2.31507701068697e-06,7386,"family.Acidaminococcaceae.id.2166",TRUE,"reported","8LtY8Q",NA
"4",9,107117653,"rs2933324","G","A",-0.0662557061516072,0.0140256520951503,2.23676034149852e-06,12525,"family.Acidaminococcaceae.id.2166",TRUE,"reported","8LtY8Q",NA
"5",6,158647999,"rs262812","C","T",-0.0656749969303588,0.0142256559293957,3.2490551315255e-06,12099,"family.Acidaminococcaceae.id.2166",TRUE,"reported","8LtY8Q",NA
"9",1,203102563,"rs6427992","C","G",-0.0595856624312977,0.0129600332528006,4.24323961895443e-06,12527,"family.Acidaminococcaceae.id.2166",TRUE,"reported","8LtY8Q",NA
