"","chr.exposure","pos.exposure","SNP","other_allele.exposure","effect_allele.exposure","beta.exposure","se.exposure","pval.exposure","samplesize.exposure","exposure","mr_keep.exposure","pval_origin.exposure","id.exposure","eaf.exposure"
"1",17,74267010,"rs8901","T","C",0.0934593777050287,0.0186812962324882,6.06998164542326e-07,6063,"genus.Slackia.id.825",TRUE,"reported","P3t7VP",NA
"2",7,13523683,"rs4492265","G","A",-0.0905756998268513,0.0191658441680934,2.40925317919547e-06,6063,"genus.Slackia.id.825",TRUE,"reported","P3t7VP",NA
"3",8,96946291,"rs16894137","T","C",-0.122792069788431,0.0263046640106641,2.71183130045609e-06,6063,"genus.Slackia.id.825",TRUE,"reported","P3t7VP",NA
"4",7,78282725,"rs112764253","A","T",0.194713530661206,0.041159784355312,3.39569402337915e-06,5634,"genus.Slackia.id.825",TRUE,"reported","P3t7VP",NA
"5",15,34041896,"rs12440440","G","A",0.0901933567113433,0.0190582475939905,2.62871693437075e-06,6063,"genus.Slackia.id.825",TRUE,"reported","P3t7VP",NA
"9",4,57167507,"rs58767323","C","G",-0.102833438275631,0.0227077127404488,4.5999221456575e-06,6063,"genus.Slackia.id.825",TRUE,"reported","P3t7VP",NA
