"","chr.exposure","pos.exposure","SNP","other_allele.exposure","effect_allele.exposure","beta.exposure","se.exposure","pval.exposure","samplesize.exposure","exposure","mr_keep.exposure","pval_origin.exposure","id.exposure","eaf.exposure"
"2",9,112657543,"rs2900503","T","G",-0.172329152919143,0.0326671268400702,1.55281542336627e-07,3320,"genus.RikenellaceaeRC9gutgroup.id.11191",TRUE,"reported","RZjimW",NA
"4",4,149562638,"rs17582787","G","A",-0.15773939488743,0.033992443905149,3.55377086970618e-06,3320,"genus.RikenellaceaeRC9gutgroup.id.11191",TRUE,"reported","RZjimW",NA
"7",10,135010198,"rs2998141","C","T",-0.136346426743915,0.0293072622835654,4.42373235103602e-06,3330,"genus.RikenellaceaeRC9gutgroup.id.11191",TRUE,"reported","RZjimW",NA
"9",7,73334987,"rs4717843","T","G",-0.119376101649226,0.0260548339341708,4.71730290980223e-06,3220,"genus.RikenellaceaeRC9gutgroup.id.11191",TRUE,"reported","RZjimW",NA
"10",1,164800873,"rs9887954","A","G",-0.114849385748024,0.0249012927112632,4.80800740846862e-06,3330,"genus.RikenellaceaeRC9gutgroup.id.11191",TRUE,"reported","RZjimW",NA
"11",6,165668732,"rs80309088","A","G",0.174049956941076,0.0383423175438855,4.5564196037623e-06,3170,"genus.RikenellaceaeRC9gutgroup.id.11191",TRUE,"reported","RZjimW",NA
