"","chr.exposure","pos.exposure","SNP","other_allele.exposure","effect_allele.exposure","beta.exposure","se.exposure","pval.exposure","samplesize.exposure","exposure","mr_keep.exposure","pval_origin.exposure","id.exposure","eaf.exposure"
"1",16,8307948,"rs2034589","C","G",0.0629764548846013,0.0123488983377943,5.01161367309259e-07,17846,"genus.Roseburia.id.2012",TRUE,"reported","uRazUJ",NA
"2",4,119349,"rs116270582","A","T",-0.153843918029874,0.0329323993714136,1.19525293350925e-06,9099,"genus.Roseburia.id.2012",TRUE,"reported","uRazUJ",NA
"3",12,50650057,"rs2160994","C","T",0.0550686588655517,0.0112481062523872,9.69850397808251e-07,17444,"genus.Roseburia.id.2012",TRUE,"reported","uRazUJ",NA
"5",11,12009569,"rs16910295","C","T",-0.0980433683549124,0.0209569678779507,2.91110857718505e-06,16648,"genus.Roseburia.id.2012",TRUE,"reported","uRazUJ",NA
"6",3,57116228,"rs6445851","A","G",-0.0497335899306497,0.0108158255314178,3.52721448438138e-06,17851,"genus.Roseburia.id.2012",TRUE,"reported","uRazUJ",NA
"7",13,103117486,"rs9300744","T","C",-0.0588451746946109,0.0126227894151984,4.75117717307029e-06,17854,"genus.Roseburia.id.2012",TRUE,"reported","uRazUJ",NA
"8",5,89598914,"rs2943022","C","T",0.0493785590759647,0.0106763359426244,4.11408012260993e-06,17854,"genus.Roseburia.id.2012",TRUE,"reported","uRazUJ",NA
"9",6,12774611,"rs6930661","T","C",-0.0961587348040628,0.0204974750025134,2.47941849554746e-06,16945,"genus.Roseburia.id.2012",TRUE,"reported","uRazUJ",NA
"11",10,16051097,"rs4748237","C","G",0.0488326280849431,0.0106404328113295,4.67222974856214e-06,17851,"genus.Roseburia.id.2012",TRUE,"reported","uRazUJ",NA
