"","chr.exposure","pos.exposure","SNP","other_allele.exposure","effect_allele.exposure","beta.exposure","se.exposure","pval.exposure","samplesize.exposure","exposure","mr_keep.exposure","pval_origin.exposure","id.exposure","eaf.exposure"
"2",7,135778919,"rs67281112","C","G",0.0634574980297181,0.0137845894350757,3.9157768805174e-06,17090,"genus.Alistipes.id.968",TRUE,"reported","4syehv",NA
"3",1,19790706,"rs67705352","G","T",-0.0532403980270706,0.0110864005920226,1.65122829348938e-06,17567,"genus.Alistipes.id.968",TRUE,"reported","4syehv",NA
"4",7,62443498,"rs11769002","A","G",-0.0528792651309804,0.0109388513007522,1.44961661947067e-06,17571,"genus.Alistipes.id.968",TRUE,"reported","4syehv",NA
"8",11,17511427,"rs7129639","A","C",-0.0524955381762561,0.0109583766015038,1.78421757831582e-06,17571,"genus.Alistipes.id.968",TRUE,"reported","4syehv",NA
"20",21,40580258,"rs8130320","G","A",-0.0490019718226355,0.0107170102068559,4.83612321501699e-06,17571,"genus.Alistipes.id.968",TRUE,"reported","4syehv",NA
"28",13,38057357,"rs1107244","A","G",0.0758557762214468,0.0171182213487307,3.59058768049918e-06,17571,"genus.Alistipes.id.968",TRUE,"reported","4syehv",NA
