"","chr.exposure","pos.exposure","SNP","other_allele.exposure","effect_allele.exposure","beta.exposure","se.exposure","pval.exposure","samplesize.exposure","exposure","mr_keep.exposure","pval_origin.exposure","id.exposure","eaf.exposure"
"1",11,18768068,"rs1867876","C","T",0.0842918623603083,0.0162191814530669,2.73879997368546e-07,9109,"genus.Holdemania.id.2157",TRUE,"reported","LY05LO",NA
"2",6,105737322,"rs9500080","T","C",0.0926764363023255,0.0178886202940932,4.08514821439994e-07,9106,"genus.Holdemania.id.2157",TRUE,"reported","LY05LO",NA
"5",20,3839754,"rs6133067","C","T",0.091082873164547,0.0178560867922544,5.16928800850451e-07,8863,"genus.Holdemania.id.2157",TRUE,"reported","LY05LO",NA
"7",12,39589195,"rs150096134","A","T",0.162139279302736,0.0332089446192104,2.37766778483664e-06,6906,"genus.Holdemania.id.2157",TRUE,"reported","LY05LO",NA
"8",14,102553414,"rs41438744","G","C",-0.124870497956697,0.0270129499120186,2.44433739796938e-06,8839,"genus.Holdemania.id.2157",TRUE,"reported","LY05LO",NA
"9",5,77388406,"rs77293403","G","A",0.164556482776609,0.0341774758039765,1.77466232603002e-06,7585,"genus.Holdemania.id.2157",TRUE,"reported","LY05LO",NA
"11",13,81685543,"rs116500994","T","G",-0.13755045604375,0.0293385957514292,2.34478551079701e-06,8432,"genus.Holdemania.id.2157",TRUE,"reported","LY05LO",NA
"15",15,93110222,"rs111745969","G","A",0.120676887653913,0.0265781026174917,3.70775934296217e-06,8233,"genus.Holdemania.id.2157",TRUE,"reported","LY05LO",NA
