"","chr.exposure","pos.exposure","SNP","other_allele.exposure","effect_allele.exposure","beta.exposure","se.exposure","pval.exposure","samplesize.exposure","exposure","mr_keep.exposure","pval_origin.exposure","id.exposure","eaf.exposure"
"1",20,19300846,"rs6112314","C","A",-0.0561714758226781,0.01081741922632,2.43212464754471e-07,17842,"genus.Lachnoclostridium.id.11308",TRUE,"reported","IEIYv7",NA
"17",3,177470032,"rs62285313","G","A",0.0864203247126035,0.0181565440589373,1.58330756110987e-06,16991,"genus.Lachnoclostridium.id.11308",TRUE,"reported","IEIYv7",NA
"32",17,13816159,"rs78068103","G","A",0.0886199294448127,0.0194247945890936,3.66518818063298e-06,17477,"genus.Lachnoclostridium.id.11308",TRUE,"reported","IEIYv7",NA
"34",3,23037786,"rs615997","C","T",0.0511752397256162,0.0106490558825926,2.02677302471049e-06,17911,"genus.Lachnoclostridium.id.11308",TRUE,"reported","IEIYv7",NA
"41",12,28169306,"rs61915992","T","A",0.0803875772701628,0.0172208697174549,2.6726963616669e-06,16773,"genus.Lachnoclostridium.id.11308",TRUE,"reported","IEIYv7",NA
"48",18,1053252,"rs789029","T","C",-0.0641288495295075,0.0137974057585406,3.75328323726875e-06,17922,"genus.Lachnoclostridium.id.11308",TRUE,"reported","IEIYv7",NA
"56",8,59370320,"rs4738679","A","G",-0.0520266750691733,0.0114040487335605,4.4175436420521e-06,17921,"genus.Lachnoclostridium.id.11308",TRUE,"reported","IEIYv7",NA
