"","chr.exposure","pos.exposure","SNP","other_allele.exposure","effect_allele.exposure","beta.exposure","se.exposure","pval.exposure","samplesize.exposure","exposure","mr_keep.exposure","pval_origin.exposure","id.exposure","eaf.exposure"
"1",10,29201860,"rs2047242","G","A",-0.0676030099013206,0.0133737733507791,2.46372145342276e-07,13369,"genus..Ruminococcusgauvreauiigroup.id.11342",TRUE,"reported","clDVpX",NA
"4",16,2767894,"rs71386687","G","T",0.121036907829049,0.0238599603360403,2.90760817470702e-07,11340,"genus..Ruminococcusgauvreauiigroup.id.11342",TRUE,"reported","clDVpX",NA
"6",3,112372317,"rs9870933","G","A",0.0621642789517628,0.0126071626850593,8.49119796265021e-07,13382,"genus..Ruminococcusgauvreauiigroup.id.11342",TRUE,"reported","clDVpX",NA
"8",12,61119266,"rs1391597","T","C",0.0590283809972879,0.0124873510622732,1.85964317592582e-06,13382,"genus..Ruminococcusgauvreauiigroup.id.11342",TRUE,"reported","clDVpX",NA
"11",2,191954852,"rs10931481","A","G",0.061009637898756,0.0130484457310503,3.38211299912808e-06,13382,"genus..Ruminococcusgauvreauiigroup.id.11342",TRUE,"reported","clDVpX",NA
"12",15,85563483,"rs289410","A","G",-0.0654925767495032,0.0139101039891184,2.27463597109071e-06,13380,"genus..Ruminococcusgauvreauiigroup.id.11342",TRUE,"reported","clDVpX",NA
"14",7,153487396,"rs12539819","T","C",0.11065353642163,0.0240683599559505,4.4937474613659e-06,11860,"genus..Ruminococcusgauvreauiigroup.id.11342",TRUE,"reported","clDVpX",NA
