"","chr.exposure","pos.exposure","SNP","other_allele.exposure","effect_allele.exposure","beta.exposure","se.exposure","pval.exposure","samplesize.exposure","exposure","mr_keep.exposure","pval_origin.exposure","id.exposure","eaf.exposure"
"4",10,94185213,"rs112617308","C","T",-0.17087336142407,0.0362843970742838,2.38032542462856e-06,4001,"genus..Eubacteriumbrachygroup.id.11296",TRUE,"reported","DUkkRY",NA
"5",22,26922534,"rs9613196","A","T",-0.238718472435947,0.0528561035322752,4.98786317589988e-06,3004,"genus..Eubacteriumbrachygroup.id.11296",TRUE,"reported","DUkkRY",NA
"8",5,17460096,"rs62348779","C","T",-0.201480568519595,0.0432860149871789,3.78122011636165e-06,3827,"genus..Eubacteriumbrachygroup.id.11296",TRUE,"reported","DUkkRY",NA
"16",10,22892667,"rs2913110","T","C",0.105143062329495,0.0229419728069847,4.55805925779257e-06,4001,"genus..Eubacteriumbrachygroup.id.11296",TRUE,"reported","DUkkRY",NA
"17",4,184628931,"rs4862235","A","G",0.104806298434417,0.0225751345578332,3.73143284193457e-06,4000,"genus..Eubacteriumbrachygroup.id.11296",TRUE,"reported","DUkkRY",NA
