"","chr.exposure","pos.exposure","SNP","other_allele.exposure","effect_allele.exposure","beta.exposure","se.exposure","pval.exposure","samplesize.exposure","exposure","mr_keep.exposure","pval_origin.exposure","id.exposure","eaf.exposure"
"1",22,17793012,"rs5994253","G","A",-0.081130217251303,0.0157620889679024,2.35183018709764e-07,15288,"genus.RuminococcaceaeNK4A214group.id.11358",TRUE,"reported","Z0HsMA",NA
"3",22,49796014,"rs136761","A","G",-0.0587520971506271,0.0119154698622962,8.15195343735405e-07,14822,"genus.RuminococcaceaeNK4A214group.id.11358",TRUE,"reported","Z0HsMA",NA
"4",1,157338888,"rs11586410","A","G",-0.0863421777269525,0.0169936828680201,3.66275841475347e-07,14822,"genus.RuminococcaceaeNK4A214group.id.11358",TRUE,"reported","Z0HsMA",NA
"5",12,78373555,"rs34576931","C","G",-0.0873311958929149,0.01948859635095,4.71640583468637e-06,14678,"genus.RuminococcaceaeNK4A214group.id.11358",TRUE,"reported","Z0HsMA",NA
"6",2,235430299,"rs114244418","G","C",-0.175266219590798,0.0372779266751248,3.59150691906458e-06,7123,"genus.RuminococcaceaeNK4A214group.id.11358",TRUE,"reported","Z0HsMA",NA
"7",20,18030357,"rs4814689","T","C",-0.10830029134469,0.0230708324136294,4.55189561713084e-06,14009,"genus.RuminococcaceaeNK4A214group.id.11358",TRUE,"reported","Z0HsMA",NA
"8",7,132042135,"rs73158814","G","C",-0.109257320103548,0.0227458445053153,2.19798126629833e-06,13077,"genus.RuminococcaceaeNK4A214group.id.11358",TRUE,"reported","Z0HsMA",NA
"9",2,239087912,"rs12731","G","A",-0.0527684274419598,0.0115053404380423,4.87236844182058e-06,15288,"genus.RuminococcaceaeNK4A214group.id.11358",TRUE,"reported","Z0HsMA",NA
"10",2,141897042,"rs7573569","C","T",0.107738535610975,0.0233638164032607,3.23139168896426e-06,14822,"genus.RuminococcaceaeNK4A214group.id.11358",TRUE,"reported","Z0HsMA",NA
"11",3,26509287,"rs147475196","G","A",-0.13376855268272,0.0295195849895871,4.7249576631158e-06,9917,"genus.RuminococcaceaeNK4A214group.id.11358",TRUE,"reported","Z0HsMA",NA
"12",4,159932022,"rs12642039","C","T",-0.0553002969709341,0.0119397455783529,3.43005114186228e-06,15276,"genus.RuminococcaceaeNK4A214group.id.11358",TRUE,"reported","Z0HsMA",NA
"13",5,35288938,"rs35559912","C","T",-0.0925070852397275,0.0203673827512974,4.89023342856017e-06,13976,"genus.RuminococcaceaeNK4A214group.id.11358",TRUE,"reported","Z0HsMA",NA
