"","chr.exposure","pos.exposure","SNP","other_allele.exposure","effect_allele.exposure","beta.exposure","se.exposure","pval.exposure","samplesize.exposure","exposure","mr_keep.exposure","pval_origin.exposure","id.exposure","eaf.exposure"
"1",6,105073676,"rs1416041","C","A",-0.182339223805375,0.0339898163971193,7.04419354623744e-08,3632,"genus.RuminococcaceaeUCG011.id.11368",TRUE,"reported","apMkDH",NA
"13",1,179370499,"rs12724320","T","C",-0.120880657040767,0.0249229168251434,1.51986105809649e-06,3632,"genus.RuminococcaceaeUCG011.id.11368",TRUE,"reported","apMkDH",NA
"14",12,29634919,"rs79113084","T","C",-0.152165547599216,0.0317519317337698,2.06123459222658e-06,3610,"genus.RuminococcaceaeUCG011.id.11368",TRUE,"reported","apMkDH",NA
"136",1,219901055,"rs9729514","G","A",0.184933530444742,0.0394616356047111,2.36769356071919e-06,3632,"genus.RuminococcaceaeUCG011.id.11368",TRUE,"reported","apMkDH",NA
"167",7,111763988,"rs2729556","T","C",-0.109096995632829,0.0233698890248395,3.18679087269013e-06,3632,"genus.RuminococcaceaeUCG011.id.11368",TRUE,"reported","apMkDH",NA
"175",3,185469491,"rs12636310","A","G",0.13272538065964,0.0282036538976841,2.81235442087039e-06,3632,"genus.RuminococcaceaeUCG011.id.11368",TRUE,"reported","apMkDH",NA
