"","chr.exposure","pos.exposure","SNP","other_allele.exposure","effect_allele.exposure","beta.exposure","se.exposure","pval.exposure","samplesize.exposure","exposure","mr_keep.exposure","pval_origin.exposure","id.exposure","eaf.exposure"
"1",20,25599776,"rs2387977","C","T",-0.0681777758873316,0.0134755556314012,5.38476206590213e-07,11345,"genus.Parasutterella.id.2892",TRUE,"reported","HohWBs",NA
"2",2,72235444,"rs7572229","A","G",0.0662729742008401,0.013273580951134,6.31697886178234e-07,11383,"genus.Parasutterella.id.2892",TRUE,"reported","HohWBs",NA
"3",4,15565736,"rs35414597","A","T",-0.0684946192507456,0.0142143302590763,1.5120550860887e-06,11386,"genus.Parasutterella.id.2892",TRUE,"reported","HohWBs",NA
"4",4,65556925,"rs6828768","T","C",0.0636851847262185,0.0132645163674114,1.78328429441782e-06,11386,"genus.Parasutterella.id.2892",TRUE,"reported","HohWBs",NA
"7",10,44293839,"rs10899911","G","A",-0.0717101622051813,0.0148151444857646,1.15271953857958e-06,11386,"genus.Parasutterella.id.2892",TRUE,"reported","HohWBs",NA
"16",12,5275540,"rs7303158","T","C",0.0646859124557531,0.0134255924026818,1.32775551253497e-06,11386,"genus.Parasutterella.id.2892",TRUE,"reported","HohWBs",NA
"28",2,178954708,"rs78383039","C","T",-0.146314647085935,0.0297119284718396,1.57437554033761e-06,9174,"genus.Parasutterella.id.2892",TRUE,"reported","HohWBs",NA
"36",8,114804024,"rs35055552","C","T",0.10955417634052,0.0235432682544795,3.3485346234534e-06,9970,"genus.Parasutterella.id.2892",TRUE,"reported","HohWBs",NA
"47",6,137615592,"rs2090816","C","A",0.0840967275385699,0.0177314937606081,2.89715208459695e-06,11385,"genus.Parasutterella.id.2892",TRUE,"reported","HohWBs",NA
"50",12,126498824,"rs1403396","T","A",-0.0756728709116151,0.0159034619267181,2.75518877349625e-06,11378,"genus.Parasutterella.id.2892",TRUE,"reported","HohWBs",NA
"59",17,14692867,"rs55877868","C","A",-0.104457810325121,0.0228089323706407,2.87068255424879e-06,10588,"genus.Parasutterella.id.2892",TRUE,"reported","HohWBs",NA
"61",15,67316307,"rs8039785","G","T",0.0618345413372311,0.0133000414644354,3.62094980484675e-06,11383,"genus.Parasutterella.id.2892",TRUE,"reported","HohWBs",NA
"71",8,16674526,"rs823424","A","G",-0.0713448191385571,0.0156958213847837,4.95295137674395e-06,11386,"genus.Parasutterella.id.2892",TRUE,"reported","HohWBs",NA
