"","chr.exposure","pos.exposure","SNP","other_allele.exposure","effect_allele.exposure","beta.exposure","se.exposure","pval.exposure","samplesize.exposure","exposure","mr_keep.exposure","pval_origin.exposure","id.exposure","eaf.exposure"
"1",2,3658278,"rs55922055","C","T",-0.239699162634232,0.0476042942678209,2.27779179588816e-07,4010,"genus.unknowngenus.id.826",TRUE,"reported","GlXLKH",NA
"2",7,112149857,"rs740358","T","G",-0.130156683636201,0.0264762725888287,9.18134297478533e-07,11975,"genus.unknowngenus.id.826",TRUE,"reported","GlXLKH",NA
"4",10,6237156,"rs11257188","C","A",-0.109509032153361,0.0225832126664059,1.8475698934472e-06,13282,"genus.unknowngenus.id.826",TRUE,"reported","GlXLKH",NA
"6",2,134186590,"rs72846345","C","T",0.0877660792358191,0.0190902559215663,2.58478521262613e-06,13281,"genus.unknowngenus.id.826",TRUE,"reported","GlXLKH",NA
"7",2,174484907,"rs66494181","G","T",0.0683788990754876,0.0145098444472302,2.43417622606954e-06,13128,"genus.unknowngenus.id.826",TRUE,"reported","GlXLKH",NA
"8",2,234119635,"rs6431586","G","A",-0.0954151934223093,0.020571542759828,2.7221055161868e-06,13205,"genus.unknowngenus.id.826",TRUE,"reported","GlXLKH",NA
"11",11,62499044,"rs7935794","G","C",-0.127423606017223,0.0274066224855039,3.09598768300123e-06,10767,"genus.unknowngenus.id.826",TRUE,"reported","GlXLKH",NA
"12",19,39539911,"rs599752","T","C",-0.0630207082256961,0.0137964379110144,4.05510777442829e-06,13281,"genus.unknowngenus.id.826",TRUE,"reported","GlXLKH",NA
