"","chr.exposure","pos.exposure","SNP","other_allele.exposure","effect_allele.exposure","beta.exposure","se.exposure","pval.exposure","samplesize.exposure","exposure","mr_keep.exposure","pval_origin.exposure","id.exposure","eaf.exposure"
"2",3,60474379,"rs430270","C","A",0.139155219978616,0.0297055272882579,2.86845776771236e-06,3318,"genus.Prevotella7.id.11182",TRUE,"reported","qvmsm2",NA
"3",2,12101762,"rs57404562","A","C",0.155486470316811,0.031605691197052,6.21576060514149e-07,3487,"genus.Prevotella7.id.11182",TRUE,"reported","qvmsm2",NA
"7",18,71442664,"rs9959718","A","G",0.133012021296545,0.0275361329379191,1.90058258700709e-06,3489,"genus.Prevotella7.id.11182",TRUE,"reported","qvmsm2",NA
"9",22,24613952,"rs9608249","G","A",-0.158213329384776,0.0336317029212199,2.06687340376144e-06,3482,"genus.Prevotella7.id.11182",TRUE,"reported","qvmsm2",NA
"12",2,242066314,"rs2240542","T","C",0.120849888272788,0.0261776158935521,4.84146463848679e-06,3489,"genus.Prevotella7.id.11182",TRUE,"reported","qvmsm2",NA
