"","chr.exposure","pos.exposure","SNP","other_allele.exposure","effect_allele.exposure","beta.exposure","se.exposure","pval.exposure","samplesize.exposure","exposure","mr_keep.exposure","pval_origin.exposure","id.exposure","eaf.exposure"
"1",10,2219930,"rs12781711","T","C",-0.0656129169790462,0.0117476572222604,2.55301292132771e-08,16772,"genus.RuminococcaceaeUCG013.id.11370",TRUE,"reported","CG8I7C",NA
"7",5,141395140,"rs12189346","A","G",0.0684961245290016,0.0145580369398443,1.67955002421676e-06,16470,"genus.RuminococcaceaeUCG013.id.11370",TRUE,"reported","CG8I7C",NA
"8",12,30245557,"rs75088940","C","T",-0.0942968110283113,0.0200712500859681,2.55398683835386e-06,15638,"genus.RuminococcaceaeUCG013.id.11370",TRUE,"reported","CG8I7C",NA
"9",10,19780463,"rs16918863","C","A",0.111491182403975,0.0240156874826449,4.15503193106638e-06,12643,"genus.RuminococcaceaeUCG013.id.11370",TRUE,"reported","CG8I7C",NA
"11",3,9534657,"rs76973485","T","G",0.194975714015035,0.0418213421314862,3.34980000653716e-06,5299,"genus.RuminococcaceaeUCG013.id.11370",TRUE,"reported","CG8I7C",NA
"12",3,197049996,"rs12485353","A","G",-0.0607902693523826,0.0130846986877635,4.19379451062662e-06,16771,"genus.RuminococcaceaeUCG013.id.11370",TRUE,"reported","CG8I7C",NA
"13",1,9361576,"rs11581881","T","C",0.0661210719305195,0.0144736487455416,4.72582020472827e-06,15730,"genus.RuminococcaceaeUCG013.id.11370",TRUE,"reported","CG8I7C",NA
