"","chr.exposure","pos.exposure","SNP","other_allele.exposure","effect_allele.exposure","beta.exposure","se.exposure","pval.exposure","samplesize.exposure","exposure","mr_keep.exposure","pval_origin.exposure","id.exposure","eaf.exposure"
"1",19,49218060,"rs35866622","C","T",-0.0612023841477696,0.0109421248685838,2.21337001584787e-08,17240,"genus..Ruminococcustorquesgroup.id.14377",TRUE,"reported","pJH9x5",NA
"31",12,56494998,"rs773123","A","T",0.0824004646064527,0.0173861594881762,1.58955565498908e-06,17011,"genus..Ruminococcustorquesgroup.id.14377",TRUE,"reported","pJH9x5",NA
"49",10,4639762,"rs10904297","G","A",-0.167804385203179,0.0389812371891559,2.68713330855969e-06,3143,"genus..Ruminococcustorquesgroup.id.14377",TRUE,"reported","pJH9x5",NA
"61",17,14532347,"rs8080469","A","G",0.0490726624219759,0.0107036253845275,3.49522482860778e-06,17798,"genus..Ruminococcustorquesgroup.id.14377",TRUE,"reported","pJH9x5",NA
"62",7,54781314,"rs73130967","T","A",0.0770374829620573,0.0168264231407815,3.70741046605573e-06,17011,"genus..Ruminococcustorquesgroup.id.14377",TRUE,"reported","pJH9x5",NA
"63",14,26130404,"rs12434631","G","A",0.0746969941277219,0.0153400533962131,2.77246818367023e-06,17353,"genus..Ruminococcustorquesgroup.id.14377",TRUE,"reported","pJH9x5",NA
"67",11,132663147,"rs4073731","C","T",0.0651948007848432,0.0142221182808669,4.05249526877758e-06,17793,"genus..Ruminococcustorquesgroup.id.14377",TRUE,"reported","pJH9x5",NA
