"","chr.exposure","pos.exposure","SNP","other_allele.exposure","effect_allele.exposure","beta.exposure","se.exposure","pval.exposure","samplesize.exposure","exposure","mr_keep.exposure","pval_origin.exposure","id.exposure","eaf.exposure"
"1",16,81820486,"rs4583233","C","A",0.0670204772475218,0.0128121779815614,2.83851908636396e-07,14327,"genus..Eubacteriumeligensgroup.id.14372",TRUE,"reported","n5HFOG",NA
"3",10,83092007,"rs265534","G","T",-0.0563756083216695,0.0120127195063776,2.26758039625934e-06,14776,"genus..Eubacteriumeligensgroup.id.14372",TRUE,"reported","n5HFOG",NA
"4",2,115197171,"rs72839198","G","C",0.155658995251687,0.0375612220523567,3.13913646703203e-06,4926,"genus..Eubacteriumeligensgroup.id.14372",TRUE,"reported","n5HFOG",NA
"5",14,39301409,"rs74606150","G","C",-0.196453544549325,0.0425649510311357,4.24506334451182e-06,5381,"genus..Eubacteriumeligensgroup.id.14372",TRUE,"reported","n5HFOG",NA
"6",6,70956815,"rs6923695","G","T",0.103267603329869,0.0229524502317044,4.87406317877696e-06,12891,"genus..Eubacteriumeligensgroup.id.14372",TRUE,"reported","n5HFOG",NA
