"","chr.exposure","pos.exposure","SNP","other_allele.exposure","effect_allele.exposure","beta.exposure","se.exposure","pval.exposure","samplesize.exposure","exposure","mr_keep.exposure","pval_origin.exposure","id.exposure","eaf.exposure"
"1",3,3556826,"rs9852893","G","C",0.065783419108864,0.0129056216582631,3.87539220839935e-07,14184,"genus.FamilyXIIIAD3011group.id.11293",TRUE,"reported","9UXPmx",NA
"2",20,4618639,"rs62200412","T","C",-0.0800851318285326,0.0163834366616951,5.80218883191191e-07,13661,"genus.FamilyXIIIAD3011group.id.11293",TRUE,"reported","9UXPmx",NA
"3",1,240694163,"rs16840310","G","A",-0.0608051948941943,0.012214900785928,6.75113227333189e-07,14201,"genus.FamilyXIIIAD3011group.id.11293",TRUE,"reported","9UXPmx",NA
"4",1,192019835,"rs72730932","A","C",-0.0899558661522998,0.0177106521050582,6.88766395207795e-07,13102,"genus.FamilyXIIIAD3011group.id.11293",TRUE,"reported","9UXPmx",NA
"6",15,58683697,"rs16940167","T","C",0.0732551567458877,0.0159897965267489,3.90837361002017e-06,14201,"genus.FamilyXIIIAD3011group.id.11293",TRUE,"reported","9UXPmx",NA
"10",7,28603985,"rs17156849","A","G",-0.112890920995813,0.0245292358339374,4.19170764804199e-06,13352,"genus.FamilyXIIIAD3011group.id.11293",TRUE,"reported","9UXPmx",NA
"15",16,16006242,"rs62029761","G","A",0.128752725058167,0.0276001539559693,3.89083079686338e-06,9655,"genus.FamilyXIIIAD3011group.id.11293",TRUE,"reported","9UXPmx",NA
"20",12,18127597,"rs12812672","C","T",-0.0960650154072426,0.0208280226646301,2.5580708267582e-06,13565,"genus.FamilyXIIIAD3011group.id.11293",TRUE,"reported","9UXPmx",NA
