"","chr.exposure","pos.exposure","SNP","other_allele.exposure","effect_allele.exposure","beta.exposure","se.exposure","pval.exposure","samplesize.exposure","exposure","mr_keep.exposure","pval_origin.exposure","id.exposure","eaf.exposure"
"1",15,58063881,"rs503751","G","C",0.0618294334508755,0.0118886586413102,2.07624655558404e-07,14218,"genus.Odoribacter.id.952",TRUE,"reported","oeKkR9",NA
"4",12,67655943,"rs77779484","A","G",-0.133489404792857,0.0268526072863682,6.56256158363831e-07,11935,"genus.Odoribacter.id.952",TRUE,"reported","oeKkR9",NA
"25",8,1266824,"rs10093869","G","A",-0.0577794856576578,0.0125389287342676,3.67440551623856e-06,14218,"genus.Odoribacter.id.952",TRUE,"reported","oeKkR9",NA
"34",14,70944224,"rs28417404","G","A",-0.0726896448078858,0.0161371954249087,3.68032182747217e-06,14698,"genus.Odoribacter.id.952",TRUE,"reported","oeKkR9",NA
