"","chr.exposure","pos.exposure","SNP","other_allele.exposure","effect_allele.exposure","beta.exposure","se.exposure","pval.exposure","samplesize.exposure","exposure","mr_keep.exposure","pval_origin.exposure","id.exposure","eaf.exposure"
"1",11,3922055,"rs12362320","C","G",0.0573167684510655,0.0115466227891477,8.04224084536772e-07,16764,"genus.LachnospiraceaeNK4A136group.id.11319",TRUE,"reported","Wt2YIE",NA
"3",1,54578401,"rs954878","G","A",-0.0520656236703209,0.0109082205658323,1.78202855318654e-06,17227,"genus.LachnospiraceaeNK4A136group.id.11319",TRUE,"reported","Wt2YIE",NA
"4",8,4842929,"rs7832116","G","A",-0.0714755935543963,0.0151703072271499,3.57084007600303e-06,17219,"genus.LachnospiraceaeNK4A136group.id.11319",TRUE,"reported","Wt2YIE",NA
"5",3,190415145,"rs7616165","T","G",-0.230541982266658,0.0483464563825089,2.77390908054586e-06,4094,"genus.LachnospiraceaeNK4A136group.id.11319",TRUE,"reported","Wt2YIE",NA
"6",3,161749981,"rs76193507","G","A",-0.229730156582025,0.049977561014355,2.93090178833742e-06,3578,"genus.LachnospiraceaeNK4A136group.id.11319",TRUE,"reported","Wt2YIE",NA
"7",19,51256120,"rs73044693","G","A",-0.107579587371258,0.0229883738725416,3.5725564653737e-06,12773,"genus.LachnospiraceaeNK4A136group.id.11319",TRUE,"reported","Wt2YIE",NA
"8",5,6116659,"rs160061","G","A",0.0513830893369009,0.010809407334627,2.12197847469812e-06,17234,"genus.LachnospiraceaeNK4A136group.id.11319",TRUE,"reported","Wt2YIE",NA
"9",14,100177681,"rs68104925","C","T",-0.0549103534775834,0.01153849680993,2.36779350713391e-06,17227,"genus.LachnospiraceaeNK4A136group.id.11319",TRUE,"reported","Wt2YIE",NA
