"","chr.exposure","pos.exposure","SNP","other_allele.exposure","effect_allele.exposure","beta.exposure","se.exposure","pval.exposure","samplesize.exposure","exposure","mr_keep.exposure","pval_origin.exposure","id.exposure","eaf.exposure"
"1",6,165722832,"rs550843","C","T",-0.078324644819721,0.016920943373302,2.05070515178684e-06,14102,"genus.Clostridiumsensustricto1.id.1873",TRUE,"reported","qfr9Pb",NA
"3",10,43270264,"rs2795528","A","G",-0.184314695012329,0.0392204190294881,2.72039712019622e-06,6366,"genus.Clostridiumsensustricto1.id.1873",TRUE,"reported","qfr9Pb",NA
"5",1,3041519,"rs2817172","T","C",0.0581389570833038,0.0124492191298523,2.76655186797286e-06,13658,"genus.Clostridiumsensustricto1.id.1873",TRUE,"reported","qfr9Pb",NA
"6",5,84997131,"rs115807074","G","A",-0.227359785527468,0.0492575233308432,4.31688040682007e-06,4229,"genus.Clostridiumsensustricto1.id.1873",TRUE,"reported","qfr9Pb",NA
"7",12,43485015,"rs116847295","T","C",0.110021418241233,0.0246031552223139,4.58117768760769e-06,12910,"genus.Clostridiumsensustricto1.id.1873",TRUE,"reported","qfr9Pb",NA
"8",9,136710881,"rs12341505","A","G",0.0810717750687341,0.0180121112680455,4.82174181883289e-06,14118,"genus.Clostridiumsensustricto1.id.1873",TRUE,"reported","qfr9Pb",NA
