"","chr.exposure","pos.exposure","SNP","other_allele.exposure","effect_allele.exposure","beta.exposure","se.exposure","pval.exposure","samplesize.exposure","exposure","mr_keep.exposure","pval_origin.exposure","id.exposure","eaf.exposure"
"1",19,40032132,"rs8100692","C","T",0.0577410932265099,0.0113475949084393,4.16458834254728e-07,15829,"genus.Coprococcus3.id.11303",TRUE,"reported","Ew567t",NA
"2",8,4128340,"rs62481985","C","G",-0.0582385231531753,0.0115052208041965,4.17559971057078e-07,15472,"genus.Coprococcus3.id.11303",TRUE,"reported","Ew567t",NA
"3",22,21331556,"rs178271","C","T",0.14525692305973,0.0294238683871715,7.81087720864975e-07,10794,"genus.Coprococcus3.id.11303",TRUE,"reported","Ew567t",NA
"4",2,240727657,"rs13394391","T","C",-0.0709301584016131,0.0150917845040903,2.20316718195661e-06,15834,"genus.Coprococcus3.id.11303",TRUE,"reported","Ew567t",NA
"5",17,26104511,"rs11080344","T","C",0.0516920958701435,0.0113054075053375,4.78692033971397e-06,15835,"genus.Coprococcus3.id.11303",TRUE,"reported","Ew567t",NA
"8",1,149998497,"rs7521171","A","G",-0.0596434398939691,0.0129278573040729,4.3224178406544e-06,15472,"genus.Coprococcus3.id.11303",TRUE,"reported","Ew567t",NA
