"","chr.exposure","pos.exposure","SNP","other_allele.exposure","effect_allele.exposure","beta.exposure","se.exposure","pval.exposure","samplesize.exposure","exposure","mr_keep.exposure","pval_origin.exposure","id.exposure","eaf.exposure"
"1",3,17793504,"rs75754569","G","C",0.181434144097494,0.0319428738917599,1.09883753645594e-08,5481,"genus.Peptococcus.id.2037",TRUE,"reported","DDqFSB",NA
"6",13,91182556,"rs77681628","T","C",0.200307213729622,0.0387327561326838,2.68836219182382e-07,4842,"genus.Peptococcus.id.2037",TRUE,"reported","DDqFSB",NA
"7",4,35358594,"rs10031059","C","T",-0.121166530755335,0.0225844025894845,1.23636758676019e-07,5526,"genus.Peptococcus.id.2037",TRUE,"reported","DDqFSB",NA
"125",6,99020289,"rs6918730","A","G",0.13531056846091,0.0289742007459231,1.14731553887456e-06,5656,"genus.Peptococcus.id.2037",TRUE,"reported","DDqFSB",NA
"132",14,57985112,"rs413827","A","G",0.110229469617108,0.023752348026347,3.30084989782533e-06,5482,"genus.Peptococcus.id.2037",TRUE,"reported","DDqFSB",NA
"135",2,33691809,"rs2054133","A","G",0.0895432565632236,0.0188331533608468,2.14166280947144e-06,5657,"genus.Peptococcus.id.2037",TRUE,"reported","DDqFSB",NA
"138",10,78716030,"rs11001941","A","G",-0.195611126737104,0.0392216811768057,1.32858063737064e-06,5607,"genus.Peptococcus.id.2037",TRUE,"reported","DDqFSB",NA
"142",9,104595848,"rs7033353","G","T",0.0901520007267528,0.0189950093020213,2.21957260210433e-06,5657,"genus.Peptococcus.id.2037",TRUE,"reported","DDqFSB",NA
"143",22,50973113,"rs5770862","C","T",0.162017845028033,0.0356813390558139,3.21957125316799e-06,5431,"genus.Peptococcus.id.2037",TRUE,"reported","DDqFSB",NA
"154",15,75073172,"rs34282744","C","G",0.191797389866681,0.0399832402937513,1.83534624958054e-06,5257,"genus.Peptococcus.id.2037",TRUE,"reported","DDqFSB",NA
"192",11,4019788,"rs11030569","T","A",-0.174020125509049,0.0374133361568195,3.12990994396148e-06,5329,"genus.Peptococcus.id.2037",TRUE,"reported","DDqFSB",NA
"194",6,162239191,"rs7766680","C","G",0.0976831697636252,0.0214154924104113,3.50768035281892e-06,5655,"genus.Peptococcus.id.2037",TRUE,"reported","DDqFSB",NA
