"","chr.exposure","pos.exposure","SNP","other_allele.exposure","effect_allele.exposure","beta.exposure","se.exposure","pval.exposure","samplesize.exposure","exposure","mr_keep.exposure","pval_origin.exposure","id.exposure","eaf.exposure"
"1",20,2308307,"rs6048195","T","A",-0.0603594315178333,0.0116579938541485,2.5032420797269e-07,14839,"genus..Eubacteriumventriosumgroup.id.11341",TRUE,"reported","B7Tvew",NA
"2",20,50140919,"rs73615400","C","T",-0.0956303165866365,0.0193427596489153,9.53613236131177e-07,15146,"genus..Eubacteriumventriosumgroup.id.11341",TRUE,"reported","B7Tvew",NA
"3",3,190223732,"rs57199565","C","T",0.0783394354345015,0.0160257103081581,7.97036579679181e-07,14913,"genus..Eubacteriumventriosumgroup.id.11341",TRUE,"reported","B7Tvew",NA
"4",13,98785900,"rs11617697","G","A",-0.143348528477697,0.0286240730320826,7.21756535082003e-07,11497,"genus..Eubacteriumventriosumgroup.id.11341",TRUE,"reported","B7Tvew",NA
"5",8,114445055,"rs16884680","T","G",-0.090642842676102,0.019190901440616,1.73969428451799e-06,15289,"genus..Eubacteriumventriosumgroup.id.11341",TRUE,"reported","B7Tvew",NA
"6",18,22460785,"rs12964517","A","G",0.0587198057553738,0.0123453323838013,2.07498742438489e-06,15289,"genus..Eubacteriumventriosumgroup.id.11341",TRUE,"reported","B7Tvew",NA
"7",12,52423996,"rs876734","T","C",-0.0618696480882828,0.0132532314306121,2.88907627230526e-06,14913,"genus..Eubacteriumventriosumgroup.id.11341",TRUE,"reported","B7Tvew",NA
"9",14,44975510,"rs3809430","C","T",-0.0548171139338207,0.0118425655148259,3.55316944426308e-06,15287,"genus..Eubacteriumventriosumgroup.id.11341",TRUE,"reported","B7Tvew",NA
"22",1,147291928,"rs78250280","A","G",0.0749762423694705,0.0164404475269874,3.35790999721094e-06,14835,"genus..Eubacteriumventriosumgroup.id.11341",TRUE,"reported","B7Tvew",NA
