"","chr.exposure","pos.exposure","SNP","other_allele.exposure","effect_allele.exposure","beta.exposure","se.exposure","pval.exposure","samplesize.exposure","exposure","mr_keep.exposure","pval_origin.exposure","id.exposure","eaf.exposure"
"1",3,161557749,"rs11709800","C","T",0.0879803599392142,0.0166339701844687,1.48234421516519e-07,10293,"genus.unknowngenus.id.1868",TRUE,"reported","goYKaq",NA
"3",3,12351583,"rs12634544","C","T",-0.0813050869384857,0.0158819693157651,2.60324180335118e-07,10300,"genus.unknowngenus.id.1868",TRUE,"reported","goYKaq",NA
"76",2,81684934,"rs72819830","G","A",0.226766564596671,0.0467216144547666,1.61420470045801e-06,4399,"genus.unknowngenus.id.1868",TRUE,"reported","goYKaq",NA
"88",5,126751728,"rs6595770","T","G",-0.0851224360436748,0.0176899989799393,1.98224374141617e-06,10295,"genus.unknowngenus.id.1868",TRUE,"reported","goYKaq",NA
"90",1,221945123,"rs3010848","A","G",-0.0696727757977313,0.0146630675547115,1.78294829400781e-06,10300,"genus.unknowngenus.id.1868",TRUE,"reported","goYKaq",NA
"92",10,109292487,"rs17291611","G","A",-0.0905691175919511,0.0190904004005577,2.29783706891452e-06,10008,"genus.unknowngenus.id.1868",TRUE,"reported","goYKaq",NA
"108",7,6719867,"rs10231386","C","G",-0.17299289234678,0.0390401280412022,4.61652364957794e-06,6324,"genus.unknowngenus.id.1868",TRUE,"reported","goYKaq",NA
"114",10,134926480,"rs138437711","G","A",-0.0874839769600337,0.0192215183065143,4.65992729646455e-06,9966,"genus.unknowngenus.id.1868",TRUE,"reported","goYKaq",NA
"115",16,8870618,"rs12930556","T","C",0.0642110311989651,0.013981592186115,4.5429482533558e-06,10301,"genus.unknowngenus.id.1868",TRUE,"reported","goYKaq",NA
