"","chr.exposure","pos.exposure","SNP","other_allele.exposure","effect_allele.exposure","beta.exposure","se.exposure","pval.exposure","samplesize.exposure","exposure","mr_keep.exposure","pval_origin.exposure","id.exposure","eaf.exposure"
"1",11,44302154,"rs2013594","C","T",-0.0720698188103724,0.0155153201517585,3.42129275769759e-06,9283,"genus.Veillonella.id.2198",TRUE,"reported","Me59XC",NA
"2",8,13253770,"rs12679709","G","C",-0.0793498571854707,0.0164817760100454,1.77578860114359e-06,9290,"genus.Veillonella.id.2198",TRUE,"reported","Me59XC",NA
"3",22,45604800,"rs742016","G","A",-0.068857083919395,0.0149769098254483,4.65691747092346e-06,9279,"genus.Veillonella.id.2198",TRUE,"reported","Me59XC",NA
"7",21,30010673,"rs1882878","G","A",-0.0768965800525852,0.0163908287437094,2.98089350681809e-06,9282,"genus.Veillonella.id.2198",TRUE,"reported","Me59XC",NA
"9",3,125544032,"rs7645873","T","A",0.0761385326908338,0.016422756531194,3.11802136592554e-06,9286,"genus.Veillonella.id.2198",TRUE,"reported","Me59XC",NA
"16",5,119914285,"rs62376424","T","C",-0.0762216313015364,0.0163499230903833,3.65453197156426e-06,8999,"genus.Veillonella.id.2198",TRUE,"reported","Me59XC",NA
