"","chr.exposure","pos.exposure","SNP","other_allele.exposure","effect_allele.exposure","beta.exposure","se.exposure","pval.exposure","samplesize.exposure","exposure","mr_keep.exposure","pval_origin.exposure","id.exposure","eaf.exposure"
"1",3,187450354,"rs76287110","T","A",-0.242964921493475,0.0466177308264494,1.67486200987275e-07,3483,"genus.Gordonibacter.id.821",TRUE,"reported","fSzdj8",NA
"5",12,29024534,"rs7294633","T","C",0.128670033786623,0.0249946366169465,3.43763142545151e-07,3723,"genus.Gordonibacter.id.821",TRUE,"reported","fSzdj8",NA
"6",17,10148653,"rs7220558","T","A",0.116884144297677,0.023483370384406,6.70634394601772e-07,3723,"genus.Gordonibacter.id.821",TRUE,"reported","fSzdj8",NA
"11",4,136768501,"rs72714787","A","C",0.181404779279895,0.0377101715431852,1.42889001956175e-06,3723,"genus.Gordonibacter.id.821",TRUE,"reported","fSzdj8",NA
"13",7,136937189,"rs322296","A","G",0.178689527736963,0.0377219572504414,4.02422283225746e-06,3595,"genus.Gordonibacter.id.821",TRUE,"reported","fSzdj8",NA
