"","chr.exposure","pos.exposure","SNP","other_allele.exposure","effect_allele.exposure","beta.exposure","se.exposure","pval.exposure","samplesize.exposure","exposure","mr_keep.exposure","pval_origin.exposure","id.exposure","eaf.exposure"
"1",11,9312796,"rs56349194","G","A",-0.158501176425758,0.0315230753399211,6.25747758804192e-07,3266,"genus.Victivallis.id.2256",TRUE,"reported","UgAO1y",NA
"3",9,136309841,"rs592514","A","T",-0.18144886677574,0.0391677506959867,2.60374683014918e-06,3241,"genus.Victivallis.id.2256",TRUE,"reported","UgAO1y",NA
"5",12,102514184,"rs4764863","A","G",0.121560632557555,0.0246058237664747,8.22220174566165e-07,3266,"genus.Victivallis.id.2256",TRUE,"reported","UgAO1y",NA
"7",4,9608445,"rs12512543","C","A",-0.178036099870747,0.0374344405067114,2.54129876822854e-06,3239,"genus.Victivallis.id.2256",TRUE,"reported","UgAO1y",NA
"9",6,131630319,"rs4895919","C","T",-0.116917512901749,0.0247515494712175,2.75199293962183e-06,3254,"genus.Victivallis.id.2256",TRUE,"reported","UgAO1y",NA
"10",2,38049069,"rs11899949","A","G",0.130567820877948,0.0276238888992241,2.76709906326037e-06,3258,"genus.Victivallis.id.2256",TRUE,"reported","UgAO1y",NA
"11",3,57723877,"rs6445926","C","G",0.117030673874482,0.0249763530840619,2.95824476163036e-06,3267,"genus.Victivallis.id.2256",TRUE,"reported","UgAO1y",NA
