"","chr.exposure","pos.exposure","SNP","other_allele.exposure","effect_allele.exposure","beta.exposure","se.exposure","pval.exposure","samplesize.exposure","exposure","mr_keep.exposure","pval_origin.exposure","id.exposure","eaf.exposure"
"1",10,13124513,"rs11258178","G","A",0.0660742320663152,0.0134138858839776,6.98194818696299e-07,11766,"genus.Intestinimonas.id.2062",TRUE,"reported","gBi0Mq",NA
"2",11,94364293,"rs12226153","G","A",-0.151142451496101,0.0306922289908772,5.121705949931e-07,9023,"genus.Intestinimonas.id.2062",TRUE,"reported","gBi0Mq",NA
"3",16,58818770,"rs4784055","C","T",-0.175323954330758,0.038599022818149,8.71812010490414e-07,3193,"genus.Intestinimonas.id.2062",TRUE,"reported","gBi0Mq",NA
"4",2,6514088,"rs716604","G","A",0.0818068347959367,0.0165992382272966,8.56630348927772e-07,12090,"genus.Intestinimonas.id.2062",TRUE,"reported","gBi0Mq",NA
"33",16,85327902,"rs2930225","T","G",0.0729523838541179,0.0152948475897603,1.34621867947098e-06,12003,"genus.Intestinimonas.id.2062",TRUE,"reported","gBi0Mq",NA
"39",3,10611142,"rs62240188","A","G",0.130073573107971,0.02671788381193,2.2030786521902e-06,10252,"genus.Intestinimonas.id.2062",TRUE,"reported","gBi0Mq",NA
"45",5,17209391,"rs2731794","T","C",0.120632118397556,0.0257529252925081,1.91743684905147e-06,11079,"genus.Intestinimonas.id.2062",TRUE,"reported","gBi0Mq",NA
"46",15,93819735,"rs7170984","C","T",-0.065811569987918,0.014076732767137,2.98355846567624e-06,12090,"genus.Intestinimonas.id.2062",TRUE,"reported","gBi0Mq",NA
"47",7,66890843,"rs10262702","C","T",0.0918017115791659,0.0194884678818685,2.06073138792601e-06,11766,"genus.Intestinimonas.id.2062",TRUE,"reported","gBi0Mq",NA
"48",1,43767569,"rs12566247","A","T",0.0637084405216945,0.0135355478642567,2.19053597420413e-06,12076,"genus.Intestinimonas.id.2062",TRUE,"reported","gBi0Mq",NA
"49",7,22007303,"rs1859797","A","G",0.0603679545145569,0.0131792534573361,4.12234691936255e-06,11766,"genus.Intestinimonas.id.2062",TRUE,"reported","gBi0Mq",NA
"50",3,17187915,"rs11928843","A","G",-0.0607330797381236,0.0132035148147477,4.20567476960355e-06,11766,"genus.Intestinimonas.id.2062",TRUE,"reported","gBi0Mq",NA
"52",2,140898088,"rs72982915","T","C",0.183157909213471,0.0402742719462831,4.91156943555125e-06,5591,"genus.Intestinimonas.id.2062",TRUE,"reported","gBi0Mq",NA
