"","chr.exposure","pos.exposure","SNP","other_allele.exposure","effect_allele.exposure","beta.exposure","se.exposure","pval.exposure","samplesize.exposure","exposure","mr_keep.exposure","pval_origin.exposure","id.exposure","eaf.exposure"
"1",19,34076956,"rs999354","A","T",0.0580247790096514,0.011718513539007,7.00695314531481e-07,16324,"genus.ChristensenellaceaeR.7group.id.11283",TRUE,"reported","D3hWKd",NA
"28",7,118096925,"rs62467127","T","C",0.114108278625467,0.0251982715929554,3.25361993889517e-06,12719,"genus.ChristensenellaceaeR.7group.id.11283",TRUE,"reported","D3hWKd",NA
"29",18,67555560,"rs17081797","G","A",-0.0904324747184105,0.0204253136789687,3.34030640276789e-06,16324,"genus.ChristensenellaceaeR.7group.id.11283",TRUE,"reported","D3hWKd",NA
"31",9,83043376,"rs892686","G","A",0.0514098867476968,0.0111359752836585,3.9686055429346e-06,16325,"genus.ChristensenellaceaeR.7group.id.11283",TRUE,"reported","D3hWKd",NA
