"","chr.exposure","pos.exposure","SNP","other_allele.exposure","effect_allele.exposure","beta.exposure","se.exposure","pval.exposure","samplesize.exposure","exposure","mr_keep.exposure","pval_origin.exposure","id.exposure","eaf.exposure"
"1",10,83848397,"rs11192447","G","A",0.126592140723535,0.0243450016725239,4.68957482771952e-07,12695,"genus.LachnospiraceaeUCG010.id.11330",TRUE,"reported","JTYUzd",NA
"2",21,44079875,"rs9981767","C","A",0.0655062215552622,0.0131994203477037,9.96373427140219e-07,12816,"genus.LachnospiraceaeUCG010.id.11330",TRUE,"reported","JTYUzd",NA
"4",14,29872341,"rs74315802","T","G",0.0867262441791441,0.018347716740073,3.19006423403524e-06,12715,"genus.LachnospiraceaeUCG010.id.11330",TRUE,"reported","JTYUzd",NA
"5",9,92267239,"rs12346653","T","C",0.0657685584538427,0.0139569270321333,2.70320656170881e-06,12816,"genus.LachnospiraceaeUCG010.id.11330",TRUE,"reported","JTYUzd",NA
"7",19,42586245,"rs10414815","C","T",0.104529603754157,0.0230252566719926,4.2397659035102e-06,11564,"genus.LachnospiraceaeUCG010.id.11330",TRUE,"reported","JTYUzd",NA
"9",1,224897491,"rs72761829","T","A",0.111883594042511,0.0238892861238456,2.57651083497448e-06,11488,"genus.LachnospiraceaeUCG010.id.11330",TRUE,"reported","JTYUzd",NA
