"","chr.exposure","pos.exposure","SNP","other_allele.exposure","effect_allele.exposure","beta.exposure","se.exposure","pval.exposure","samplesize.exposure","exposure","mr_keep.exposure","pval_origin.exposure","id.exposure","eaf.exposure"
"1",12,94515340,"rs12423772","T","G",0.140979641070221,0.0295028890109047,2.62925374831098e-06,5321,"genus..Eubacteriumoxidoreducensgroup.id.11339",TRUE,"reported","ujkMm4",NA
"2",4,37526679,"rs2973294","T","G",0.0923558710698249,0.0195438711807532,2.38836425360718e-06,5378,"genus..Eubacteriumoxidoreducensgroup.id.11339",TRUE,"reported","ujkMm4",NA
"4",16,86480355,"rs34561138","A","G",0.21614534542657,0.0459919696239924,2.51162685546062e-06,4186,"genus..Eubacteriumoxidoreducensgroup.id.11339",TRUE,"reported","ujkMm4",NA
"7",5,106882394,"rs440215","T","C",0.093276592479957,0.019529390755972,1.65407199835244e-06,5377,"genus..Eubacteriumoxidoreducensgroup.id.11339",TRUE,"reported","ujkMm4",NA
