"","chr.exposure","pos.exposure","SNP","other_allele.exposure","effect_allele.exposure","beta.exposure","se.exposure","pval.exposure","samplesize.exposure","exposure","mr_keep.exposure","pval_origin.exposure","id.exposure","eaf.exposure"
"1",21,19151940,"rs243585","G","C",-0.0585939326525451,0.012101692323869,1.32681101745872e-06,16906,"genus.Ruminiclostridium5.id.11355",TRUE,"reported","ZkywUR",NA
"2",12,1891043,"rs2286384","C","G",-0.0518813981201209,0.0107482247963668,1.43857254789617e-06,17394,"genus.Ruminiclostridium5.id.11355",TRUE,"reported","ZkywUR",NA
"3",20,41177956,"rs79968837","G","A",-0.0950310844298132,0.0193507464396549,1.14623086165473e-06,16602,"genus.Ruminiclostridium5.id.11355",TRUE,"reported","ZkywUR",NA
"6",10,12835085,"rs2482038","A","C",0.0518991210197298,0.0108776825876171,1.70314056057998e-06,17396,"genus.Ruminiclostridium5.id.11355",TRUE,"reported","ZkywUR",NA
"8",5,32477664,"rs113753996","C","T",0.0820688915658604,0.0174462539303152,3.98895023854871e-06,16680,"genus.Ruminiclostridium5.id.11355",TRUE,"reported","ZkywUR",NA
"13",6,50405920,"rs1492620","C","T",-0.083050484073384,0.0180072968669877,3.52576914611235e-06,17397,"genus.Ruminiclostridium5.id.11355",TRUE,"reported","ZkywUR",NA
"21",10,35262588,"rs10827477","G","A",-0.05473865263573,0.0115163436358196,2.19176943624005e-06,17391,"genus.Ruminiclostridium5.id.11355",TRUE,"reported","ZkywUR",NA
"33",20,60293505,"rs6121460","A","G",0.0932955195034792,0.0199205968084213,2.64106749318625e-06,17318,"genus.Ruminiclostridium5.id.11355",TRUE,"reported","ZkywUR",NA
