"","chr.exposure","pos.exposure","SNP","other_allele.exposure","effect_allele.exposure","beta.exposure","se.exposure","pval.exposure","samplesize.exposure","exposure","mr_keep.exposure","pval_origin.exposure","id.exposure","eaf.exposure"
"1",13,68610061,"rs9541268","A","C",0.0959699803923341,0.0197312179450097,8.79419214330458e-07,12914,"genus.Collinsella.id.815",TRUE,"reported","Z7qk4e",NA
"2",17,47529492,"rs2671662","G","C",-0.0567750905454579,0.0119449970391299,2.22040193425025e-06,14334,"genus.Collinsella.id.815",TRUE,"reported","Z7qk4e",NA
"3",2,195739311,"rs73052258","A","G",0.0930178136710824,0.0202658418156036,1.7157997140564e-06,14334,"genus.Collinsella.id.815",TRUE,"reported","Z7qk4e",NA
"4",21,29355467,"rs2103510","A","G",0.0786551008312094,0.0168216723394299,2.42474196597797e-06,14334,"genus.Collinsella.id.815",TRUE,"reported","Z7qk4e",NA
