"","chr.exposure","pos.exposure","SNP","other_allele.exposure","effect_allele.exposure","beta.exposure","se.exposure","pval.exposure","samplesize.exposure","exposure","mr_keep.exposure","pval_origin.exposure","id.exposure","eaf.exposure"
"1",2,136616754,"rs182549","T","C",0.119703495308544,0.0127293739894414,1.27821553295152e-20,14778,"genus.Bifidobacterium.id.436",TRUE,"reported","qjHqQR",NA
"252",13,112859829,"rs7322849","C","T",0.112428453340795,0.0201812621619254,1.08367850733182e-08,14778,"genus.Bifidobacterium.id.436",TRUE,"reported","qjHqQR",NA
"419",12,20378911,"rs10841473","C","G",-0.0624206538966098,0.0129438494819259,1.64521989431773e-06,14777,"genus.Bifidobacterium.id.436",TRUE,"reported","qjHqQR",NA
"502",5,537890,"rs56108664","C","T",0.0729970977242608,0.0157925888415359,2.44019941734738e-06,13916,"genus.Bifidobacterium.id.436",TRUE,"reported","qjHqQR",NA
"531",2,49906864,"rs4567981","A","T",0.0562083951530246,0.0117923089016579,1.92831246344533e-06,14666,"genus.Bifidobacterium.id.436",TRUE,"reported","qjHqQR",NA
"542",5,169748189,"rs76671854","G","C",-0.0846054567723805,0.0184003195669723,3.95669960400324e-06,13806,"genus.Bifidobacterium.id.436",TRUE,"reported","qjHqQR",NA
"545",21,31861790,"rs75344046","T","C",0.232354091355058,0.0505978672851669,4.86354124005911e-06,3856,"genus.Bifidobacterium.id.436",TRUE,"reported","qjHqQR",NA
"548",6,14617591,"rs857444","T","C",0.0558234369658901,0.0121219243778603,3.57096560144982e-06,14777,"genus.Bifidobacterium.id.436",TRUE,"reported","qjHqQR",NA
"561",2,189805784,"rs62181700","A","G",-0.0624643312582115,0.0131205260142945,2.17246448608256e-06,14774,"genus.Bifidobacterium.id.436",TRUE,"reported","qjHqQR",NA
"567",5,142793467,"rs73797465","G","T",-0.0953566327105873,0.0209236503498442,4.38161861238097e-06,14666,"genus.Bifidobacterium.id.436",TRUE,"reported","qjHqQR",NA
