"","chr.exposure","pos.exposure","SNP","other_allele.exposure","effect_allele.exposure","beta.exposure","se.exposure","pval.exposure","samplesize.exposure","exposure","mr_keep.exposure","pval_origin.exposure","id.exposure","eaf.exposure"
"1",11,45826561,"rs61884471","A","G",0.124426313170363,0.024843115741687,1.01163301194793e-06,11559,"genus.Marvinbryantia.id.2005",TRUE,"reported","EneYiU",NA
"3",10,12516924,"rs2724813","G","A",-0.0840769239319322,0.0167550803897286,6.28450653119526e-07,11610,"genus.Marvinbryantia.id.2005",TRUE,"reported","EneYiU",NA
"4",1,58441860,"rs1187983","T","C",-0.0935455813595047,0.0193174429720933,2.0242722400119e-06,11896,"genus.Marvinbryantia.id.2005",TRUE,"reported","EneYiU",NA
"6",6,132881664,"rs2842896","T","C",-0.0649395995195205,0.0131146464058172,7.25363280443252e-07,11709,"genus.Marvinbryantia.id.2005",TRUE,"reported","EneYiU",NA
"15",16,5938448,"rs11645029","C","G",-0.0606180430853412,0.013155125474572,4.14752250405477e-06,11709,"genus.Marvinbryantia.id.2005",TRUE,"reported","EneYiU",NA
"18",3,166039765,"rs2863363","G","A",0.0634860622692704,0.0136322793197585,3.11280717901803e-06,11950,"genus.Marvinbryantia.id.2005",TRUE,"reported","EneYiU",NA
"21",11,79518683,"rs72948274","C","A",-0.126353989140808,0.0272211800519018,3.25910026032196e-06,11561,"genus.Marvinbryantia.id.2005",TRUE,"reported","EneYiU",NA
