"","chr.exposure","pos.exposure","SNP","other_allele.exposure","effect_allele.exposure","beta.exposure","se.exposure","pval.exposure","samplesize.exposure","exposure","mr_keep.exposure","pval_origin.exposure","id.exposure","eaf.exposure"
"1",12,83502773,"rs12320842","G","C",0.0948329580201942,0.0163962240572742,7.56951403555339e-09,17638,"genus.Faecalibacterium.id.2057",TRUE,"reported","g1Q5C0",NA
"6",6,131587157,"rs6910935","G","A",0.134863868830482,0.027703162864754,1.37848475281048e-06,12640,"genus.Faecalibacterium.id.2057",TRUE,"reported","g1Q5C0",NA
"7",14,64044097,"rs1271565","T","C",-0.0576251165267181,0.0119649278782733,1.30168923716782e-06,17638,"genus.Faecalibacterium.id.2057",TRUE,"reported","g1Q5C0",NA
"8",16,6099863,"rs75499067","T","C",0.227584711185188,0.0465522131903485,1.7644796070168e-06,4526,"genus.Faecalibacterium.id.2057",TRUE,"reported","g1Q5C0",NA
"9",15,47404021,"rs28376661","G","C",0.0504817299680895,0.0109367969850243,3.66453535926303e-06,18087,"genus.Faecalibacterium.id.2057",TRUE,"reported","g1Q5C0",NA
