"","chr.exposure","pos.exposure","SNP","other_allele.exposure","effect_allele.exposure","beta.exposure","se.exposure","pval.exposure","samplesize.exposure","exposure","mr_keep.exposure","pval_origin.exposure","id.exposure","eaf.exposure"
"1",16,77238810,"rs11149971","T","C",0.117604746593993,0.0233899746373371,1.0393351342772e-06,16255,"genus.Blautia.id.1992",TRUE,"reported","fg8BNz",NA
"2",17,16895873,"rs12453000","T","C",0.0625334558309434,0.0129987114031502,1.26116921864415e-06,17815,"genus.Blautia.id.1992",TRUE,"reported","fg8BNz",NA
"3",7,124210039,"rs67794373","T","C",0.0601708893026546,0.0123442806737907,1.00002937163185e-06,18158,"genus.Blautia.id.1992",TRUE,"reported","fg8BNz",NA
"13",19,1043103,"rs72973581","G","A",0.125169074504669,0.0265407929711023,1.73933670953657e-06,12764,"genus.Blautia.id.1992",TRUE,"reported","fg8BNz",NA
"15",9,1866537,"rs7860714","G","A",-0.0502177750726921,0.0109852690602203,4.09147222726883e-06,18162,"genus.Blautia.id.1992",TRUE,"reported","fg8BNz",NA
"17",11,87805911,"rs682885","G","A",-0.0493376106771502,0.0107358833566408,4.49079616123627e-06,18274,"genus.Blautia.id.1992",TRUE,"reported","fg8BNz",NA
