"","chr.exposure","pos.exposure","SNP","other_allele.exposure","effect_allele.exposure","beta.exposure","se.exposure","pval.exposure","samplesize.exposure","exposure","mr_keep.exposure","pval_origin.exposure","id.exposure","eaf.exposure"
"1",18,64699550,"rs34757988","C","G",0.122293892124808,0.0228976050970215,8.95038686618067e-08,4055,"genus.Lactococcus.id.1851",TRUE,"reported","axwhOE",NA
"2",22,31532568,"rs757872","C","G",0.140799134651181,0.027581977835389,4.36881726758605e-07,3792,"genus.Lactococcus.id.1851",TRUE,"reported","axwhOE",NA
"3",17,2699935,"rs123059","C","T",-0.136709792173046,0.0274693598385625,1.26562054182943e-06,3760,"genus.Lactococcus.id.1851",TRUE,"reported","axwhOE",NA
"4",12,113161438,"rs4766997","T","C",0.114599245781753,0.0238390240176399,2.06144762306805e-06,4053,"genus.Lactococcus.id.1851",TRUE,"reported","axwhOE",NA
"5",19,28767353,"rs10417872","G","T",0.118305771983703,0.0245219747484906,1.28677503371816e-06,4056,"genus.Lactococcus.id.1851",TRUE,"reported","axwhOE",NA
"6",13,113472525,"rs7992246","C","T",0.104232064360677,0.0230786427315897,4.44724202859605e-06,4057,"genus.Lactococcus.id.1851",TRUE,"reported","axwhOE",NA
"13",10,71518643,"rs55910161","T","C",0.146425945193358,0.0307366944007344,2.36213653553945e-06,3836,"genus.Lactococcus.id.1851",TRUE,"reported","axwhOE",NA
"16",2,54114864,"rs2293361","T","C",-0.199221089261754,0.043096892330821,1.39592526868083e-06,3787,"genus.Lactococcus.id.1851",TRUE,"reported","axwhOE",NA
