"","chr.exposure","pos.exposure","SNP","other_allele.exposure","effect_allele.exposure","beta.exposure","se.exposure","pval.exposure","samplesize.exposure","exposure","mr_keep.exposure","pval_origin.exposure","id.exposure","eaf.exposure"
"1",14,20954661,"rs1756364","T","G",0.0999189291243973,0.0197168567338226,2.53654255558329e-07,12933,"genus.Ruminiclostridium6.id.11356",TRUE,"reported","wEihtH",NA
"2",14,56938952,"rs71414120","G","T",0.200894087069744,0.0406433976414504,1.07696608547745e-06,5567,"genus.Ruminiclostridium6.id.11356",TRUE,"reported","wEihtH",NA
"3",16,72136154,"rs61060922","G","T",0.159129692282063,0.0322283439063059,1.08646528332958e-06,8955,"genus.Ruminiclostridium6.id.11356",TRUE,"reported","wEihtH",NA
"6",1,240503826,"rs79968172","A","G",0.116139597299243,0.0243083399913826,1.66053644053145e-06,12802,"genus.Ruminiclostridium6.id.11356",TRUE,"reported","wEihtH",NA
"9",11,40289063,"rs77193512","G","A",0.0736532650338658,0.0153163485044543,1.29586569833527e-06,13380,"genus.Ruminiclostridium6.id.11356",TRUE,"reported","wEihtH",NA
"10",8,79766499,"rs11992182","C","A",0.062529930341326,0.0137875619071035,4.64838566008838e-06,13381,"genus.Ruminiclostridium6.id.11356",TRUE,"reported","wEihtH",NA
"14",18,76018244,"rs72991535","G","T",0.13560389416614,0.0295174425830136,4.95367192795103e-06,9642,"genus.Ruminiclostridium6.id.11356",TRUE,"reported","wEihtH",NA
"15",11,86179076,"rs663262","C","T",-0.134980385334964,0.0310714500435414,3.39417080049738e-06,7876,"genus.Ruminiclostridium6.id.11356",TRUE,"reported","wEihtH",NA
"18",10,132651293,"rs10829821","C","T",-0.0976059538879276,0.0216072406511905,3.47140916725064e-06,12802,"genus.Ruminiclostridium6.id.11356",TRUE,"reported","wEihtH",NA
