"","chr.exposure","pos.exposure","SNP","other_allele.exposure","effect_allele.exposure","beta.exposure","se.exposure","pval.exposure","samplesize.exposure","exposure","mr_keep.exposure","pval_origin.exposure","id.exposure","eaf.exposure"
"1",2,145173029,"rs16823675","T","C",-0.0767514655758334,0.0149972791465152,2.33346006763925e-07,12619,"genus.unknowngenus.id.2071",TRUE,"reported","cdMzxi",NA
"2",14,104006716,"rs12147596","T","C",-0.071981785292424,0.0141608837750363,2.86206063505822e-07,12619,"genus.unknowngenus.id.2071",TRUE,"reported","cdMzxi",NA
"7",4,105068883,"rs35740166","T","C",-0.112245532244551,0.0226824069116197,8.39976918183884e-07,11607,"genus.unknowngenus.id.2071",TRUE,"reported","cdMzxi",NA
"17",10,113086067,"rs11195523","C","A",0.0689278239770384,0.0145350632688362,2.40122759076865e-06,12617,"genus.unknowngenus.id.2071",TRUE,"reported","cdMzxi",NA
"21",1,175159585,"rs11809762","A","G",-0.0934634453233758,0.0190197554056385,1.6828596439099e-06,12611,"genus.unknowngenus.id.2071",TRUE,"reported","cdMzxi",NA
"25",12,94212918,"rs76532867","C","T",0.112352824832861,0.0242364339119357,2.55861325100503e-06,11387,"genus.unknowngenus.id.2071",TRUE,"reported","cdMzxi",NA
"28",15,35278445,"rs72700702","C","T",-0.09172605113928,0.0189005229877458,1.59273284656537e-06,11968,"genus.unknowngenus.id.2071",TRUE,"reported","cdMzxi",NA
"30",2,111817641,"rs11684166","G","A",-0.0769634937481474,0.0168348569319595,3.49118886316241e-06,12607,"genus.unknowngenus.id.2071",TRUE,"reported","cdMzxi",NA
"35",6,124369748,"rs17086536","A","C",-0.100851129903434,0.0224319800068169,3.36378797082299e-06,12612,"genus.unknowngenus.id.2071",TRUE,"reported","cdMzxi",NA
