"","chr.exposure","pos.exposure","SNP","other_allele.exposure","effect_allele.exposure","beta.exposure","se.exposure","pval.exposure","samplesize.exposure","exposure","mr_keep.exposure","pval_origin.exposure","id.exposure","eaf.exposure"
"1",3,157841287,"rs57665991","G","C",-0.0641507073679284,0.0123338614755959,2.07273904941739e-07,16725,"genus.Ruminiclostridium9.id.11357",TRUE,"reported","2BBw1G",NA
"99",1,247710285,"rs12040548","T","G",0.0570421506736933,0.0122358912606811,3.14871935873459e-06,16721,"genus.Ruminiclostridium9.id.11357",TRUE,"reported","2BBw1G",NA
"117",7,47013498,"rs115044523","A","G",-0.0980025580329637,0.0202616409607489,2.37202166265678e-06,16107,"genus.Ruminiclostridium9.id.11357",TRUE,"reported","2BBw1G",NA
"118",11,68886460,"rs12419854","A","T",-0.0727974710042876,0.0155594244283899,3.17992066264184e-06,16027,"genus.Ruminiclostridium9.id.11357",TRUE,"reported","2BBw1G",NA
"126",20,2210530,"rs6082461","C","A",0.0586424579651151,0.0131003940008691,4.8659362980728e-06,16650,"genus.Ruminiclostridium9.id.11357",TRUE,"reported","2BBw1G",NA
"131",9,74214419,"rs113048721","G","C",0.0600734805865309,0.0132737305104694,4.10351720846598e-06,16719,"genus.Ruminiclostridium9.id.11357",TRUE,"reported","2BBw1G",NA
"134",19,34371198,"rs918449","G","A",-0.0950908174904143,0.0197176822371746,2.55994109232514e-06,16725,"genus.Ruminiclostridium9.id.11357",TRUE,"reported","2BBw1G",NA
"136",6,128568828,"rs73592673","T","A",-0.0816290198756828,0.0169514656072906,2.1397103152771e-06,15493,"genus.Ruminiclostridium9.id.11357",TRUE,"reported","2BBw1G",NA
"146",13,90441578,"rs9522712","C","T",0.0699727676220259,0.0154939049209513,4.6596166370181e-06,16725,"genus.Ruminiclostridium9.id.11357",TRUE,"reported","2BBw1G",NA
