"","chr.exposure","pos.exposure","SNP","other_allele.exposure","effect_allele.exposure","beta.exposure","se.exposure","pval.exposure","samplesize.exposure","exposure","mr_keep.exposure","pval_origin.exposure","id.exposure","eaf.exposure"
"1",19,1030320,"rs67476743","G","T",0.132163631257819,0.0222079696738574,3.74048852761236e-09,4948,"genus.Tyzzerella3.id.11335",TRUE,"reported","zTDg8h",NA
"6",5,16388259,"rs17706273","C","T",-0.140368365120471,0.0274707927319219,5.87816178863191e-07,5395,"genus.Tyzzerella3.id.11335",TRUE,"reported","zTDg8h",NA
"8",2,57810406,"rs7561370","C","T",0.131341092092324,0.0286292449896378,1.51605143970491e-06,5396,"genus.Tyzzerella3.id.11335",TRUE,"reported","zTDg8h",NA
"16",17,3738781,"rs55799124","G","A",-0.114350138090867,0.0238604170669469,1.33550169103134e-06,5362,"genus.Tyzzerella3.id.11335",TRUE,"reported","zTDg8h",NA
"18",7,82547827,"rs17809157","T","A",-0.163819472728622,0.0336386408915071,1.54133231639639e-06,4621,"genus.Tyzzerella3.id.11335",TRUE,"reported","zTDg8h",NA
"19",9,33113322,"rs7019909","C","T",0.144155503252083,0.0301626447584932,1.7611958831022e-06,5396,"genus.Tyzzerella3.id.11335",TRUE,"reported","zTDg8h",NA
"21",13,35023691,"rs75091807","T","G",-0.184966239448751,0.0383029143819951,1.70673967047836e-06,4621,"genus.Tyzzerella3.id.11335",TRUE,"reported","zTDg8h",NA
"23",14,89595945,"rs4904512","C","T",-0.117150935435607,0.0250305612103409,3.09268997367581e-06,5396,"genus.Tyzzerella3.id.11335",TRUE,"reported","zTDg8h",NA
"24",13,81593016,"rs7333521","C","T",-0.20719145006188,0.0453120582711518,4.87601934690874e-06,4335,"genus.Tyzzerella3.id.11335",TRUE,"reported","zTDg8h",NA
"31",6,5755626,"rs6920448","T","C",-0.141080632087013,0.0305445775579608,4.15376345950999e-06,5010,"genus.Tyzzerella3.id.11335",TRUE,"reported","zTDg8h",NA
