"","chr.exposure","pos.exposure","SNP","other_allele.exposure","effect_allele.exposure","beta.exposure","se.exposure","pval.exposure","samplesize.exposure","exposure","mr_keep.exposure","pval_origin.exposure","id.exposure","eaf.exposure"
"1",8,118729182,"rs2136103","C","T",0.0754532814511766,0.0154038464041135,6.72528765613348e-07,10129,"genus.unknowngenus.id.2001",TRUE,"reported","HyUly4",NA
"11",21,29651882,"rs6516833","G","A",0.134075145801224,0.0277636143028796,2.33597282308691e-06,9310,"genus.unknowngenus.id.2001",TRUE,"reported","HyUly4",NA
"19",1,204056176,"rs111373036","G","A",-0.0858259117099876,0.0179766343002145,1.70306002844411e-06,10118,"genus.unknowngenus.id.2001",TRUE,"reported","HyUly4",NA
"21",8,70926204,"rs2599390","A","G",0.0940490058845466,0.0198354587251101,3.03423631093841e-06,9530,"genus.unknowngenus.id.2001",TRUE,"reported","HyUly4",NA
"32",9,3477030,"rs10123122","C","G",0.127590442019012,0.0287409886988181,4.60656683363134e-06,8847,"genus.unknowngenus.id.2001",TRUE,"reported","HyUly4",NA
