"","chr.exposure","pos.exposure","SNP","other_allele.exposure","effect_allele.exposure","beta.exposure","se.exposure","pval.exposure","samplesize.exposure","exposure","mr_keep.exposure","pval_origin.exposure","id.exposure","eaf.exposure"
"1",11,77901287,"rs901099","G","T",-0.127180025414752,0.0250924032562406,6.52857664498577e-07,3647,"genus.Howardella.id.2000",TRUE,"reported","PNzrn8",NA
"2",18,43206985,"rs1484873","G","A",-0.227831171035716,0.0463350263455618,2.55917591761735e-06,3608,"genus.Howardella.id.2000",TRUE,"reported","PNzrn8",NA
"3",7,133154356,"rs17167098","A","G",-0.169365659515785,0.0352067807690594,1.12322928949975e-06,3586,"genus.Howardella.id.2000",TRUE,"reported","PNzrn8",NA
"4",4,169178315,"rs609430","G","T",-0.112045365285464,0.023932786096753,3.34483956617462e-06,3798,"genus.Howardella.id.2000",TRUE,"reported","PNzrn8",NA
"9",7,93527414,"rs36081916","C","T",-0.181229725242912,0.0402987182382294,4.70040430248692e-06,3216,"genus.Howardella.id.2000",TRUE,"reported","PNzrn8",NA
"10",17,17253288,"rs12452946","G","A",-0.105833102993063,0.0228940837095865,3.80392832765155e-06,3800,"genus.Howardella.id.2000",TRUE,"reported","PNzrn8",NA
"11",1,72972799,"rs61771805","T","A",-0.136778681697847,0.0296811116262643,4.02739596424564e-06,3612,"genus.Howardella.id.2000",TRUE,"reported","PNzrn8",NA
"12",18,60125134,"rs672217","A","G",0.16414567300691,0.0349992663686735,3.52467565649635e-06,3611,"genus.Howardella.id.2000",TRUE,"reported","PNzrn8",NA
