"","chr.exposure","pos.exposure","SNP","other_allele.exposure","effect_allele.exposure","beta.exposure","se.exposure","pval.exposure","samplesize.exposure","exposure","mr_keep.exposure","pval_origin.exposure","id.exposure","eaf.exposure"
"3",14,97116904,"rs11160353","A","T",-0.0691755635241121,0.0147285052003316,2.70303066501562e-06,9234,"genus.Desulfovibrio.id.3173",TRUE,"reported","sCktPt",NA
"5",8,105462047,"rs2853179","T","C",0.0811970782525123,0.0174234433036507,2.42439224336511e-06,8949,"genus.Desulfovibrio.id.3173",TRUE,"reported","sCktPt",NA
"6",2,198089911,"rs16863365","G","A",0.109402490929603,0.0226963747544364,1.79450327629711e-06,8776,"genus.Desulfovibrio.id.3173",TRUE,"reported","sCktPt",NA
"8",3,67478973,"rs13066142","A","G",0.119140589873539,0.0250890546883058,3.78665328844788e-06,9241,"genus.Desulfovibrio.id.3173",TRUE,"reported","sCktPt",NA
"9",5,139410687,"rs6580353","C","T",0.0770978995415498,0.0169735292789689,4.93856906614791e-06,9241,"genus.Desulfovibrio.id.3173",TRUE,"reported","sCktPt",NA
