"","chr.exposure","pos.exposure","SNP","other_allele.exposure","effect_allele.exposure","beta.exposure","se.exposure","pval.exposure","samplesize.exposure","exposure","mr_keep.exposure","pval_origin.exposure","id.exposure","eaf.exposure"
"1",1,24927625,"rs4378146","C","A",-0.0616690557377008,0.0125258841679197,7.20451193785197e-07,17384,"genus.Fusicatenibacter.id.11305",TRUE,"reported","MhDDVm",NA
"4",5,29595000,"rs62353480","G","A",-0.0701396936172574,0.0145588835578337,1.56767708092877e-06,16119,"genus.Fusicatenibacter.id.11305",TRUE,"reported","MhDDVm",NA
"6",3,64252803,"rs704418","C","T",0.0739124219417605,0.0151072834768734,7.77428011702946e-07,16626,"genus.Fusicatenibacter.id.11305",TRUE,"reported","MhDDVm",NA
"9",8,15360718,"rs2132128","A","G",-0.0771913904496063,0.0160344479088173,1.07685864568226e-06,17370,"genus.Fusicatenibacter.id.11305",TRUE,"reported","MhDDVm",NA
"11",2,226649570,"rs62187631","C","T",-0.071057110381861,0.0159240137500883,4.54526139835128e-06,16522,"genus.Fusicatenibacter.id.11305",TRUE,"reported","MhDDVm",NA
"12",10,112177119,"rs2025938","A","G",-0.0967297906511894,0.0205425573124093,2.98831651524481e-06,15626,"genus.Fusicatenibacter.id.11305",TRUE,"reported","MhDDVm",NA
"13",10,120447429,"rs3303","C","T",-0.0953657130613755,0.0204069915415402,3.93891382840354e-06,16877,"genus.Fusicatenibacter.id.11305",TRUE,"reported","MhDDVm",NA
"14",9,130371107,"rs2039204","A","T",-0.0497414502500117,0.0107941366066731,3.94177652054286e-06,17383,"genus.Fusicatenibacter.id.11305",TRUE,"reported","MhDDVm",NA
"16",17,70721782,"rs1864685","C","A",-0.0494799275613294,0.0108104937976683,4.96161277152118e-06,17374,"genus.Fusicatenibacter.id.11305",TRUE,"reported","MhDDVm",NA
"18",16,73821805,"rs8063430","C","T",-0.104026454990873,0.022216951613136,4.92890302189889e-06,15552,"genus.Fusicatenibacter.id.11305",TRUE,"reported","MhDDVm",NA
