"","chr.exposure","pos.exposure","SNP","other_allele.exposure","effect_allele.exposure","beta.exposure","se.exposure","pval.exposure","samplesize.exposure","exposure","mr_keep.exposure","pval_origin.exposure","id.exposure","eaf.exposure"
"1",10,125628540,"rs28568391","G","A",-0.0583910808811354,0.0118740516114377,6.41952772312476e-07,14544,"genus.ErysipelotrichaceaeUCG003.id.11384",TRUE,"reported","P5qZa4",NA
"2",8,91660344,"rs11994308","T","C",0.1154174132246,0.024250252172865,1.32562909641338e-06,13558,"genus.ErysipelotrichaceaeUCG003.id.11384",TRUE,"reported","P5qZa4",NA
"3",15,86522244,"rs76502207","C","T",0.144843760497513,0.0289929134050557,6.41121275552691e-07,10740,"genus.ErysipelotrichaceaeUCG003.id.11384",TRUE,"reported","P5qZa4",NA
"6",18,46614602,"rs10164067","G","T",-0.103260130901904,0.0212405018270505,1.13085632201103e-06,14427,"genus.ErysipelotrichaceaeUCG003.id.11384",TRUE,"reported","P5qZa4",NA
"11",7,33684926,"rs17798136","A","G",0.158817550217896,0.0347674310812806,3.23598067660677e-06,7421,"genus.ErysipelotrichaceaeUCG003.id.11384",TRUE,"reported","P5qZa4",NA
"12",18,43034126,"rs59104037","G","A",-0.0951262610443706,0.0204742088015205,4.48256178875812e-06,14848,"genus.ErysipelotrichaceaeUCG003.id.11384",TRUE,"reported","P5qZa4",NA
"17",6,24220160,"rs62403464","C","T",-0.0731743255532411,0.0156515721505751,3.43738377259404e-06,14899,"genus.ErysipelotrichaceaeUCG003.id.11384",TRUE,"reported","P5qZa4",NA
"18",4,113256737,"rs59068084","G","T",0.0564772432262274,0.0120223866969195,3.11741970364323e-06,14544,"genus.ErysipelotrichaceaeUCG003.id.11384",TRUE,"reported","P5qZa4",NA
"21",2,175403951,"rs75949021","C","T",-0.169667060418097,0.0374237933824411,3.57507454754237e-06,6721,"genus.ErysipelotrichaceaeUCG003.id.11384",TRUE,"reported","P5qZa4",NA
