"","chr.exposure","pos.exposure","SNP","other_allele.exposure","effect_allele.exposure","beta.exposure","se.exposure","pval.exposure","samplesize.exposure","exposure","mr_keep.exposure","pval_origin.exposure","id.exposure","eaf.exposure"
"1",20,57995506,"rs17830032","A","G",-0.160597430862368,0.0310514530483689,2.38892766460175e-07,9527,"genus..Eubacteriumxylanophilumgroup.id.14375",TRUE,"reported","lVENs7",NA
"2",7,43566344,"rs13239072","A","G",0.06874273429727,0.0142728315744079,1.81782568966878e-06,13307,"genus..Eubacteriumxylanophilumgroup.id.14375",TRUE,"reported","lVENs7",NA
"6",17,66689958,"rs79582700","G","C",-0.0951676506584881,0.0199968965266752,2.40981144960442e-06,13256,"genus..Eubacteriumxylanophilumgroup.id.14375",TRUE,"reported","lVENs7",NA
"7",11,131009660,"rs2213117","G","T",0.0877797364305482,0.0189012284695105,4.21328667833515e-06,12878,"genus..Eubacteriumxylanophilumgroup.id.14375",TRUE,"reported","lVENs7",NA
"8",14,73181783,"rs10140184","C","A",0.0576794526232797,0.0125989898497408,4.95862415338592e-06,12930,"genus..Eubacteriumxylanophilumgroup.id.14375",TRUE,"reported","lVENs7",NA
"9",1,22627266,"rs10917203","C","A",0.0612633267044508,0.0130916884542897,3.15154738799593e-06,12930,"genus..Eubacteriumxylanophilumgroup.id.14375",TRUE,"reported","lVENs7",NA
"10",16,73696771,"rs112176119","T","C",-0.113455468153488,0.024576195578986,3.32765930356292e-06,12199,"genus..Eubacteriumxylanophilumgroup.id.14375",TRUE,"reported","lVENs7",NA
"11",9,130498120,"rs1999224","T","G",-0.0949051428308416,0.0203502814684776,3.75491530869858e-06,13309,"genus..Eubacteriumxylanophilumgroup.id.14375",TRUE,"reported","lVENs7",NA
