"","chr.exposure","pos.exposure","SNP","other_allele.exposure","effect_allele.exposure","beta.exposure","se.exposure","pval.exposure","samplesize.exposure","exposure","mr_keep.exposure","pval_origin.exposure","id.exposure","eaf.exposure"
"1",2,174308394,"rs13417181","C","T",0.166509314092782,0.033752137678584,7.61747559927555e-07,3047,"genus.Sellimonas.id.14369",TRUE,"reported","r7tq5L",NA
"2",2,213214174,"rs2371572","C","A",0.127348938724373,0.02508623777341,4.46356985559586e-07,3154,"genus.Sellimonas.id.14369",TRUE,"reported","r7tq5L",NA
"7",11,79332972,"rs2187447","C","A",0.24345711747019,0.052769543431742,3.97806187367273e-06,3028,"genus.Sellimonas.id.14369",TRUE,"reported","r7tq5L",NA
"10",15,52105282,"rs2016057","C","A",-0.125877525723859,0.0256153198751882,1.02697870711459e-06,3154,"genus.Sellimonas.id.14369",TRUE,"reported","r7tq5L",NA
"13",7,111501524,"rs56203279","C","T",-0.124045002425119,0.0269114967578454,3.71998638152479e-06,3154,"genus.Sellimonas.id.14369",TRUE,"reported","r7tq5L",NA
"22",2,180277875,"rs6433790","T","C",-0.138530029347634,0.0301697649456753,3.97592693896745e-06,3095,"genus.Sellimonas.id.14369",TRUE,"reported","r7tq5L",NA
