"","chr.exposure","pos.exposure","SNP","other_allele.exposure","effect_allele.exposure","beta.exposure","se.exposure","pval.exposure","samplesize.exposure","exposure","mr_keep.exposure","pval_origin.exposure","id.exposure","eaf.exposure"
"1",12,100584014,"rs11110281","C","T",-0.137518884251238,0.0227398140424571,2.58314486031278e-09,15120,"genus.Streptococcus.id.1853",TRUE,"reported","IRzi31",NA
"148",17,61298020,"rs4968759","G","A",-0.0515109441732028,0.011206835633031,3.78116176058337e-06,16384,"genus.Streptococcus.id.1853",TRUE,"reported","IRzi31",NA
"149",7,46774896,"rs11764382","G","A",-0.0695344699772051,0.0143671316002077,1.28630992527067e-06,16387,"genus.Streptococcus.id.1853",TRUE,"reported","IRzi31",NA
"153",15,41663393,"rs72739637","G","A",0.0959941820710269,0.0193212609337552,1.03306657490042e-06,14920,"genus.Streptococcus.id.1853",TRUE,"reported","IRzi31",NA
"154",11,131649446,"rs1918540","A","G",0.0596390382744329,0.012814810805892,2.44067330865812e-06,16373,"genus.Streptococcus.id.1853",TRUE,"reported","IRzi31",NA
"155",8,10199548,"rs17708276","G","A",-0.0793955190695559,0.0170627526444982,3.04096176493343e-06,16278,"genus.Streptococcus.id.1853",TRUE,"reported","IRzi31",NA
"160",3,94103591,"rs11720390","A","G",0.107023903755504,0.0228121452261035,3.59482134628258e-06,15220,"genus.Streptococcus.id.1853",TRUE,"reported","IRzi31",NA
"162",5,169689604,"rs395407","C","G",-0.079278061389295,0.0173697295649089,4.36503250049292e-06,15864,"genus.Streptococcus.id.1853",TRUE,"reported","IRzi31",NA
"163",9,93556174,"rs10448310","G","A",-0.051793473434602,0.01113235584972,3.30706151380617e-06,16384,"genus.Streptococcus.id.1853",TRUE,"reported","IRzi31",NA
"165",10,28588269,"rs7916711","G","A",0.102890940877996,0.0217362272612446,2.71702355386731e-06,15294,"genus.Streptococcus.id.1853",TRUE,"reported","IRzi31",NA
"175",3,132058723,"rs6806351","C","T",-0.0633828628250659,0.0136647411789864,4.93869425501072e-06,15973,"genus.Streptococcus.id.1853",TRUE,"reported","IRzi31",NA
"176",17,80576624,"rs9903102","A","C",-0.0709483449697896,0.0155274976692006,4.17997851289591e-06,16384,"genus.Streptococcus.id.1853",TRUE,"reported","IRzi31",NA
