"","chr.exposure","pos.exposure","SNP","other_allele.exposure","effect_allele.exposure","beta.exposure","se.exposure","pval.exposure","samplesize.exposure","exposure","mr_keep.exposure","pval_origin.exposure","id.exposure","eaf.exposure"
"1",3,72207794,"rs4677103","G","A",0.0977912099191572,0.0197263324270326,9.59556829877548e-07,7983,"genus.DefluviitaleaceaeUCG011.id.11287",TRUE,"reported","FjrxVg",NA
"2",4,147414743,"rs72731813","T","C",-0.147382972453203,0.0293796130821283,4.33115551496696e-07,7767,"genus.DefluviitaleaceaeUCG011.id.11287",TRUE,"reported","FjrxVg",NA
"5",9,8786663,"rs112893842","C","T",0.113810201946648,0.0232805615266658,1.44534652880105e-06,8183,"genus.DefluviitaleaceaeUCG011.id.11287",TRUE,"reported","FjrxVg",NA
"8",1,85205632,"rs9725395","G","A",-0.13833966866191,0.0295540022460731,3.5192115415959e-06,8011,"genus.DefluviitaleaceaeUCG011.id.11287",TRUE,"reported","FjrxVg",NA
"9",21,41811003,"rs55658617","C","T",0.174368774971644,0.0362225535536972,2.152920309074e-06,6663,"genus.DefluviitaleaceaeUCG011.id.11287",TRUE,"reported","FjrxVg",NA
"10",22,24804081,"rs9608282","G","T",0.1429391901847,0.0299792984291401,2.52045375444087e-06,7716,"genus.DefluviitaleaceaeUCG011.id.11287",TRUE,"reported","FjrxVg",NA
"11",1,118723685,"rs1582238","C","T",0.0805035878033149,0.0167256720282713,1.56775081849983e-06,7983,"genus.DefluviitaleaceaeUCG011.id.11287",TRUE,"reported","FjrxVg",NA
"13",10,66407366,"rs4344384","T","G",0.0715977822685902,0.0156309115064956,4.83238124876789e-06,8180,"genus.DefluviitaleaceaeUCG011.id.11287",TRUE,"reported","FjrxVg",NA
