"","chr.exposure","pos.exposure","SNP","other_allele.exposure","effect_allele.exposure","beta.exposure","se.exposure","pval.exposure","samplesize.exposure","exposure","mr_keep.exposure","pval_origin.exposure","id.exposure","eaf.exposure"
"1",4,111885431,"rs13116360","C","T",0.154124444645952,0.0297185330554663,2.94486822953011e-07,10323,"genus..Eubacteriumhalliigroup.id.11338",TRUE,"reported","Zq0k1G",NA
"3",3,110283389,"rs949971","G","T",-0.0540163641850448,0.0116100708747731,3.29002023313144e-06,16566,"genus..Eubacteriumhalliigroup.id.11338",TRUE,"reported","Zq0k1G",NA
"4",1,34308917,"rs10798999","T","C",0.0601660737633011,0.0126752446850334,2.60557880547594e-06,16561,"genus..Eubacteriumhalliigroup.id.11338",TRUE,"reported","Zq0k1G",NA
"5",7,148856720,"rs60254196","G","A",-0.0522831629686655,0.0111864909683667,2.69671921719683e-06,16238,"genus..Eubacteriumhalliigroup.id.11338",TRUE,"reported","Zq0k1G",NA
"6",7,100635375,"rs10808115","C","A",-0.0504747407839271,0.0109922475222328,4.42448483155775e-06,16566,"genus..Eubacteriumhalliigroup.id.11338",TRUE,"reported","Zq0k1G",NA
"9",15,62014160,"rs74018587","T","C",0.208942799186401,0.0438219737316112,3.70257284184543e-06,3039,"genus..Eubacteriumhalliigroup.id.11338",TRUE,"reported","Zq0k1G",NA
"10",3,23663416,"rs6550770","C","T",-0.198087408104575,0.0443544874600637,4.82300455789055e-06,4279,"genus..Eubacteriumhalliigroup.id.11338",TRUE,"reported","Zq0k1G",NA
"11",3,64664456,"rs28584818","G","A",0.126115363898252,0.0268627474424814,4.43234779020068e-06,11095,"genus..Eubacteriumhalliigroup.id.11338",TRUE,"reported","Zq0k1G",NA
