"","chr.exposure","pos.exposure","SNP","other_allele.exposure","effect_allele.exposure","beta.exposure","se.exposure","pval.exposure","samplesize.exposure","exposure","mr_keep.exposure","pval_origin.exposure","id.exposure","eaf.exposure"
"1",2,45453805,"rs3851328","G","T",-0.107774250893741,0.023652669427483,4.1758892334647e-06,5147,"genus.Eggerthella.id.819",TRUE,"reported","Td7A5y",NA
"2",7,38335954,"rs2240838","G","A",0.0980581845597842,0.0197652804801872,7.36204777610001e-07,5147,"genus.Eggerthella.id.819",TRUE,"reported","Td7A5y",NA
"3",21,29778032,"rs2223081","A","G",0.102571659284534,0.0221107621073909,3.88888500882744e-06,5147,"genus.Eggerthella.id.819",TRUE,"reported","Td7A5y",NA
"6",1,9136139,"rs112205261","C","T",-0.188617927403085,0.0403613189112696,3.34648441352285e-06,5036,"genus.Eggerthella.id.819",TRUE,"reported","Td7A5y",NA
"8",20,55647869,"rs76663501","T","C",0.175349437307129,0.0378576400270431,4.82573871418581e-06,4814,"genus.Eggerthella.id.819",TRUE,"reported","Td7A5y",NA
