"","chr.exposure","pos.exposure","SNP","other_allele.exposure","effect_allele.exposure","beta.exposure","se.exposure","pval.exposure","samplesize.exposure","exposure","mr_keep.exposure","pval_origin.exposure","id.exposure","eaf.exposure"
"1",19,2571232,"rs7249113","A","G",0.0679483079755466,0.0133495872568997,3.72096508448348e-07,13534,"genus.LachnospiraceaeFCS020group.id.11314",TRUE,"reported","5VlrYm",NA
"2",1,35328576,"rs12078956","G","C",0.106101007147123,0.0222904209234364,2.15430635357391e-06,13101,"genus.LachnospiraceaeFCS020group.id.11314",TRUE,"reported","5VlrYm",NA
"4",16,23631307,"rs369444","G","C",0.125481333500566,0.02590078636226,3.14826047759222e-06,12465,"genus.LachnospiraceaeFCS020group.id.11314",TRUE,"reported","5VlrYm",NA
"5",2,53946431,"rs72793667","G","A",-0.116880798437378,0.0246589064751543,1.63421186840673e-06,12396,"genus.LachnospiraceaeFCS020group.id.11314",TRUE,"reported","5VlrYm",NA
"6",19,17865305,"rs1363769","C","T",-0.200628436994612,0.0449372166009395,1.58163001700808e-06,3555,"genus.LachnospiraceaeFCS020group.id.11314",TRUE,"reported","5VlrYm",NA
"7",8,121244406,"rs10093861","A","G",-0.056886892782537,0.0121151879448737,3.05624252275418e-06,13772,"genus.LachnospiraceaeFCS020group.id.11314",TRUE,"reported","5VlrYm",NA
"13",13,40419314,"rs9788306","T","C",-0.062803973031046,0.0130744224224072,1.38618007151755e-06,13772,"genus.LachnospiraceaeFCS020group.id.11314",TRUE,"reported","5VlrYm",NA
"15",5,109403564,"rs113859143","C","G",-0.108906331007673,0.024205472178352,2.55450233726661e-06,13238,"genus.LachnospiraceaeFCS020group.id.11314",TRUE,"reported","5VlrYm",NA
"17",1,118425334,"rs9919338","C","G",-0.0553338549341783,0.0120621088146884,4.90666875232104e-06,13768,"genus.LachnospiraceaeFCS020group.id.11314",TRUE,"reported","5VlrYm",NA
"22",11,3248876,"rs35035870","C","T",-0.190615272071022,0.041440269379852,2.62028265479407e-06,5642,"genus.LachnospiraceaeFCS020group.id.11314",TRUE,"reported","5VlrYm",NA
"25",3,165996415,"rs2862811","C","T",0.056492728234183,0.0121736039303237,3.91911044752156e-06,13772,"genus.LachnospiraceaeFCS020group.id.11314",TRUE,"reported","5VlrYm",NA
