"","chr.exposure","pos.exposure","SNP","other_allele.exposure","effect_allele.exposure","beta.exposure","se.exposure","pval.exposure","samplesize.exposure","exposure","mr_keep.exposure","pval_origin.exposure","id.exposure","eaf.exposure"
"1",9,2217340,"rs60884758","T","C",-0.0702666597512575,0.01422488437102,5.70689278570671e-07,17293,"genus.Parabacteroides.id.954",TRUE,"reported","qFcsLb",NA
"2",5,169360155,"rs3860755","C","G",0.0558783809150391,0.0116624537672989,1.71324788967126e-06,17294,"genus.Parabacteroides.id.954",TRUE,"reported","qFcsLb",NA
"3",6,47368687,"rs4236095","A","G",0.0761960851351287,0.015704150896379,1.93145255048949e-06,16383,"genus.Parabacteroides.id.954",TRUE,"reported","qFcsLb",NA
"6",3,191572365,"rs115602804","A","G",0.103080129925596,0.0222735796039486,1.93059413977749e-06,16394,"genus.Parabacteroides.id.954",TRUE,"reported","qFcsLb",NA
