"","chr.exposure","pos.exposure","SNP","other_allele.exposure","effect_allele.exposure","beta.exposure","se.exposure","pval.exposure","samplesize.exposure","exposure","mr_keep.exposure","pval_origin.exposure","id.exposure","eaf.exposure"
"1",3,42568440,"rs437876","C","T",0.078463675912986,0.0144767669201341,7.16549730104283e-08,10150,"genus.LachnospiraceaeUCG001.id.11321",TRUE,"reported","sDSfYO",NA
"2",3,148269083,"rs985416","T","C",0.0970258447004022,0.0181806941918535,1.45590817662481e-07,9917,"genus.LachnospiraceaeUCG001.id.11321",TRUE,"reported","sDSfYO",NA
"6",1,82384407,"rs2050911","A","G",0.0751466207611485,0.0153934305260859,1.10647793810776e-06,10148,"genus.LachnospiraceaeUCG001.id.11321",TRUE,"reported","sDSfYO",NA
"11",9,7273249,"rs10815577","G","C",-0.0683706101910233,0.014369050950514,1.71502740506161e-06,10149,"genus.LachnospiraceaeUCG001.id.11321",TRUE,"reported","sDSfYO",NA
"26",9,14477851,"rs573933","C","T",-0.107898494857592,0.02323463062968,3.10507778309487e-06,10150,"genus.LachnospiraceaeUCG001.id.11321",TRUE,"reported","sDSfYO",NA
"27",1,53773248,"rs78848836","G","A",-0.118867976811204,0.0259753213433233,3.38171097102908e-06,9506,"genus.LachnospiraceaeUCG001.id.11321",TRUE,"reported","sDSfYO",NA
"28",6,145006780,"rs9403580","T","C",0.107800527456044,0.022977721860266,3.46784739807936e-06,10095,"genus.LachnospiraceaeUCG001.id.11321",TRUE,"reported","sDSfYO",NA
"32",16,79092359,"rs74034332","A","G",0.168045474589095,0.0382636891594262,3.33351420288676e-06,6004,"genus.LachnospiraceaeUCG001.id.11321",TRUE,"reported","sDSfYO",NA
