"","chr.exposure","pos.exposure","SNP","other_allele.exposure","effect_allele.exposure","beta.exposure","se.exposure","pval.exposure","samplesize.exposure","exposure","mr_keep.exposure","pval_origin.exposure","id.exposure","eaf.exposure"
"1",1,240359089,"rs12747809","A","G",-0.0621970021243567,0.0125684628526035,8.6487488399091e-07,14464,"genus.LachnospiraceaeUCG004.id.11324",TRUE,"reported","Envag1",NA
"2",2,49904589,"rs2882478","A","G",-0.0577090607804495,0.0118338391688237,1.20811166167371e-06,14466,"genus.LachnospiraceaeUCG004.id.11324",TRUE,"reported","Envag1",NA
"3",7,71303007,"rs12673420","A","G",0.0554350646481387,0.0118375150697906,2.98079372145601e-06,14463,"genus.LachnospiraceaeUCG004.id.11324",TRUE,"reported","Envag1",NA
"9",6,81318836,"rs2444793","T","C",-0.0542433447708986,0.0118187537263073,4.77075560537306e-06,14463,"genus.LachnospiraceaeUCG004.id.11324",TRUE,"reported","Envag1",NA
"11",3,70592215,"rs11128180","G","A",0.0648287601808804,0.0140126205229475,4.51737142798852e-06,14466,"genus.LachnospiraceaeUCG004.id.11324",TRUE,"reported","Envag1",NA
"12",14,40536481,"rs12894272","G","A",0.0579792008591585,0.0125228983423986,4.33948680395351e-06,14463,"genus.LachnospiraceaeUCG004.id.11324",TRUE,"reported","Envag1",NA
"16",12,24572337,"rs35182105","G","A",-0.109724302999594,0.0242210058607706,4.86508145364847e-06,13170,"genus.LachnospiraceaeUCG004.id.11324",TRUE,"reported","Envag1",NA
