"","chr.exposure","pos.exposure","SNP","other_allele.exposure","effect_allele.exposure","beta.exposure","se.exposure","pval.exposure","samplesize.exposure","exposure","mr_keep.exposure","pval_origin.exposure","id.exposure","eaf.exposure"
"1",12,117811409,"rs816292","C","T",-0.113002639429087,0.0220400457313333,2.64038307012686e-07,5017,"genus.Anaerofilum.id.2053",TRUE,"reported","zdWR6C",NA
"2",2,191139151,"rs79598899","T","C",0.182585804267907,0.0357284469369788,3.74728054952477e-07,4709,"genus.Anaerofilum.id.2053",TRUE,"reported","zdWR6C",NA
"3",1,247145690,"rs4506496","A","G",0.103089881939612,0.0212861218481594,1.48659755580878e-06,4935,"genus.Anaerofilum.id.2053",TRUE,"reported","zdWR6C",NA
"5",3,129686434,"rs712981","C","A",0.100759616767355,0.0202902476344993,6.83114949634712e-07,5051,"genus.Anaerofilum.id.2053",TRUE,"reported","zdWR6C",NA
"8",10,125294406,"rs17105491","C","G",-0.193107440072501,0.0411186602953347,1.56818918513841e-06,4856,"genus.Anaerofilum.id.2053",TRUE,"reported","zdWR6C",NA
"9",11,1051715,"rs10794359","C","T",-0.0953524306703405,0.020059978674458,2.23495553740529e-06,4994,"genus.Anaerofilum.id.2053",TRUE,"reported","zdWR6C",NA
"12",14,30991358,"rs17096874","T","C",-0.126336895200331,0.0268918901756397,2.8603020270469e-06,5051,"genus.Anaerofilum.id.2053",TRUE,"reported","zdWR6C",NA
