"","chr.exposure","pos.exposure","SNP","other_allele.exposure","effect_allele.exposure","beta.exposure","se.exposure","pval.exposure","samplesize.exposure","exposure","mr_keep.exposure","pval_origin.exposure","id.exposure","eaf.exposure"
"1",19,6928017,"rs921925","C","A",0.0985077448654546,0.0203228965198258,9.71665395279823e-07,6952,"genus.Lactobacillus.id.1837",TRUE,"reported","HgKIx0",NA
"2",1,18501459,"rs16861661","A","G",-0.183146976557721,0.0381480132493847,1.2780953865166e-06,5325,"genus.Lactobacillus.id.1837",TRUE,"reported","HgKIx0",NA
"3",8,69010103,"rs768253","G","T",-0.0791950145559097,0.0171791013220907,4.24769676643286e-06,6958,"genus.Lactobacillus.id.1837",TRUE,"reported","HgKIx0",NA
"4",2,28903275,"rs11674854","T","C",-0.0852686133024556,0.0176503640529812,1.59200065573363e-06,6655,"genus.Lactobacillus.id.1837",TRUE,"reported","HgKIx0",NA
"5",16,73890910,"rs328312","A","T",0.0815092055509462,0.0169441205134495,1.40618184431542e-06,6950,"genus.Lactobacillus.id.1837",TRUE,"reported","HgKIx0",NA
"6",20,54192992,"rs6092149","T","A",-0.0801344264698067,0.0171489601068434,3.29042108781417e-06,6906,"genus.Lactobacillus.id.1837",TRUE,"reported","HgKIx0",NA
"7",2,135755629,"rs1530559","A","G",0.0804000574844493,0.0178207393844271,4.93109305644596e-06,6655,"genus.Lactobacillus.id.1837",TRUE,"reported","HgKIx0",NA
"8",4,109896462,"rs62314653","A","C",0.187691889218631,0.0394584560487661,2.24383294706922e-06,5944,"genus.Lactobacillus.id.1837",TRUE,"reported","HgKIx0",NA
"9",13,23834968,"rs7399658","A","G",-0.107133700567271,0.022188262578718,3.12099239734719e-06,6613,"genus.Lactobacillus.id.1837",TRUE,"reported","HgKIx0",NA
