"","chr.exposure","pos.exposure","SNP","other_allele.exposure","effect_allele.exposure","beta.exposure","se.exposure","pval.exposure","samplesize.exposure","exposure","mr_keep.exposure","pval_origin.exposure","id.exposure","eaf.exposure"
"1",1,240118443,"rs12404911","T","C",0.140717215978327,0.0304142223483345,2.79891103454372e-06,3239,"genus.Catenibacterium.id.2153",TRUE,"reported","tKvMJn",NA
"2",4,122282768,"rs77285108","A","G",-0.161826131163642,0.035344674357505,3.62680342238698e-06,3210,"genus.Catenibacterium.id.2153",TRUE,"reported","tKvMJn",NA
"3",7,57364320,"rs73128290","G","A",0.129726248514929,0.028456259958979,4.29371856527492e-06,3239,"genus.Catenibacterium.id.2153",TRUE,"reported","tKvMJn",NA
"4",6,159485742,"rs212393","A","G",-0.135253856458632,0.0286208804746533,3.62488647954676e-06,3239,"genus.Catenibacterium.id.2153",TRUE,"reported","tKvMJn",NA
