"","chr.exposure","pos.exposure","SNP","other_allele.exposure","effect_allele.exposure","beta.exposure","se.exposure","pval.exposure","samplesize.exposure","exposure","mr_keep.exposure","pval_origin.exposure","id.exposure","eaf.exposure"
"1",14,76065563,"rs72723662","T","C",0.224078206021812,0.0449336418716378,7.86241032723699e-07,3073,"genus.Butyrivibrio.id.1993",TRUE,"reported","ACOF1K",NA
"2",1,235580646,"rs7412979","G","C",0.186778577224362,0.0389112045239754,1.70567072179109e-06,3480,"genus.Butyrivibrio.id.1993",TRUE,"reported","ACOF1K",NA
"3",6,111780705,"rs7752361","G","A",-0.119230279045399,0.0239974879417035,7.69112988109405e-07,3481,"genus.Butyrivibrio.id.1993",TRUE,"reported","ACOF1K",NA
"8",13,27292666,"rs4537857","C","T",-0.124589673857014,0.0260991629545075,1.8019248892664e-06,3482,"genus.Butyrivibrio.id.1993",TRUE,"reported","ACOF1K",NA
"12",7,150596929,"rs11761679","C","T",0.154775363361634,0.0321539385083873,2.20231485044837e-06,3482,"genus.Butyrivibrio.id.1993",TRUE,"reported","ACOF1K",NA
"19",17,20575697,"rs16941336","T","C",0.127487508110848,0.0267935911776994,1.53182292726855e-06,3482,"genus.Butyrivibrio.id.1993",TRUE,"reported","ACOF1K",NA
"53",14,34150977,"rs74622183","G","A",-0.201027446914555,0.0428204478425957,2.45747762696051e-06,3478,"genus.Butyrivibrio.id.1993",TRUE,"reported","ACOF1K",NA
"79",6,21960091,"rs7763512","A","G",0.119845683503454,0.0253367108545472,3.10655198590693e-06,3259,"genus.Butyrivibrio.id.1993",TRUE,"reported","ACOF1K",NA
