"","chr.exposure","pos.exposure","SNP","other_allele.exposure","effect_allele.exposure","beta.exposure","se.exposure","pval.exposure","samplesize.exposure","exposure","mr_keep.exposure","pval_origin.exposure","id.exposure","eaf.exposure"
"1",13,38058413,"rs6563550","C","T",0.0877134858571888,0.0176744732625313,2.34517417290004e-07,16566,"genus.Anaerotruncus.id.2054",TRUE,"reported","FACBvJ",NA
"14",14,30607199,"rs8005030","T","C",0.0554446592751529,0.0117854301952901,2.28298192347549e-06,16548,"genus.Anaerotruncus.id.2054",TRUE,"reported","FACBvJ",NA
"21",2,12200752,"rs4669806","T","G",0.0576389030048486,0.0122994032328165,2.4205969485185e-06,16566,"genus.Anaerotruncus.id.2054",TRUE,"reported","FACBvJ",NA
"54",9,78630894,"rs1272208","T","G",-0.0611742713308029,0.0129830731751261,4.27981726795244e-06,16117,"genus.Anaerotruncus.id.2054",TRUE,"reported","FACBvJ",NA
"79",6,165015261,"rs9347879","C","T",0.0506180008814494,0.0110490008071809,4.22332658596176e-06,16566,"genus.Anaerotruncus.id.2054",TRUE,"reported","FACBvJ",NA
