"","chr.exposure","pos.exposure","SNP","other_allele.exposure","effect_allele.exposure","beta.exposure","se.exposure","pval.exposure","samplesize.exposure","exposure","mr_keep.exposure","pval_origin.exposure","id.exposure","eaf.exposure"
"1",16,77574020,"rs7193624","T","C",0.0750642387198608,0.0150723460595632,5.35481761582975e-07,16926,"genus.Anaerostipes.id.1991",TRUE,"reported","5quCXz",NA
"2",10,117383184,"rs2804244","G","A",-0.0530889860568187,0.0110982647049578,2.04051114679035e-06,16926,"genus.Anaerostipes.id.1991",TRUE,"reported","5quCXz",NA
"3",21,25873624,"rs62215703","A","G",0.0644965490937592,0.0136701952333106,1.97769619249217e-06,15550,"genus.Anaerostipes.id.1991",TRUE,"reported","5quCXz",NA
"6",2,228018671,"rs2396460","C","T",-0.0512652746751098,0.0109555424801148,2.91088349201981e-06,16912,"genus.Anaerostipes.id.1991",TRUE,"reported","5quCXz",NA
"10",9,13525082,"rs3900776","A","G",-0.110013200385222,0.0236301709060042,2.74765394144299e-06,14694,"genus.Anaerostipes.id.1991",TRUE,"reported","5quCXz",NA
"66",3,171100102,"rs2014785","C","T",0.0515686846806014,0.0112198626924591,4.68061099160192e-06,16445,"genus.Anaerostipes.id.1991",TRUE,"reported","5quCXz",NA
"74",2,142774333,"rs62157625","C","T",0.0885730405766228,0.0185547856377159,1.44908699893825e-06,15215,"genus.Anaerostipes.id.1991",TRUE,"reported","5quCXz",NA
"75",2,39351569,"rs6726833","A","C",-0.0877497271633556,0.0189408323707159,3.32216660476544e-06,16924,"genus.Anaerostipes.id.1991",TRUE,"reported","5quCXz",NA
"77",4,169690814,"rs6854026","C","T",-0.0508481579468372,0.0109075051220451,3.19578097579057e-06,16921,"genus.Anaerostipes.id.1991",TRUE,"reported","5quCXz",NA
"78",17,2850737,"rs60983350","A","G",-0.0539900647478792,0.0116575263955077,4.42053853675492e-06,16344,"genus.Anaerostipes.id.1991",TRUE,"reported","5quCXz",NA
