"","chr.exposure","pos.exposure","SNP","other_allele.exposure","effect_allele.exposure","beta.exposure","se.exposure","pval.exposure","samplesize.exposure","exposure","mr_keep.exposure","pval_origin.exposure","id.exposure","eaf.exposure"
"1",21,16550389,"rs113054641","A","G",-0.144880972020289,0.0274573789578166,1.73694373546696e-07,9949,"genus.Butyricimonas.id.945",TRUE,"reported","Z3Taic",NA
"3",5,159867647,"rs62390301","C","T",-0.0872983371481833,0.0174892884980104,7.41905406072451e-07,10634,"genus.Butyricimonas.id.945",TRUE,"reported","Z3Taic",NA
"7",10,72711156,"rs7083431","C","A",0.0703539412128272,0.0144438683339597,8.85459933708091e-07,10737,"genus.Butyricimonas.id.945",TRUE,"reported","Z3Taic",NA
"9",5,62119947,"rs2642760","C","G",0.0713357132503677,0.0145395714756985,8.58079999159813e-07,10634,"genus.Butyricimonas.id.945",TRUE,"reported","Z3Taic",NA
"12",3,127468661,"rs782080","A","T",0.065348801522418,0.0137973498467744,2.23397577820588e-06,10733,"genus.Butyricimonas.id.945",TRUE,"reported","Z3Taic",NA
"28",16,22172866,"rs1862649","A","G",0.113123951513662,0.024817638527024,4.76256357032369e-06,10123,"genus.Butyricimonas.id.945",TRUE,"reported","Z3Taic",NA
"32",2,83093264,"rs71428626","T","G",-0.133188395875157,0.0289905477745792,4.80412531151181e-06,9776,"genus.Butyricimonas.id.945",TRUE,"reported","Z3Taic",NA
"33",3,78740009,"rs78453362","G","A",-0.149480189682089,0.0327072805881383,4.05809957178486e-06,8207,"genus.Butyricimonas.id.945",TRUE,"reported","Z3Taic",NA
"35",19,49162501,"rs62130338","A","G",-0.0732608116246117,0.0158323884877688,3.898095872083e-06,10557,"genus.Butyricimonas.id.945",TRUE,"reported","Z3Taic",NA
"36",8,4834406,"rs9657374","T","C",0.0680719428802201,0.0148172476692428,4.50358789365548e-06,10737,"genus.Butyricimonas.id.945",TRUE,"reported","Z3Taic",NA
