"","chr.exposure","pos.exposure","SNP","other_allele.exposure","effect_allele.exposure","beta.exposure","se.exposure","pval.exposure","samplesize.exposure","exposure","mr_keep.exposure","pval_origin.exposure","id.exposure","eaf.exposure"
"2",17,10177708,"rs7221249","G","A",0.0839860522943573,0.014274140177117,4.30951305917139e-09,9781,"genus.Erysipelatoclostridium.id.11381",TRUE,"reported","dJGxMM",NA
"6",1,42333631,"rs710230","C","T",0.143381273926561,0.0281513877248326,6.3311976152201e-07,9016,"genus.Erysipelatoclostridium.id.11381",TRUE,"reported","dJGxMM",NA
"7",4,25446787,"rs4697572","G","A",-0.0810636427293256,0.0163308217649845,7.59350031039969e-07,9779,"genus.Erysipelatoclostridium.id.11381",TRUE,"reported","dJGxMM",NA
"12",11,121876913,"rs58236560","T","G",-0.111156880093358,0.0234425722107096,2.16119878008495e-06,9368,"genus.Erysipelatoclostridium.id.11381",TRUE,"reported","dJGxMM",NA
"15",9,90586043,"rs622418","G","A",-0.0668051075673644,0.0143224491534843,3.68156005162692e-06,9783,"genus.Erysipelatoclostridium.id.11381",TRUE,"reported","dJGxMM",NA
"18",5,77815056,"rs17804233","C","T",-0.0662914011002415,0.0144203185322106,4.58605037064017e-06,9783,"genus.Erysipelatoclostridium.id.11381",TRUE,"reported","dJGxMM",NA
"21",5,34892042,"rs340991","G","A",-0.0740481868027131,0.0158891384074267,3.74942376541955e-06,9781,"genus.Erysipelatoclostridium.id.11381",TRUE,"reported","dJGxMM",NA
"22",8,38780606,"rs6474512","C","A",0.0670149951982526,0.014320143140959,3.01545524588479e-06,9783,"genus.Erysipelatoclostridium.id.11381",TRUE,"reported","dJGxMM",NA
