"","chr.exposure","pos.exposure","SNP","other_allele.exposure","effect_allele.exposure","beta.exposure","se.exposure","pval.exposure","samplesize.exposure","exposure","mr_keep.exposure","pval_origin.exposure","id.exposure","eaf.exposure"
"1",1,77887835,"rs12030302","G","A",-0.0692275816525402,0.0137466947375258,5.60840205936796e-07,10805,"genus.Flavonifractor.id.2059",TRUE,"reported","tNAxxy",NA
"3",10,32381186,"rs806808","C","T",0.0667272004880497,0.0136557483032423,1.17972139101573e-06,10801,"genus.Flavonifractor.id.2059",TRUE,"reported","tNAxxy",NA
"5",11,44849689,"rs34066017","G","A",0.0764294046764119,0.0159789271354831,1.5208560983075e-06,10705,"genus.Flavonifractor.id.2059",TRUE,"reported","tNAxxy",NA
"7",1,237351354,"rs11811696","C","T",-0.116062715345274,0.0241011723027556,2.07346487938561e-06,10221,"genus.Flavonifractor.id.2059",TRUE,"reported","tNAxxy",NA
