"","chr.exposure","pos.exposure","SNP","other_allele.exposure","effect_allele.exposure","beta.exposure","se.exposure","pval.exposure","samplesize.exposure","exposure","mr_keep.exposure","pval_origin.exposure","id.exposure","eaf.exposure"
"1",5,18662686,"rs13163520","A","G",-0.127377480674777,0.0233883254497238,5.61014906456999e-08,6326,"genus..Ruminococcusgnavusgroup.id.14376",TRUE,"reported","oxfsP7",NA
"16",2,122096018,"rs934940","C","A",-0.105044904748486,0.0229588343098382,2.73704899147638e-06,6309,"genus..Ruminococcusgnavusgroup.id.14376",TRUE,"reported","oxfsP7",NA
"23",3,66701616,"rs9872758","C","T",0.084923254260969,0.0176643132845956,1.66029355320888e-06,6398,"genus..Ruminococcusgnavusgroup.id.14376",TRUE,"reported","oxfsP7",NA
"24",8,129224680,"rs2909242","A","C",-0.0909964761111457,0.0183510121866169,7.40956828420779e-07,6401,"genus..Ruminococcusgnavusgroup.id.14376",TRUE,"reported","oxfsP7",NA
"26",9,135838591,"rs3124783","G","A",-0.115989720692856,0.0249099100747593,2.66519567499894e-06,6401,"genus..Ruminococcusgnavusgroup.id.14376",TRUE,"reported","oxfsP7",NA
"29",2,144700007,"rs62167033","C","T",0.185289033424303,0.0396295292019789,3.49528554386967e-06,5194,"genus..Ruminococcusgnavusgroup.id.14376",TRUE,"reported","oxfsP7",NA
"32",1,115168097,"rs12136548","T","C",0.0901945658815893,0.0196475742882165,3.0963112523367e-06,6401,"genus..Ruminococcusgnavusgroup.id.14376",TRUE,"reported","oxfsP7",NA
