"","chr.exposure","pos.exposure","SNP","other_allele.exposure","effect_allele.exposure","beta.exposure","se.exposure","pval.exposure","samplesize.exposure","exposure","mr_keep.exposure","pval_origin.exposure","id.exposure","eaf.exposure"
"1",2,71145246,"rs3771393","T","C",0.130842344234957,0.026667104373126,7.37909325624841e-07,3792,"genus..Eubacteriumfissicatenagroup.id.14373",TRUE,"reported","mCnyBE",NA
"5",8,5433699,"rs2733072","A","G",0.109644167948117,0.022830586609729,1.49089216111482e-06,3833,"genus..Eubacteriumfissicatenagroup.id.14373",TRUE,"reported","mCnyBE",NA
"6",11,115165111,"rs7104872","A","G",0.138611742742229,0.0291905525245554,2.73150389788929e-06,3829,"genus..Eubacteriumfissicatenagroup.id.14373",TRUE,"reported","mCnyBE",NA
"9",7,73043561,"rs151257695","G","A",0.209509778724955,0.0454847225801605,3.09680915789635e-06,3587,"genus..Eubacteriumfissicatenagroup.id.14373",TRUE,"reported","mCnyBE",NA
"10",18,45753272,"rs11876297","C","T",0.131469397810945,0.0281712031830947,2.66556422849862e-06,3396,"genus..Eubacteriumfissicatenagroup.id.14373",TRUE,"reported","mCnyBE",NA
