"","chr.exposure","pos.exposure","SNP","other_allele.exposure","effect_allele.exposure","beta.exposure","se.exposure","pval.exposure","samplesize.exposure","exposure","mr_keep.exposure","pval_origin.exposure","id.exposure","eaf.exposure"
"1",15,93006765,"rs35398954","G","A",-0.0901401557711116,0.0174601710173563,5.39945418776099e-07,16621,"genus..Eubacteriumrectalegroup.id.14374",TRUE,"reported","DIUART",NA
"2",12,20066025,"rs117151453","C","G",-0.113140608673848,0.0243541400411959,1.84431974233301e-06,13908,"genus..Eubacteriumrectalegroup.id.14374",TRUE,"reported","DIUART",NA
"3",18,37703874,"rs16960159","G","C",-0.156595964289606,0.0336233795397446,4.10131507623462e-06,8334,"genus..Eubacteriumrectalegroup.id.14374",TRUE,"reported","DIUART",NA
"4",2,125553155,"rs314726","C","T",0.0528823543475253,0.0109486239549705,1.37966680539971e-06,16966,"genus..Eubacteriumrectalegroup.id.14374",TRUE,"reported","DIUART",NA
"5",1,234530370,"rs10797540","G","A",0.0503179066833849,0.0108389459069818,3.53383933195905e-06,17350,"genus..Eubacteriumrectalegroup.id.14374",TRUE,"reported","DIUART",NA
"7",7,121281238,"rs10248854","A","C",-0.0527826766524865,0.0113463501938763,4.20675858274682e-06,17348,"genus..Eubacteriumrectalegroup.id.14374",TRUE,"reported","DIUART",NA
