"","chr.exposure","pos.exposure","SNP","other_allele.exposure","effect_allele.exposure","beta.exposure","se.exposure","pval.exposure","samplesize.exposure","exposure","mr_keep.exposure","pval_origin.exposure","id.exposure","eaf.exposure"
"1",5,58499183,"rs13173038","G","A",-0.0718075636284609,0.0151626980676717,2.72984023358532e-06,13245,"genus.Sutterella.id.2896",TRUE,"reported","5NC8i5",NA
"3",13,58689340,"rs2321387","A","G",-0.0592876223936072,0.0124509222774372,1.86518774697617e-06,13252,"genus.Sutterella.id.2896",TRUE,"reported","5NC8i5",NA
"4",16,85038065,"rs7499539","G","A",0.061747828691766,0.0130998451374174,2.35768780126516e-06,13254,"genus.Sutterella.id.2896",TRUE,"reported","5NC8i5",NA
"8",1,63278549,"rs143438747","C","T",-0.145792692827104,0.0306867060822852,3.2802124757891e-06,9368,"genus.Sutterella.id.2896",TRUE,"reported","5NC8i5",NA
