"","chr.exposure","pos.exposure","SNP","other_allele.exposure","effect_allele.exposure","beta.exposure","se.exposure","pval.exposure","samplesize.exposure","exposure","mr_keep.exposure","pval_origin.exposure","id.exposure","eaf.exposure"
"1",20,49266770,"rs59936925","T","A",0.117085316793222,0.023399473352717,9.37545321660912e-07,10931,"genus.Coprococcus2.id.11302",TRUE,"reported","HVbywJ",NA
"2",1,112139008,"rs6677933","T","C",-0.0804404992253657,0.0164216264400948,1.18501457470188e-06,11483,"genus.Coprococcus2.id.11302",TRUE,"reported","HVbywJ",NA
"4",14,86833255,"rs1958519","A","T",0.0665288463975029,0.0138558056107684,1.57692156130721e-06,11009,"genus.Coprococcus2.id.11302",TRUE,"reported","HVbywJ",NA
"6",4,131125786,"rs72680320","C","T",-0.0649382010510421,0.0139189993347894,2.27114657353396e-06,11009,"genus.Coprococcus2.id.11302",TRUE,"reported","HVbywJ",NA
"7",9,25554068,"rs2482516","T","C",0.0754414644967808,0.0164618652547858,4.72333402585186e-06,11483,"genus.Coprococcus2.id.11302",TRUE,"reported","HVbywJ",NA
