"","chr.exposure","pos.exposure","SNP","other_allele.exposure","effect_allele.exposure","beta.exposure","se.exposure","pval.exposure","samplesize.exposure","exposure","mr_keep.exposure","pval_origin.exposure","id.exposure","eaf.exposure"
"1",4,58800779,"rs2199860","G","C",0.121445151257584,0.0222908759167875,6.64472643974356e-08,4864,"genus.unknowngenus.id.959",TRUE,"reported","pEtOcl",NA
"4",5,79470160,"rs13165831","G","A",-0.12065324209846,0.0243305608402431,9.81018499703298e-07,4294,"genus.unknowngenus.id.959",TRUE,"reported","pEtOcl",NA
"5",6,1605241,"rs56210598","G","C",-0.111519964149467,0.0225688646326486,9.12048781666087e-07,4565,"genus.unknowngenus.id.959",TRUE,"reported","pEtOcl",NA
"6",11,119498403,"rs10892421","T","C",-0.103857922253005,0.0213953338357222,1.38588447590825e-06,4565,"genus.unknowngenus.id.959",TRUE,"reported","pEtOcl",NA
"15",13,45802607,"rs9534068","G","A",0.0987380359704777,0.0211319328002802,3.06717657069212e-06,4862,"genus.unknowngenus.id.959",TRUE,"reported","pEtOcl",NA
"17",1,159508009,"rs75285799","C","T",0.1322132737544,0.0275811996894493,3.24795322142595e-06,4867,"genus.unknowngenus.id.959",TRUE,"reported","pEtOcl",NA
"18",13,103561362,"rs1969793","A","G",0.102670554098778,0.021893863121808,3.25687847430317e-06,4868,"genus.unknowngenus.id.959",TRUE,"reported","pEtOcl",NA
