"","chr.exposure","pos.exposure","SNP","other_allele.exposure","effect_allele.exposure","beta.exposure","se.exposure","pval.exposure","samplesize.exposure","exposure","mr_keep.exposure","pval_origin.exposure","id.exposure","eaf.exposure"
"1",12,53098742,"rs75882962","C","T",0.0968660542953217,0.0190575014292099,3.18986855122728e-07,10710,"genus.Phascolarctobacterium.id.2168",TRUE,"reported","sTwVzy",NA
"2",4,183252836,"rs56157888","C","A",0.0954863832110275,0.0193976335115683,1.08506041751889e-06,10031,"genus.Phascolarctobacterium.id.2168",TRUE,"reported","sTwVzy",NA
"3",3,168339417,"rs56069061","A","G",-0.111305825316195,0.0230694295270535,1.87174023902173e-06,11007,"genus.Phascolarctobacterium.id.2168",TRUE,"reported","sTwVzy",NA
"5",3,186553389,"rs74540770","A","G",-0.121014393139253,0.0258620722340479,3.60274653746054e-06,9403,"genus.Phascolarctobacterium.id.2168",TRUE,"reported","sTwVzy",NA
"6",17,73584441,"rs76124218","G","C",-0.159360781117811,0.0344531604476423,2.6696894622793e-06,7314,"genus.Phascolarctobacterium.id.2168",TRUE,"reported","sTwVzy",NA
"7",1,203102563,"rs6427992","C","G",-0.0652457717308076,0.0137508259858928,2.08614068624576e-06,11113,"genus.Phascolarctobacterium.id.2168",TRUE,"reported","sTwVzy",NA
"8",2,174436533,"rs12618201","G","A",0.0641657096072138,0.0138201923628525,3.37696296091511e-06,11113,"genus.Phascolarctobacterium.id.2168",TRUE,"reported","sTwVzy",NA
"11",8,102434276,"rs1264476","G","T",0.0767335419971047,0.0166041480772935,4.29567083773343e-06,11104,"genus.Phascolarctobacterium.id.2168",TRUE,"reported","sTwVzy",NA
