"","chr.exposure","pos.exposure","SNP","other_allele.exposure","effect_allele.exposure","beta.exposure","se.exposure","pval.exposure","samplesize.exposure","exposure","mr_keep.exposure","pval_origin.exposure","id.exposure","eaf.exposure"
"1",2,63366962,"rs149744580","G","A",0.169882696026826,0.0315478367777077,7.0096505770828e-08,8459,"genus.Turicibacter.id.2162",TRUE,"reported","pEK2L3",NA
"2",5,95717619,"rs4869133","A","G",0.131186095105105,0.0271969682268321,2.55369345857462e-06,8256,"genus.Turicibacter.id.2162",TRUE,"reported","pEK2L3",NA
"3",17,43117476,"rs12603364","C","T",0.110860918412826,0.0225598411160397,8.66598033724552e-07,8923,"genus.Turicibacter.id.2162",TRUE,"reported","pEK2L3",NA
"4",12,12242455,"rs11054680","C","T",-0.10475121560972,0.0226997499448792,2.3097665949375e-06,8928,"genus.Turicibacter.id.2162",TRUE,"reported","pEK2L3",NA
"7",7,130972179,"rs55756211","C","T",-0.115115214228479,0.024070764451196,2.80533226056024e-06,8941,"genus.Turicibacter.id.2162",TRUE,"reported","pEK2L3",NA
"8",11,1681862,"rs61265175","C","G",-0.0858590681145615,0.018577760887515,4.13677893677091e-06,8941,"genus.Turicibacter.id.2162",TRUE,"reported","pEK2L3",NA
"10",16,10181248,"rs11649454","C","G",0.0950890881719642,0.0203433311601668,3.26627000521895e-06,8943,"genus.Turicibacter.id.2162",TRUE,"reported","pEK2L3",NA
"12",21,36929643,"rs2834977","C","T",-0.0959995488037918,0.0208261070873919,3.95587802884193e-06,8946,"genus.Turicibacter.id.2162",TRUE,"reported","pEK2L3",NA
"19",5,170048048,"rs2221441","C","G",0.0710364134877305,0.015343033417664,3.45666871175321e-06,8720,"genus.Turicibacter.id.2162",TRUE,"reported","pEK2L3",NA
