"","chr.exposure","pos.exposure","SNP","other_allele.exposure","effect_allele.exposure","beta.exposure","se.exposure","pval.exposure","samplesize.exposure","exposure","mr_keep.exposure","pval_origin.exposure","id.exposure","eaf.exposure"
"1",4,95027272,"rs11729256","C","T",0.0750472529910655,0.0150183954238514,6.58392581071756e-07,11860,"genus.Akkermansia.id.4037",TRUE,"reported","rbQTJP",NA
"2",11,130280667,"rs4936098","G","A",0.0649224919006123,0.013593380200573,1.10359417154571e-06,11857,"genus.Akkermansia.id.4037",TRUE,"reported","rbQTJP",NA
"4",6,56341481,"rs9349825","G","A",-0.0703406918138457,0.0147132912731865,2.59885963475292e-06,11857,"genus.Akkermansia.id.4037",TRUE,"reported","rbQTJP",NA
"7",4,100544188,"rs74542928","C","T",0.112622737273028,0.0236434376110673,1.48020245168224e-06,11215,"genus.Akkermansia.id.4037",TRUE,"reported","rbQTJP",NA
"12",16,81063149,"rs2602429","T","C",0.0745352408198936,0.0156201269093276,2.7156911339784e-06,11689,"genus.Akkermansia.id.4037",TRUE,"reported","rbQTJP",NA
"16",1,105422565,"rs11184341","C","G",0.0655854786845953,0.0142236403272038,4.06353315924574e-06,11863,"genus.Akkermansia.id.4037",TRUE,"reported","rbQTJP",NA
"17",10,5064327,"rs4242783","A","G",0.0685453812915544,0.0147700621473626,2.99798631135938e-06,11689,"genus.Akkermansia.id.4037",TRUE,"reported","rbQTJP",NA
"25",18,49473635,"rs117107102","G","A",0.204406165609251,0.0431628939124462,3.01138637202498e-06,4974,"genus.Akkermansia.id.4037",TRUE,"reported","rbQTJP",NA
"26",15,97570657,"rs12908520","A","G",0.0617720233657728,0.0130953899052071,2.26481559953004e-06,11862,"genus.Akkermansia.id.4037",TRUE,"reported","rbQTJP",NA
"29",12,130309670,"rs111862613","C","T",0.0911199279099132,0.0196748154721001,3.3923575427861e-06,11620,"genus.Akkermansia.id.4037",TRUE,"reported","rbQTJP",NA
