"","chr.exposure","pos.exposure","SNP","other_allele.exposure","effect_allele.exposure","beta.exposure","se.exposure","pval.exposure","samplesize.exposure","exposure","mr_keep.exposure","pval_origin.exposure","id.exposure","eaf.exposure"
"1",22,25943322,"rs738193","C","T",0.0847327755423449,0.0165855882939095,3.82162843564811e-07,7778,"genus.unknowngenus.id.1000005479",TRUE,"reported","cDKXgT",NA
"2",7,90714667,"rs941000","T","C",0.0850265736177122,0.0163382372090581,3.15556715938614e-07,7778,"genus.unknowngenus.id.1000005479",TRUE,"reported","cDKXgT",NA
"4",15,47352866,"rs689695","A","C",0.0814577865089475,0.0167056746164109,1.28038576785134e-06,7954,"genus.unknowngenus.id.1000005479",TRUE,"reported","cDKXgT",NA
"7",2,53139362,"rs17043785","C","T",-0.176186835083198,0.03471329484487,5.11837085305557e-07,5208,"genus.unknowngenus.id.1000005479",TRUE,"reported","cDKXgT",NA
"21",1,242767252,"rs12748533","T","G",-0.0821108035598584,0.0172700562757209,2.59019268112669e-06,7948,"genus.unknowngenus.id.1000005479",TRUE,"reported","cDKXgT",NA
