"","chr.exposure","pos.exposure","SNP","other_allele.exposure","effect_allele.exposure","beta.exposure","se.exposure","pval.exposure","samplesize.exposure","exposure","mr_keep.exposure","pval_origin.exposure","id.exposure","eaf.exposure"
"1",6,18093691,"rs12206468","A","G",-0.133015788741044,0.0269733349764335,1.04221584820534e-06,9554,"genus.Oscillospira.id.2064",TRUE,"reported","PCiHfc",NA
"2",3,172373615,"rs73038677","A","T",-0.0832100360679679,0.0168665573549001,1.09429536784974e-06,10195,"genus.Oscillospira.id.2064",TRUE,"reported","PCiHfc",NA
"3",14,28151415,"rs1954532","C","T",-0.0826245827429671,0.0175251662686825,2.26773460715447e-06,9841,"genus.Oscillospira.id.2064",TRUE,"reported","PCiHfc",NA
"4",4,89483300,"rs28889936","C","A",0.114050942847448,0.0252838466557461,3.36585255570006e-06,9758,"genus.Oscillospira.id.2064",TRUE,"reported","PCiHfc",NA
