"","chr.exposure","pos.exposure","SNP","other_allele.exposure","effect_allele.exposure","beta.exposure","se.exposure","pval.exposure","samplesize.exposure","exposure","mr_keep.exposure","pval_origin.exposure","id.exposure","eaf.exposure"
"1",5,121182996,"rs2116427","G","A",0.0911460512715159,0.0182353068079111,4.67364474759123e-07,7739,"genus..Eubacteriumruminantiumgroup.id.11340",TRUE,"reported","Dk88iF",NA
"4",22,25303055,"rs139749","T","C",-0.0845439274477069,0.0171790775197909,8.58844982867134e-07,7314,"genus..Eubacteriumruminantiumgroup.id.11340",TRUE,"reported","Dk88iF",NA
"7",10,129037453,"rs72836424","T","C",-0.139824589058134,0.0300689633359883,2.62125420190163e-06,7314,"genus..Eubacteriumruminantiumgroup.id.11340",TRUE,"reported","Dk88iF",NA
"8",9,130980937,"rs2229917","G","A",0.153537928651796,0.032392214867845,2.15893660848676e-06,7050,"genus..Eubacteriumruminantiumgroup.id.11340",TRUE,"reported","Dk88iF",NA
"9",14,52219066,"rs10131724","C","A",-0.199832279489332,0.041457713434255,2.38663045379669e-06,5071,"genus..Eubacteriumruminantiumgroup.id.11340",TRUE,"reported","Dk88iF",NA
"11",5,33897589,"rs16891896","A","G",-0.174787011436225,0.0390572683191562,2.38120382792545e-06,4753,"genus..Eubacteriumruminantiumgroup.id.11340",TRUE,"reported","Dk88iF",NA
"17",8,138626268,"rs7000472","G","A",-0.0762282078264311,0.0165230216194415,4.06847531714027e-06,7739,"genus..Eubacteriumruminantiumgroup.id.11340",TRUE,"reported","Dk88iF",NA
"23",9,2539358,"rs606117","G","A",0.0833242657046866,0.0180559868547672,4.81638853282906e-06,7263,"genus..Eubacteriumruminantiumgroup.id.11340",TRUE,"reported","Dk88iF",NA
"25",6,130030114,"rs57340348","C","T",-0.0979429331387566,0.0212165948394574,4.93278346085486e-06,7314,"genus..Eubacteriumruminantiumgroup.id.11340",TRUE,"reported","Dk88iF",NA
"27",12,30360954,"rs17519472","T","C",0.107804140148699,0.0233983775447583,4.70355623801051e-06,7710,"genus..Eubacteriumruminantiumgroup.id.11340",TRUE,"reported","Dk88iF",NA
