"","chr.exposure","pos.exposure","SNP","other_allele.exposure","effect_allele.exposure","beta.exposure","se.exposure","pval.exposure","samplesize.exposure","exposure","mr_keep.exposure","pval_origin.exposure","id.exposure","eaf.exposure"
"1",6,163603171,"rs761624","G","C",0.0959801277759496,0.0179537318004029,1.37775288671623e-07,7706,"genus.Holdemanella.id.11393",TRUE,"reported","nTFV6a",NA
"4",6,4148609,"rs607782","C","T",-0.0854214196950984,0.0172515105636812,7.19446546984068e-07,7456,"genus.Holdemanella.id.11393",TRUE,"reported","nTFV6a",NA
"5",10,4494630,"rs75764681","C","T",-0.283102607101712,0.0598998731104431,1.94273453137215e-06,3003,"genus.Holdemanella.id.11393",TRUE,"reported","nTFV6a",NA
"6",19,15020095,"rs73011279","C","T",-0.0961669274049964,0.0199336454086654,1.36045619396778e-06,7456,"genus.Holdemanella.id.11393",TRUE,"reported","nTFV6a",NA
"7",9,105004835,"rs4541991","C","T",-0.0927333737862168,0.0194434589606732,2.10094257969172e-06,7657,"genus.Holdemanella.id.11393",TRUE,"reported","nTFV6a",NA
"8",4,71000791,"rs12513188","A","G",0.0903906291974552,0.0195276207683754,4.65480338740406e-06,7700,"genus.Holdemanella.id.11393",TRUE,"reported","nTFV6a",NA
"10",19,43851935,"rs8113760","A","G",0.0789989837242563,0.0173400459431606,4.62395444716259e-06,7456,"genus.Holdemanella.id.11393",TRUE,"reported","nTFV6a",NA
