"","chr.exposure","pos.exposure","SNP","other_allele.exposure","effect_allele.exposure","beta.exposure","se.exposure","pval.exposure","samplesize.exposure","exposure","mr_keep.exposure","pval_origin.exposure","id.exposure","eaf.exposure"
"1",5,176802250,"rs13157098","G","A",-0.0768058365298254,0.0155312031423762,5.99315187911124e-07,15947,"genus.Lachnospira.id.2004",TRUE,"reported","NLpNag",NA
"2",11,25962890,"rs4923324","A","G",-0.0617320959151958,0.0133386567289649,2.43592844531939e-06,16490,"genus.Lachnospira.id.2004",TRUE,"reported","NLpNag",NA
"5",2,57701660,"rs56791201","C","T",0.0518229928563788,0.0110696730729901,2.9282274545617e-06,16486,"genus.Lachnospira.id.2004",TRUE,"reported","NLpNag",NA
"8",6,6893668,"rs2326833","G","C",-0.0784950345844982,0.0171090154571239,4.59647719901757e-06,15632,"genus.Lachnospira.id.2004",TRUE,"reported","NLpNag",NA
"10",3,186445436,"rs4686798","C","T",0.053182604749454,0.0113747429052122,2.73935520427912e-06,16497,"genus.Lachnospira.id.2004",TRUE,"reported","NLpNag",NA
