"","chr.exposure","pos.exposure","SNP","other_allele.exposure","effect_allele.exposure","beta.exposure","se.exposure","pval.exposure","samplesize.exposure","exposure","mr_keep.exposure","pval_origin.exposure","id.exposure","eaf.exposure"
"1",1,88233128,"rs305411","G","A",0.129218482685631,0.0264517840471191,1.00906479861163e-06,6777,"genus.Coprobacter.id.949",TRUE,"reported","DbpCxY",NA
"2",3,46483717,"rs3828477","T","G",-0.0912179513688051,0.0195690407492176,2.88973671057788e-06,6798,"genus.Coprobacter.id.949",TRUE,"reported","DbpCxY",NA
"3",4,34852443,"rs55672356","A","T",-0.19335420278431,0.041381488101085,2.73690251571275e-06,4903,"genus.Coprobacter.id.949",TRUE,"reported","DbpCxY",NA
"4",11,103549974,"rs143662916","T","C",0.253263890265002,0.0540141200438636,3.07252038154355e-06,3083,"genus.Coprobacter.id.949",TRUE,"reported","DbpCxY",NA
"5",6,97234939,"rs213863","T","C",-0.0887411894848992,0.018837726904781,2.34883061291675e-06,6798,"genus.Coprobacter.id.949",TRUE,"reported","DbpCxY",NA
"6",6,4714797,"rs72821405","C","T",-0.147365312671575,0.0319978051260011,4.75759878244624e-06,6177,"genus.Coprobacter.id.949",TRUE,"reported","DbpCxY",NA
