"","chr.exposure","pos.exposure","SNP","other_allele.exposure","effect_allele.exposure","beta.exposure","se.exposure","pval.exposure","samplesize.exposure","exposure","mr_keep.exposure","pval_origin.exposure","id.exposure","eaf.exposure"
"1",3,106664363,"rs78120384","G","A",-0.192815496674081,0.0392045067436773,3.31185296456021e-07,6082,"genus.Ruminococcus2.id.11374",TRUE,"reported","VyIsXw",NA
"3",2,238103439,"rs12986628","T","C",0.0665937272646555,0.0140168078816668,2.14202359130779e-06,14714,"genus.Ruminococcus2.id.11374",TRUE,"reported","VyIsXw",NA
"4",3,173040924,"rs7635831","A","G",0.0618343567996944,0.012903108344196,1.98054334119017e-06,14924,"genus.Ruminococcus2.id.11374",TRUE,"reported","VyIsXw",NA
"5",13,62067781,"rs2997412","G","A",-0.0568439016230773,0.0122324610952518,4.22116263723446e-06,15336,"genus.Ruminococcus2.id.11374",TRUE,"reported","VyIsXw",NA
"7",2,182656416,"rs2368224","G","T",0.199647633169053,0.0438453438399269,3.62929790465217e-06,3026,"genus.Ruminococcus2.id.11374",TRUE,"reported","VyIsXw",NA
"13",9,137557890,"rs58681734","G","A",0.0723875200298213,0.0160787019388217,4.18175240540237e-06,15338,"genus.Ruminococcus2.id.11374",TRUE,"reported","VyIsXw",NA
"14",11,12148588,"rs75140805","G","T",0.0836824951117493,0.0176445085251493,3.95297318086282e-06,14249,"genus.Ruminococcus2.id.11374",TRUE,"reported","VyIsXw",NA
