"","chr.exposure","pos.exposure","SNP","other_allele.exposure","effect_allele.exposure","beta.exposure","se.exposure","pval.exposure","samplesize.exposure","exposure","mr_keep.exposure","pval_origin.exposure","id.exposure","eaf.exposure"
"1",4,14324623,"rs10805326","A","G",0.0775150612151139,0.0139664675281024,3.54544018920711e-08,12303,"genus.Intestinibacter.id.11345",TRUE,"reported","D5XuIa",NA
"2",15,92446683,"rs4327025","A","G",-0.0810345592237085,0.0154396661206418,1.64325937064721e-07,12303,"genus.Intestinibacter.id.11345",TRUE,"reported","D5XuIa",NA
"4",11,125663184,"rs478972","C","T",-0.142680973158889,0.0297116296608141,1.81990694669584e-06,10333,"genus.Intestinibacter.id.11345",TRUE,"reported","D5XuIa",NA
"6",5,159686256,"rs6875660","T","C",0.0890455423863135,0.0193905204513273,3.05781116669457e-06,12293,"genus.Intestinibacter.id.11345",TRUE,"reported","D5XuIa",NA
"14",9,21502923,"rs16938435","C","T",-0.112188506415732,0.0235438872338301,1.80096705397186e-06,12303,"genus.Intestinibacter.id.11345",TRUE,"reported","D5XuIa",NA
"25",16,5993076,"rs118030283","A","G",-0.151828969874976,0.0324471166925794,2.67438905379695e-06,8830,"genus.Intestinibacter.id.11345",TRUE,"reported","D5XuIa",NA
"43",4,179361262,"rs2702387","G","A",0.0608559183828632,0.0132145486891204,4.25994471302719e-06,12291,"genus.Intestinibacter.id.11345",TRUE,"reported","D5XuIa",NA
