"","chr.exposure","pos.exposure","SNP","other_allele.exposure","effect_allele.exposure","beta.exposure","se.exposure","pval.exposure","samplesize.exposure","exposure","mr_keep.exposure","pval_origin.exposure","id.exposure","eaf.exposure"
"1",8,127905865,"rs13279148","A","G",0.0715308989939077,0.0150877534135923,2.25282887230202e-06,17605,"genus.Dorea.id.1997",TRUE,"reported","hmboIg",NA
"2",8,15768657,"rs62503162","G","A",-0.0974091298895409,0.0194379244208239,7.46605041971618e-07,16210,"genus.Dorea.id.1997",TRUE,"reported","hmboIg",NA
"4",6,25078050,"rs73729431","T","C",-0.137450295623033,0.0299983239326588,3.16739520515805e-06,9596,"genus.Dorea.id.1997",TRUE,"reported","hmboIg",NA
"6",17,70733523,"rs4793307","T","C",0.0574165141538075,0.0122471633565748,4.00689846115733e-06,17600,"genus.Dorea.id.1997",TRUE,"reported","hmboIg",NA
"7",4,60992340,"rs1899291","T","C",0.0697217193494612,0.0150284615692585,4.56686151056982e-06,17609,"genus.Dorea.id.1997",TRUE,"reported","hmboIg",NA
