"","chr.exposure","pos.exposure","SNP","other_allele.exposure","effect_allele.exposure","beta.exposure","se.exposure","pval.exposure","samplesize.exposure","exposure","mr_keep.exposure","pval_origin.exposure","id.exposure","eaf.exposure"
"1",15,36607072,"rs35506912","C","G",-0.0693742866854734,0.0147925536539483,3.20918190825596e-06,12793,"genus.RuminococcaceaeUCG010.id.11367",TRUE,"reported","PxMjPQ",NA
"2",9,135968557,"rs682403","G","A",-0.0588160588655532,0.0124671301874971,2.3653723064469e-06,12864,"genus.RuminococcaceaeUCG010.id.11367",TRUE,"reported","PxMjPQ",NA
"3",7,16349864,"rs6958419","T","C",-0.058571831327089,0.01249937594852,2.84161862192295e-06,12870,"genus.RuminococcaceaeUCG010.id.11367",TRUE,"reported","PxMjPQ",NA
"7",6,104728618,"rs2820282","C","A",-0.0592304211527348,0.012591704075244,2.85385347500659e-06,12865,"genus.RuminococcaceaeUCG010.id.11367",TRUE,"reported","PxMjPQ",NA
"8",16,5233941,"rs12597105","A","G",0.0670854559839564,0.0144414824704579,4.87299690780457e-06,12415,"genus.RuminococcaceaeUCG010.id.11367",TRUE,"reported","PxMjPQ",NA
"9",11,130676996,"rs7935775","T","A",-0.0631350746603965,0.0137953466096875,4.99422544501622e-06,12864,"genus.RuminococcaceaeUCG010.id.11367",TRUE,"reported","PxMjPQ",NA
