"","chr.exposure","pos.exposure","SNP","other_allele.exposure","effect_allele.exposure","beta.exposure","se.exposure","pval.exposure","samplesize.exposure","exposure","mr_keep.exposure","pval_origin.exposure","id.exposure","eaf.exposure"
"1",6,20505628,"rs116261629","C","G",0.128112275673758,0.026135828216452,8.62329435933823e-07,11276,"genus.Bilophila.id.3170",TRUE,"reported","KtTbzw",NA
"2",9,4940871,"rs1571225","T","C",0.0826825691081273,0.0170621467106679,1.12289204053063e-06,12854,"genus.Bilophila.id.3170",TRUE,"reported","KtTbzw",NA
"3",20,61980991,"rs3827020","T","C",0.0766479089271516,0.0160642226078387,1.78874851906053e-06,12628,"genus.Bilophila.id.3170",TRUE,"reported","KtTbzw",NA
"4",1,103299921,"rs1241171","A","G",-0.0692653887989458,0.0150148249895016,4.24036744386485e-06,12856,"genus.Bilophila.id.3170",TRUE,"reported","KtTbzw",NA
"6",7,138583840,"rs7802841","A","C",0.0670096585746394,0.0137700557963231,1.76951874004652e-06,12856,"genus.Bilophila.id.3170",TRUE,"reported","KtTbzw",NA
"8",3,194419531,"rs6793291","A","C",0.112729046047986,0.0241632937600047,3.11320137495254e-06,11051,"genus.Bilophila.id.3170",TRUE,"reported","KtTbzw",NA
"11",15,50011554,"rs542415","C","T",-0.061362319104268,0.0133435935575322,4.70947834996293e-06,12777,"genus.Bilophila.id.3170",TRUE,"reported","KtTbzw",NA
