"","chr.exposure","pos.exposure","SNP","other_allele.exposure","effect_allele.exposure","beta.exposure","se.exposure","pval.exposure","samplesize.exposure","exposure","mr_keep.exposure","pval_origin.exposure","id.exposure","eaf.exposure"
"1",4,5730954,"rs2276875","G","A",-0.0697175652048023,0.0139537040639811,4.65027445972233e-07,13893,"genus.Barnesiella.id.944",TRUE,"reported","O8FCl4",NA
"2",6,110831148,"rs2428166","A","G",-0.165858716710748,0.0337309068914428,8.5087413197875e-07,8091,"genus.Barnesiella.id.944",TRUE,"reported","O8FCl4",NA
"3",12,54872438,"rs60316894","T","C",-0.121478155581858,0.0251839723300115,1.19064228774011e-06,12717,"genus.Barnesiella.id.944",TRUE,"reported","O8FCl4",NA
"5",3,181589155,"rs35177866","G","A",0.0917125454915571,0.0190133434085038,2.94763352506875e-06,13394,"genus.Barnesiella.id.944",TRUE,"reported","O8FCl4",NA
"6",7,122021518,"rs13242616","C","T",-0.0583746513715384,0.0123175719416742,2.29017448979022e-06,13945,"genus.Barnesiella.id.944",TRUE,"reported","O8FCl4",NA
"9",4,114546595,"rs79795328","G","A",-0.0818644666797628,0.0176440695792381,4.23301704718051e-06,13657,"genus.Barnesiella.id.944",TRUE,"reported","O8FCl4",NA
"10",7,10076378,"rs2057922","C","G",0.0915240710957309,0.0194622771829022,3.82633556020412e-06,14208,"genus.Barnesiella.id.944",TRUE,"reported","O8FCl4",NA
"11",6,23435415,"rs199035","A","G",0.0559494827304266,0.0119715583705293,3.00294094204574e-06,13945,"genus.Barnesiella.id.944",TRUE,"reported","O8FCl4",NA
"12",3,44327429,"rs62251337","G","A",-0.0690762683595968,0.0149374121019969,4.24161386862264e-06,13945,"genus.Barnesiella.id.944",TRUE,"reported","O8FCl4",NA
"13",5,54107036,"rs77455852","G","T",-0.0891490840327605,0.0195600572740755,3.16354407943114e-06,13394,"genus.Barnesiella.id.944",TRUE,"reported","O8FCl4",NA
"14",15,87145913,"rs12909713","T","C",-0.0550715555499186,0.0120038941432617,4.94527300998374e-06,14205,"genus.Barnesiella.id.944",TRUE,"reported","O8FCl4",NA
