"","chr.exposure","pos.exposure","SNP","other_allele.exposure","effect_allele.exposure","beta.exposure","se.exposure","pval.exposure","samplesize.exposure","exposure","mr_keep.exposure","pval_origin.exposure","id.exposure","eaf.exposure"
"1",2,150077190,"rs1035588","G","A",-0.108148115161174,0.0236847527448951,4.85501301484875e-06,3739,"genus.Olsenella.id.822",TRUE,"reported","LHppL7",NA
"2",19,4925018,"rs62112538","T","C",-0.199430348537407,0.0407032587347263,1.18820052519889e-06,3630,"genus.Olsenella.id.822",TRUE,"reported","LHppL7",NA
"3",1,247642270,"rs35225860","G","A",-0.223603655430531,0.0482391305846928,3.87041007608522e-06,3630,"genus.Olsenella.id.822",TRUE,"reported","LHppL7",NA
"4",9,21884425,"rs72691585","A","C",-0.249078856349164,0.0520814158391859,2.95294056336882e-06,3078,"genus.Olsenella.id.822",TRUE,"reported","LHppL7",NA
"6",10,10777085,"rs17148768","A","G",0.140434163818841,0.0295601747508468,2.19839993899392e-06,3648,"genus.Olsenella.id.822",TRUE,"reported","LHppL7",NA
"7",1,231960352,"rs2759329","A","G",-0.111131408377499,0.0237218404345113,3.43201387093873e-06,3739,"genus.Olsenella.id.822",TRUE,"reported","LHppL7",NA
"9",20,19969568,"rs6046522","T","C",0.12293822022984,0.0269927577753735,4.48455051711269e-06,3705,"genus.Olsenella.id.822",TRUE,"reported","LHppL7",NA
