"","chr.exposure","pos.exposure","SNP","other_allele.exposure","effect_allele.exposure","beta.exposure","se.exposure","pval.exposure","samplesize.exposure","exposure","mr_keep.exposure","pval_origin.exposure","id.exposure","eaf.exposure"
"1",7,18026604,"rs10950694","C","T",0.0577628459640911,0.0114120141963526,4.29800180160936e-07,15821,"genus.RuminococcaceaeUCG005.id.11363",TRUE,"reported","gVcs8k",NA
"2",20,16312851,"rs34781347","A","G",0.188684782242411,0.0386483602347273,6.04727760355185e-07,6061,"genus.RuminococcaceaeUCG005.id.11363",TRUE,"reported","gVcs8k",NA
"4",11,27747671,"rs12288512","G","A",0.0666350349840732,0.0144355645906982,3.10277981147851e-06,15473,"genus.RuminococcaceaeUCG005.id.11363",TRUE,"reported","gVcs8k",NA
"5",5,32755085,"rs60081663","G","C",0.158081537975595,0.031958601213037,9.28113180346483e-07,9342,"genus.RuminococcaceaeUCG005.id.11363",TRUE,"reported","gVcs8k",NA
"6",2,198122357,"rs114279581","G","A",-0.146604206598615,0.0316034247730752,3.21852882764723e-06,8465,"genus.RuminococcaceaeUCG005.id.11363",TRUE,"reported","gVcs8k",NA
"7",18,22575871,"rs12458218","C","T",0.0677321822577414,0.0144524906530778,2.41026511329638e-06,16099,"genus.RuminococcaceaeUCG005.id.11363",TRUE,"reported","gVcs8k",NA
"9",8,3099727,"rs35166120","G","C",-0.0686153250789149,0.0146252031191101,3.75402610823698e-06,16092,"genus.RuminococcaceaeUCG005.id.11363",TRUE,"reported","gVcs8k",NA
"14",1,187906034,"rs7555878","G","A",0.0586677372423256,0.0125277364505475,2.81021641740786e-06,16100,"genus.RuminococcaceaeUCG005.id.11363",TRUE,"reported","gVcs8k",NA
"16",17,7034575,"rs394449","T","A",0.0692908708405784,0.0148712055638658,2.59897269778389e-06,15728,"genus.RuminococcaceaeUCG005.id.11363",TRUE,"reported","gVcs8k",NA
"17",14,94630731,"rs10873449","C","T",0.0654843197612216,0.0143973495217123,4.11168843060622e-06,16098,"genus.RuminococcaceaeUCG005.id.11363",TRUE,"reported","gVcs8k",NA
"18",10,62662781,"rs2893871","A","G",-0.0736439824881039,0.015547985859594,3.53845408321776e-06,16103,"genus.RuminococcaceaeUCG005.id.11363",TRUE,"reported","gVcs8k",NA
"23",5,154003091,"rs7449320","A","C",0.0599163337371888,0.0130836351699445,4.80775916074737e-06,16095,"genus.RuminococcaceaeUCG005.id.11363",TRUE,"reported","gVcs8k",NA
