"","chr.exposure","pos.exposure","SNP","other_allele.exposure","effect_allele.exposure","beta.exposure","se.exposure","pval.exposure","samplesize.exposure","exposure","mr_keep.exposure","pval_origin.exposure","id.exposure","eaf.exposure"
"1",8,50822676,"rs3812426","A","G",0.1064473157832,0.0224159001674308,2.71687036643629e-06,5583,"genus.Eisenbergiella.id.11304",TRUE,"reported","r9H297",NA
"2",15,53375201,"rs1508033","C","A",0.0915459612410913,0.0195786521308587,3.22888598095557e-06,5580,"genus.Eisenbergiella.id.11304",TRUE,"reported","r9H297",NA
"3",11,124764527,"rs12278566","A","T",-0.121064706269055,0.0251658040901497,1.65000570736617e-06,5582,"genus.Eisenbergiella.id.11304",TRUE,"reported","r9H297",NA
"4",15,36178565,"rs2683098","T","C",0.10731893913083,0.0225150293426238,2.23749948148476e-06,5582,"genus.Eisenbergiella.id.11304",TRUE,"reported","r9H297",NA
"8",21,21610254,"rs4462860","A","G",0.0939070917039514,0.0201104291035837,4.16220632137478e-06,5460,"genus.Eisenbergiella.id.11304",TRUE,"reported","r9H297",NA
"9",11,24001840,"rs11027642","T","C",0.129005537806687,0.0284843924959275,4.91871479202414e-06,5583,"genus.Eisenbergiella.id.11304",TRUE,"reported","r9H297",NA
