"","chr.exposure","pos.exposure","SNP","other_allele.exposure","effect_allele.exposure","beta.exposure","se.exposure","pval.exposure","samplesize.exposure","exposure","mr_keep.exposure","pval_origin.exposure","id.exposure","eaf.exposure"
"1",3,188224096,"rs1426266","C","T",-0.0665521142702154,0.0137150728481493,1.24935006270027e-06,12751,"genus.FamilyXIIIUCG001.id.11294",TRUE,"reported","2tPKnK",NA
"2",1,85228325,"rs12049454","C","T",-0.064729774871335,0.0134065371949221,1.17377935449314e-06,12748,"genus.FamilyXIIIUCG001.id.11294",TRUE,"reported","2tPKnK",NA
"5",15,25151194,"rs116979587","A","T",-0.121678937393476,0.0260820704752621,3.04638375391095e-06,11989,"genus.FamilyXIIIUCG001.id.11294",TRUE,"reported","2tPKnK",NA
"10",6,76598635,"rs62414802","T","C",-0.0611904027993133,0.0134569870246669,4.29181139160413e-06,12750,"genus.FamilyXIIIUCG001.id.11294",TRUE,"reported","2tPKnK",NA
"12",11,94681786,"rs7119679","A","G",-0.0809084649013671,0.0174782037836696,3.52494195125034e-06,12445,"genus.FamilyXIIIUCG001.id.11294",TRUE,"reported","2tPKnK",NA
"13",3,45479090,"rs76463770","G","A",0.19312968658351,0.0419865900675053,3.77475663461497e-06,5651,"genus.FamilyXIIIUCG001.id.11294",TRUE,"reported","2tPKnK",NA
