"","chr.exposure","pos.exposure","SNP","other_allele.exposure","effect_allele.exposure","beta.exposure","se.exposure","pval.exposure","samplesize.exposure","exposure","mr_keep.exposure","pval_origin.exposure","id.exposure","eaf.exposure"
"1",9,34332382,"rs11787826","A","C",0.081327042969626,0.0171154154906542,2.63465799286862e-06,6923,"genus.Senegalimassilia.id.11160",TRUE,"reported","dBJsIn",NA
"5",17,74949284,"rs72887800","A","T",-0.0822461558320818,0.0175720663116676,2.41534061294881e-06,6923,"genus.Senegalimassilia.id.11160",TRUE,"reported","dBJsIn",NA
"6",17,48379615,"rs7225245","A","G",0.0791730090709879,0.0170421007569124,4.18017358353346e-06,6923,"genus.Senegalimassilia.id.11160",TRUE,"reported","dBJsIn",NA
"8",13,19489214,"rs57512504","A","T",0.0819494419060644,0.0172240971180399,2.03317602262596e-06,6923,"genus.Senegalimassilia.id.11160",TRUE,"reported","dBJsIn",NA
