"","chr.exposure","pos.exposure","SNP","other_allele.exposure","effect_allele.exposure","beta.exposure","se.exposure","pval.exposure","samplesize.exposure","exposure","mr_keep.exposure","pval_origin.exposure","id.exposure","eaf.exposure"
"1",7,31085162,"rs17159861","T","C",0.0962227578374938,0.0168388279036101,1.03787291667733e-08,17380,"genus..Eubacteriumcoprostanoligenesgroup.id.11375",TRUE,"reported","eZWhXo",NA
"2",7,16380806,"rs9648214","C","T",-0.0828719424900575,0.0164309869258978,2.52029867929822e-07,17379,"genus..Eubacteriumcoprostanoligenesgroup.id.11375",TRUE,"reported","eZWhXo",NA
"36",1,200638489,"rs115325767","C","G",0.0783321876449719,0.017471885357439,2.62197247694284e-06,16555,"genus..Eubacteriumcoprostanoligenesgroup.id.11375",TRUE,"reported","eZWhXo",NA
"40",15,36911598,"rs12906958","T","C",-0.0533159248785428,0.0115934765314648,4.34802821078166e-06,17380,"genus..Eubacteriumcoprostanoligenesgroup.id.11375",TRUE,"reported","eZWhXo",NA
"44",15,86440997,"rs4076415","G","T",0.0515152023270292,0.0110294347490564,1.98973518186375e-06,16960,"genus..Eubacteriumcoprostanoligenesgroup.id.11375",TRUE,"reported","eZWhXo",NA
"47",3,127139574,"rs6762473","A","C",0.0521583647345351,0.0112352505249882,4.2611288243467e-06,17377,"genus..Eubacteriumcoprostanoligenesgroup.id.11375",TRUE,"reported","eZWhXo",NA
"49",3,81595477,"rs76898927","A","G",0.123055019732079,0.0266374911785224,4.78979174198274e-06,12197,"genus..Eubacteriumcoprostanoligenesgroup.id.11375",TRUE,"reported","eZWhXo",NA
