"","chr.exposure","pos.exposure","SNP","other_allele.exposure","effect_allele.exposure","beta.exposure","se.exposure","pval.exposure","samplesize.exposure","exposure","mr_keep.exposure","pval_origin.exposure","id.exposure","eaf.exposure"
"1",19,639161,"rs111509883","C","T",0.17113063182708,0.0347624100748762,1.24388693584326e-06,6960,"genus.Prevotella9.id.11183",TRUE,"reported","EjvsEo",NA
"2",8,19115604,"rs2683313","G","A",-0.0724575817119406,0.0151602791460813,1.68895158855168e-06,10260,"genus.Prevotella9.id.11183",TRUE,"reported","EjvsEo",NA
"3",22,44236460,"rs117271932","G","A",0.20808857032586,0.0440392773064115,2.81721618738182e-06,4878,"genus.Prevotella9.id.11183",TRUE,"reported","EjvsEo",NA
"6",9,109009495,"rs10512344","G","C",0.247372805871391,0.0544086507390537,3.19323814973047e-06,3063,"genus.Prevotella9.id.11183",TRUE,"reported","EjvsEo",NA
"10",1,118852817,"rs9428102","G","A",-0.0778844501998444,0.0176068067120132,4.61734101098469e-06,10264,"genus.Prevotella9.id.11183",TRUE,"reported","EjvsEo",NA
"17",20,21470713,"rs746764","C","T",-0.0915771519809609,0.0193244838277303,2.03998821959815e-06,9385,"genus.Prevotella9.id.11183",TRUE,"reported","EjvsEo",NA
"22",18,19993452,"rs7232121","C","G",0.0671291876582198,0.0144229588392656,3.76012680266968e-06,9790,"genus.Prevotella9.id.11183",TRUE,"reported","EjvsEo",NA
"23",2,11232685,"rs11685699","T","C",-0.141357386037866,0.0295664736402454,2.02551973939368e-06,8342,"genus.Prevotella9.id.11183",TRUE,"reported","EjvsEo",NA
