"","chr.exposure","pos.exposure","SNP","other_allele.exposure","effect_allele.exposure","beta.exposure","se.exposure","pval.exposure","samplesize.exposure","exposure","mr_keep.exposure","pval_origin.exposure","id.exposure","eaf.exposure"
"1",7,1321675,"rs60583455","C","T",0.108933640940376,0.0211769661948862,2.59577836217247e-07,4773,"genus.unknowngenus.id.1000006162",TRUE,"reported","X4O9P0",NA
"3",8,18229020,"rs2172426","T","C",-0.102119828987488,0.0198946576741882,3.17425185668745e-07,5099,"genus.unknowngenus.id.1000006162",TRUE,"reported","X4O9P0",NA
"6",10,2095726,"rs11251024","A","G",0.104201088285314,0.0206737045829382,6.62800722514745e-07,5107,"genus.unknowngenus.id.1000006162",TRUE,"reported","X4O9P0",NA
"13",6,68934648,"rs13219468","C","G",0.11534371393901,0.023695801771287,1.40637150742214e-06,5104,"genus.unknowngenus.id.1000006162",TRUE,"reported","X4O9P0",NA
"16",5,10737802,"rs267959","G","A",0.0988611857466827,0.0209675560934012,2.6199309574231e-06,5107,"genus.unknowngenus.id.1000006162",TRUE,"reported","X4O9P0",NA
"19",11,91589600,"rs11606187","G","A",-0.154539113814016,0.0326287810927152,3.3058565939964e-06,5102,"genus.unknowngenus.id.1000006162",TRUE,"reported","X4O9P0",NA
"20",10,98619568,"rs7911787","T","G",-0.223070507995134,0.0470232328672672,3.38823807148128e-06,3879,"genus.unknowngenus.id.1000006162",TRUE,"reported","X4O9P0",NA
"21",14,39425971,"rs72671304","C","T",0.172321791531134,0.0370028075101359,3.79577733817349e-06,4887,"genus.unknowngenus.id.1000006162",TRUE,"reported","X4O9P0",NA
"22",2,234081324,"rs13385922","C","T",0.0929494218602979,0.0201348231313137,3.96828615300046e-06,5106,"genus.unknowngenus.id.1000006162",TRUE,"reported","X4O9P0",NA
"24",15,81694972,"rs4383094","C","T",0.149188096743954,0.0320662276761218,4.28134453095868e-06,5091,"genus.unknowngenus.id.1000006162",TRUE,"reported","X4O9P0",NA
"25",10,127094261,"rs55921101","T","A",-0.109245445582591,0.023620071974288,4.32138943055495e-06,5105,"genus.unknowngenus.id.1000006162",TRUE,"reported","X4O9P0",NA
