"","chr.exposure","pos.exposure","SNP","other_allele.exposure","effect_allele.exposure","beta.exposure","se.exposure","pval.exposure","samplesize.exposure","exposure","mr_keep.exposure","pval_origin.exposure","id.exposure","eaf.exposure"
"1",3,13726736,"rs9813022","G","A",-0.0822797503666974,0.0164010099636962,5.10260654832925e-07,8454,"genus.unknowngenus.id.2755",TRUE,"reported","LFaFQc",NA
"2",2,169033340,"rs76784716","G","A",0.139756020363616,0.0286444229572188,8.43037452621365e-07,8454,"genus.unknowngenus.id.2755",TRUE,"reported","LFaFQc",NA
"4",3,84471266,"rs55876211","T","C",-0.0914763715506261,0.0196919333482087,2.86654354249012e-06,8450,"genus.unknowngenus.id.2755",TRUE,"reported","LFaFQc",NA
"5",2,225633812,"rs3754624","T","C",0.0964478032067215,0.0200589153642007,2.15693200134579e-06,8452,"genus.unknowngenus.id.2755",TRUE,"reported","LFaFQc",NA
"6",5,27945645,"rs1549633","C","A",0.10184363484228,0.0219251985540111,3.39601078708443e-06,7966,"genus.unknowngenus.id.2755",TRUE,"reported","LFaFQc",NA
"10",8,131949033,"rs56250014","T","A",0.119152976301779,0.0257580070896933,3.25857995193349e-06,8457,"genus.unknowngenus.id.2755",TRUE,"reported","LFaFQc",NA
