"","chr.exposure","pos.exposure","SNP","other_allele.exposure","effect_allele.exposure","beta.exposure","se.exposure","pval.exposure","samplesize.exposure","exposure","mr_keep.exposure","pval_origin.exposure","id.exposure","eaf.exposure"
"1",1,184942671,"rs234108","G","A",0.074955278509612,0.0152632013393369,9.16335692614088e-07,8694,"genus.Oscillibacter.id.2063",TRUE,"reported","RRL9wa",NA
"2",14,32270129,"rs36095275","T","C",-0.0752368300259817,0.0156861134763381,1.39627169333021e-06,8694,"genus.Oscillibacter.id.2063",TRUE,"reported","RRL9wa",NA
"3",14,21479605,"rs11627628","C","T",0.143960728043941,0.0290223135680501,1.00919522504549e-06,8486,"genus.Oscillibacter.id.2063",TRUE,"reported","RRL9wa",NA
"4",6,28580593,"rs9393920","G","A",-0.0744662423984363,0.015108116163328,9.92237394033543e-07,8930,"genus.Oscillibacter.id.2063",TRUE,"reported","RRL9wa",NA
"8",22,44834707,"rs133832","C","A",-0.0795526875766482,0.0162410588205621,1.14719079795095e-06,8926,"genus.Oscillibacter.id.2063",TRUE,"reported","RRL9wa",NA
"17",4,3656291,"rs12649930","G","T",0.121588700671671,0.0259611733671533,4.09379463283881e-06,8794,"genus.Oscillibacter.id.2063",TRUE,"reported","RRL9wa",NA
"18",2,179457147,"rs16866406","G","A",0.0988765093642834,0.0208795399152745,3.07821455302064e-06,8930,"genus.Oscillibacter.id.2063",TRUE,"reported","RRL9wa",NA
"19",20,49507892,"rs761240","G","T",-0.176639572933661,0.0388811963391652,2.03841369379134e-06,5185,"genus.Oscillibacter.id.2063",TRUE,"reported","RRL9wa",NA
"23",8,21598077,"rs4506202","G","A",-0.0711323335814602,0.0152261098619105,3.20825387069272e-06,8694,"genus.Oscillibacter.id.2063",TRUE,"reported","RRL9wa",NA
"24",11,79013843,"rs61883564","G","A",-0.10135139953473,0.0221015645141445,3.38712343134094e-06,8930,"genus.Oscillibacter.id.2063",TRUE,"reported","RRL9wa",NA
"31",9,1798324,"rs16934185","G","A",-0.129567531584174,0.028156999336877,4.38031302485936e-06,8492,"genus.Oscillibacter.id.2063",TRUE,"reported","RRL9wa",NA
"32",12,82366390,"rs137917150","A","T",-0.174992153081885,0.0388394031319576,4.61985121507649e-06,5733,"genus.Oscillibacter.id.2063",TRUE,"reported","RRL9wa",NA
"33",8,11116314,"rs11990279","C","T",-0.0824934136906694,0.0180457481015372,4.94298444195214e-06,8528,"genus.Oscillibacter.id.2063",TRUE,"reported","RRL9wa",NA
