"","chr.exposure","pos.exposure","SNP","other_allele.exposure","effect_allele.exposure","beta.exposure","se.exposure","pval.exposure","samplesize.exposure","exposure","mr_keep.exposure","pval_origin.exposure","id.exposure","eaf.exposure"
"1",15,87392290,"rs55682560","T","C",-0.13151943243081,0.026131876724925,4.97033570871146e-07,9183,"genus.unknowngenus.id.1000000073",TRUE,"reported","H7niMv",NA
"2",21,38612024,"rs9979874","C","G",-0.0738924566441534,0.015091138745131,1.05271471188101e-06,10506,"genus.unknowngenus.id.1000000073",TRUE,"reported","H7niMv",NA
"3",17,58149405,"rs28691777","T","C",0.137133740628287,0.0266996238522878,6.95696889897546e-07,10199,"genus.unknowngenus.id.1000000073",TRUE,"reported","H7niMv",NA
"8",1,56849539,"rs6588624","A","G",-0.0662316592397984,0.0138146564712076,1.7928683975971e-06,10512,"genus.unknowngenus.id.1000000073",TRUE,"reported","H7niMv",NA
"10",1,71391694,"rs7538034","G","T",-0.0785979519823069,0.0165982227490736,2.36705548096188e-06,10420,"genus.unknowngenus.id.1000000073",TRUE,"reported","H7niMv",NA
"13",8,3305122,"rs66714985","C","A",0.116907777710655,0.0252446793808325,4.85334074387353e-06,10512,"genus.unknowngenus.id.1000000073",TRUE,"reported","H7niMv",NA
"14",8,123977538,"rs118104867","T","C",0.214463834026282,0.0455097599648408,3.43598106176209e-06,4095,"genus.unknowngenus.id.1000000073",TRUE,"reported","H7niMv",NA
"17",2,229942951,"rs2191834","T","G",0.0746375064093672,0.0159136138663669,2.50194505077424e-06,10511,"genus.unknowngenus.id.1000000073",TRUE,"reported","H7niMv",NA
"20",5,142244898,"rs7725895","G","A",-0.116223758853562,0.0240367179250362,3.94355545038086e-06,10512,"genus.unknowngenus.id.1000000073",TRUE,"reported","H7niMv",NA
"30",18,74373125,"rs7226487","G","A",-0.0643682482991011,0.0138701454919101,3.58282409998471e-06,10505,"genus.unknowngenus.id.1000000073",TRUE,"reported","H7niMv",NA
"43",2,205616346,"rs13409132","G","A",-0.165418684355487,0.035215443190576,4.37230891181478e-06,5913,"genus.unknowngenus.id.1000000073",TRUE,"reported","H7niMv",NA
