"","chr.exposure","pos.exposure","SNP","other_allele.exposure","effect_allele.exposure","beta.exposure","se.exposure","pval.exposure","samplesize.exposure","exposure","mr_keep.exposure","pval_origin.exposure","id.exposure","eaf.exposure"
"1",5,174606261,"rs2081023","G","A",-0.122560702303309,0.023650724091539,2.63799845160773e-07,7178,"genus.Paraprevotella.id.962",TRUE,"reported","JFOV9G",NA
"2",17,69135631,"rs9900242","G","A",-0.0852966690001527,0.0175211670218231,1.14067688978083e-06,6900,"genus.Paraprevotella.id.962",TRUE,"reported","JFOV9G",NA
"5",13,86162420,"rs9602779","C","A",-0.106691839672016,0.0220263499210295,6.92745839403028e-07,7177,"genus.Paraprevotella.id.962",TRUE,"reported","JFOV9G",NA
"6",3,149298792,"rs140997932","C","T",-0.162375603823404,0.0354178137932359,2.11119486573958e-06,6187,"genus.Paraprevotella.id.962",TRUE,"reported","JFOV9G",NA
"13",11,114526679,"rs145020347","G","A",-0.1246500324672,0.0262323361420293,4.03008575561181e-06,6859,"genus.Paraprevotella.id.962",TRUE,"reported","JFOV9G",NA
"19",12,114131978,"rs4767113","T","C",0.0882466460149733,0.0183819623629739,2.14356865073743e-06,6900,"genus.Paraprevotella.id.962",TRUE,"reported","JFOV9G",NA
"24",1,195971173,"rs3008582","C","T",0.105720143407567,0.0227245714150432,4.35988802813187e-06,7175,"genus.Paraprevotella.id.962",TRUE,"reported","JFOV9G",NA
"25",11,41079703,"rs4756632","T","G",-0.138905488112853,0.0289896828751907,3.81747370481715e-06,7179,"genus.Paraprevotella.id.962",TRUE,"reported","JFOV9G",NA
"33",6,83459314,"rs17785622","G","A",0.24806537834819,0.0524303963882454,1.92658597727059e-06,3288,"genus.Paraprevotella.id.962",TRUE,"reported","JFOV9G",NA
