"","chr.exposure","pos.exposure","SNP","other_allele.exposure","effect_allele.exposure","beta.exposure","se.exposure","pval.exposure","samplesize.exposure","exposure","mr_keep.exposure","pval_origin.exposure","id.exposure","eaf.exposure"
"1",14,39306809,"rs8009993","C","G",-0.135936178527777,0.0244856592317335,4.42175726613268e-08,7389,"genus.RuminococcaceaeUCG009.id.11366",TRUE,"reported","N7rm6H",NA
"2",17,32786955,"rs1550196","A","G",0.130841507797829,0.0262477866880379,1.13287962306078e-06,7389,"genus.RuminococcaceaeUCG009.id.11366",TRUE,"reported","N7rm6H",NA
"3",6,78106701,"rs4708333","G","T",-0.0840329632712484,0.017475701771018,1.56246321836091e-06,7511,"genus.RuminococcaceaeUCG009.id.11366",TRUE,"reported","N7rm6H",NA
"4",1,39983022,"rs61779334","C","G",-0.138137215684524,0.0292072420099144,1.94241263758315e-06,6865,"genus.RuminococcaceaeUCG009.id.11366",TRUE,"reported","N7rm6H",NA
"5",1,202299085,"rs4079028","T","C",0.0915623030168157,0.0199360336905632,3.28244214953419e-06,7480,"genus.RuminococcaceaeUCG009.id.11366",TRUE,"reported","N7rm6H",NA
"6",12,12970792,"rs2058609","G","A",0.0816464190343693,0.0174719714728939,3.12485481369012e-06,7510,"genus.RuminococcaceaeUCG009.id.11366",TRUE,"reported","N7rm6H",NA
"8",4,7426937,"rs12508214","T","C",-0.0774648711073976,0.0168936987662127,4.75487058229303e-06,7511,"genus.RuminococcaceaeUCG009.id.11366",TRUE,"reported","N7rm6H",NA
"9",2,75512668,"rs2192926","G","A",-0.0890480312894287,0.019298901243621,4.87745508359493e-06,7511,"genus.RuminococcaceaeUCG009.id.11366",TRUE,"reported","N7rm6H",NA
