"","chr.exposure","pos.exposure","SNP","other_allele.exposure","effect_allele.exposure","beta.exposure","se.exposure","pval.exposure","samplesize.exposure","exposure","mr_keep.exposure","pval_origin.exposure","id.exposure","eaf.exposure"
"1",7,31136897,"rs2267739","C","G",0.115505392160391,0.0237627698957131,1.42478109667033e-06,11853,"genus.Escherichia.Shigella.id.3504",TRUE,"reported","Hu7bqV",NA
"2",11,134774845,"rs1154904","G","A",-0.0613376410063492,0.0130644295841106,3.03750643118048e-06,12002,"genus.Escherichia.Shigella.id.3504",TRUE,"reported","Hu7bqV",NA
"3",21,39324484,"rs73208162","G","A",-0.119295648011924,0.0248389935164326,2.19391298389724e-06,11073,"genus.Escherichia.Shigella.id.3504",TRUE,"reported","Hu7bqV",NA
"4",13,23253392,"rs113127095","G","A",0.1510093946692,0.0323434364281351,3.33349326513005e-06,8433,"genus.Escherichia.Shigella.id.3504",TRUE,"reported","Hu7bqV",NA
"5",9,136179347,"rs592299","C","T",-0.0592004334374333,0.0129486431112292,4.76927187664672e-06,11995,"genus.Escherichia.Shigella.id.3504",TRUE,"reported","Hu7bqV",NA
"7",16,77711641,"rs35555519","G","C",0.101975959409087,0.0222883058397036,4.92331995840773e-06,12002,"genus.Escherichia.Shigella.id.3504",TRUE,"reported","Hu7bqV",NA
