"","chr.exposure","pos.exposure","SNP","other_allele.exposure","effect_allele.exposure","beta.exposure","se.exposure","pval.exposure","samplesize.exposure","exposure","mr_keep.exposure","pval_origin.exposure","id.exposure","eaf.exposure"
"1",4,127336602,"rs11098863","A","T",-0.0966008311136557,0.0162677009585777,3.0564579715541e-09,7524,"genus.Enterorhabdus.id.820",TRUE,"reported","hVcKY4",NA
"13",10,20280612,"rs7923280","T","A",0.0860019069308143,0.0169148343566981,5.23855908256078e-07,7524,"genus.Enterorhabdus.id.820",TRUE,"reported","hVcKY4",NA
"15",2,19611953,"rs114731706","G","T",0.182308046162604,0.0382297829422645,2.17342033028026e-06,5956,"genus.Enterorhabdus.id.820",TRUE,"reported","hVcKY4",NA
"16",11,62174193,"rs3017103","G","A",0.0980897010721781,0.0208994560005481,2.94044192066011e-06,7524,"genus.Enterorhabdus.id.820",TRUE,"reported","hVcKY4",NA
"18",12,69515102,"rs73331712","C","T",0.261989511949039,0.0551230192058587,4.84922933279667e-06,3109,"genus.Enterorhabdus.id.820",TRUE,"reported","hVcKY4",NA
"19",19,35863028,"rs424715","C","T",0.0818742536397143,0.0174854620480238,4.40880046451206e-06,7524,"genus.Enterorhabdus.id.820",TRUE,"reported","hVcKY4",NA
