"","chr.exposure","pos.exposure","SNP","other_allele.exposure","effect_allele.exposure","beta.exposure","se.exposure","pval.exposure","samplesize.exposure","exposure","mr_keep.exposure","pval_origin.exposure","id.exposure","eaf.exposure"
"1",9,79110160,"rs602075","G","A",0.16897427696283,0.0296975656667402,3.56574877520196e-08,3212,"genus.Allisonella.id.2174",TRUE,"reported","2gHyd4",NA
"13",9,100150556,"rs35778461","T","C",0.146678706864219,0.0297185567255093,1.2062952896503e-06,3212,"genus.Allisonella.id.2174",TRUE,"reported","2gHyd4",NA
"14",2,33607071,"rs6742198","A","G",0.149151971084973,0.0316484384200305,3.34514279063247e-06,3182,"genus.Allisonella.id.2174",TRUE,"reported","2gHyd4",NA
"18",5,114286707,"rs1901739","G","T",0.115768512751925,0.0248626179944525,3.58801065849101e-06,3212,"genus.Allisonella.id.2174",TRUE,"reported","2gHyd4",NA
"57",18,75370866,"rs685403","C","G",-0.17520322515291,0.0404474155259813,4.88394002736273e-06,3212,"genus.Allisonella.id.2174",TRUE,"reported","2gHyd4",NA
