"","chr.exposure","pos.exposure","SNP","other_allele.exposure","effect_allele.exposure","beta.exposure","se.exposure","pval.exposure","samplesize.exposure","exposure","mr_keep.exposure","pval_origin.exposure","id.exposure","eaf.exposure"
"1",3,171947435,"rs4428215","A","G",0.130292636070771,0.0242237001634508,7.51070834387328e-08,4655,"genus.Oxalobacter.id.2978",TRUE,"reported","m8uP3o",NA
"2",9,87514407,"rs736744","T","C",0.117882082910572,0.0211262388771852,2.57471321212005e-08,4655,"genus.Oxalobacter.id.2978",TRUE,"reported","m8uP3o",NA
"7",22,37421469,"rs6000536","T","C",-0.13099174925358,0.0253803562408863,2.06053800268475e-07,4654,"genus.Oxalobacter.id.2978",TRUE,"reported","m8uP3o",NA
"20",4,189935314,"rs36057338","T","G",0.207847027790403,0.042143922061522,8.79803240096697e-07,4244,"genus.Oxalobacter.id.2978",TRUE,"reported","m8uP3o",NA
"39",20,59502888,"rs6071435","A","T",-0.105512318959362,0.0214889638077633,1.07431103389508e-06,4635,"genus.Oxalobacter.id.2978",TRUE,"reported","m8uP3o",NA
"43",9,19682558,"rs12002250","C","A",0.217122384552349,0.0466317293331641,1.41503967590517e-06,4297,"genus.Oxalobacter.id.2978",TRUE,"reported","m8uP3o",NA
"46",6,38550301,"rs1569853","C","T",-0.138077532993407,0.0296981264350365,3.64500727704764e-06,4492,"genus.Oxalobacter.id.2978",TRUE,"reported","m8uP3o",NA
"48",12,96819204,"rs11108500","G","A",-0.199099074116065,0.0427326602746826,3.74278814325815e-06,4303,"genus.Oxalobacter.id.2978",TRUE,"reported","m8uP3o",NA
"52",8,20902693,"rs10464997","A","G",0.137690927577443,0.029480351635669,3.29753853734044e-06,4650,"genus.Oxalobacter.id.2978",TRUE,"reported","m8uP3o",NA
