"","chr.exposure","pos.exposure","SNP","other_allele.exposure","effect_allele.exposure","beta.exposure","se.exposure","pval.exposure","samplesize.exposure","exposure","mr_keep.exposure","pval_origin.exposure","id.exposure","eaf.exposure"
"1",4,171281359,"rs7680684","T","C",-0.0833810149338312,0.0168900878699876,9.7690399728659e-07,8243,"genus.Adlercreutzia.id.812",TRUE,"reported","sEO9Bt",NA
"2",1,201061818,"rs2147798","G","C",0.0922959021130688,0.0192121235815759,1.39877203855414e-06,8243,"genus.Adlercreutzia.id.812",TRUE,"reported","sEO9Bt",NA
"3",5,94059857,"rs80078995","T","A",-0.113239744695891,0.0232586222780324,1.57358380525115e-06,8243,"genus.Adlercreutzia.id.812",TRUE,"reported","sEO9Bt",NA
"4",18,75009770,"rs2717140","T","C",-0.119225209487429,0.0251081141533815,2.04594132312283e-06,8243,"genus.Adlercreutzia.id.812",TRUE,"reported","sEO9Bt",NA
"7",6,123909083,"rs9490822","T","C",-0.0734512021417798,0.0155788962653845,2.54420636097866e-06,8243,"genus.Adlercreutzia.id.812",TRUE,"reported","sEO9Bt",NA
"13",5,31991834,"rs12522517","T","A",-0.104884370540792,0.0234694751994377,4.41253832247222e-06,8187,"genus.Adlercreutzia.id.812",TRUE,"reported","sEO9Bt",NA
"18",7,48844151,"rs13231526","A","C",0.143237050617466,0.0311654425580231,4.81354815503255e-06,8051,"genus.Adlercreutzia.id.812",TRUE,"reported","sEO9Bt",NA
