"","chr.exposure","pos.exposure","SNP","other_allele.exposure","effect_allele.exposure","beta.exposure","se.exposure","pval.exposure","samplesize.exposure","exposure","mr_keep.exposure","pval_origin.exposure","id.exposure","eaf.exposure"
"1",5,26110626,"rs115777838","C","T",-0.188349525444782,0.0386642945662651,4.62331357467295e-07,5674,"genus.RuminococcaceaeUCG014.id.11371",TRUE,"reported","lZ4oWc",NA
"2",2,57205854,"rs72809222","C","T",0.0671775059821781,0.0139837958435417,2.41190846488893e-06,13922,"genus.RuminococcaceaeUCG014.id.11371",TRUE,"reported","lZ4oWc",NA
"3",3,101334609,"rs12638134","G","T",0.058254795416894,0.0119657317480172,1.21143619548899e-06,14403,"genus.RuminococcaceaeUCG014.id.11371",TRUE,"reported","lZ4oWc",NA
"4",9,14363769,"rs56105232","A","G",0.139275688981791,0.02991317675732,2.91279516088014e-06,9190,"genus.RuminococcaceaeUCG014.id.11371",TRUE,"reported","lZ4oWc",NA
"6",2,134854659,"rs995642","T","C",0.0600479674417393,0.0126416874497267,1.90222401977046e-06,14402,"genus.RuminococcaceaeUCG014.id.11371",TRUE,"reported","lZ4oWc",NA
"12",5,36435597,"rs10941294","T","C",-0.122057404809268,0.0260016693517136,2.39699945908968e-06,12615,"genus.RuminococcaceaeUCG014.id.11371",TRUE,"reported","lZ4oWc",NA
