"","chr.exposure","pos.exposure","SNP","other_allele.exposure","effect_allele.exposure","beta.exposure","se.exposure","pval.exposure","samplesize.exposure","exposure","mr_keep.exposure","pval_origin.exposure","id.exposure","eaf.exposure"
"1",20,4319420,"rs4277593","A","G",-0.0585649150583803,0.0109913630016476,1.13969171254344e-07,16651,"genus.Coprococcus1.id.11301",TRUE,"reported","63G13L",NA
"2",4,174468316,"rs56405618","G","A",-0.0896300013528177,0.0186508153481767,1.57194847677633e-06,16379,"genus.Coprococcus1.id.11301",TRUE,"reported","63G13L",NA
"4",1,95424321,"rs74101919","C","T",-0.0718988506139327,0.0144651148207908,1.03291233182929e-06,16732,"genus.Coprococcus1.id.11301",TRUE,"reported","63G13L",NA
"5",1,30400301,"rs1010560","A","C",0.0580232117643218,0.0122721513591721,1.95915314522091e-06,16723,"genus.Coprococcus1.id.11301",TRUE,"reported","63G13L",NA
"6",11,134622282,"rs73031725","C","T",0.167590996187699,0.0355223810337236,1.97917136484419e-06,7206,"genus.Coprococcus1.id.11301",TRUE,"reported","63G13L",NA
"9",6,72529277,"rs1576241","G","A",-0.0510343492786108,0.0109534557904321,3.32862491717018e-06,16729,"genus.Coprococcus1.id.11301",TRUE,"reported","63G13L",NA
"11",11,124554061,"rs12794898","T","G",0.0903298537476982,0.0197212151417186,4.91531319279494e-06,15186,"genus.Coprococcus1.id.11301",TRUE,"reported","63G13L",NA
"12",7,132556835,"rs7784490","G","C",-0.0518542549566359,0.011313592973607,4.55232779755829e-06,16733,"genus.Coprococcus1.id.11301",TRUE,"reported","63G13L",NA
