"","chr.exposure","pos.exposure","SNP","other_allele.exposure","effect_allele.exposure","beta.exposure","se.exposure","pval.exposure","samplesize.exposure","exposure","mr_keep.exposure","pval_origin.exposure","id.exposure","eaf.exposure"
"1",11,45688595,"rs10769159","C","G",-0.0640276741862639,0.0110059223887925,5.29128156558749e-09,16603,"genus.Ruminococcus1.id.11373",TRUE,"reported","wIXBHz",NA
"19",11,114023573,"rs7117576","G","A",0.0829504526075919,0.0170891333171044,6.47978988792619e-07,16606,"genus.Ruminococcus1.id.11373",TRUE,"reported","wIXBHz",NA
"27",17,71256018,"rs17781867","T","C",0.0999271205655733,0.0211728155872964,1.96335364787512e-06,14349,"genus.Ruminococcus1.id.11373",TRUE,"reported","wIXBHz",NA
"35",2,10533921,"rs7583465","T","C",0.0527654229705965,0.011261891851528,2.55612760858179e-06,16588,"genus.Ruminococcus1.id.11373",TRUE,"reported","wIXBHz",NA
"44",15,55439182,"rs6493760","T","C",0.0535261947763062,0.0115884573368808,3.38362625938318e-06,16126,"genus.Ruminococcus1.id.11373",TRUE,"reported","wIXBHz",NA
"45",8,144596903,"rs11783695","T","G",-0.0734114300624781,0.0161398116306816,4.72678740096886e-06,16606,"genus.Ruminococcus1.id.11373",TRUE,"reported","wIXBHz",NA
