"","chr.exposure","pos.exposure","SNP","other_allele.exposure","effect_allele.exposure","beta.exposure","se.exposure","pval.exposure","samplesize.exposure","exposure","mr_keep.exposure","pval_origin.exposure","id.exposure","eaf.exposure"
"1",6,129224488,"rs12191680","G","C",0.106544332055483,0.0200323213703843,1.4691300883367e-07,9115,"genus.Haemophilus.id.3698",TRUE,"reported","NDiU87",NA
"2",6,55448491,"rs9382510","T","C",-0.0935210456864321,0.0172648520957396,7.1205117997957e-08,9117,"genus.Haemophilus.id.3698",TRUE,"reported","NDiU87",NA
"6",13,36104947,"rs9574096","T","A",-0.0736375288566368,0.0155227263816681,2.18019510377144e-06,9118,"genus.Haemophilus.id.3698",TRUE,"reported","NDiU87",NA
"7",10,94306385,"rs76022354","T","C",0.244637567745653,0.0505504365838433,1.8303130852171e-06,3618,"genus.Haemophilus.id.3698",TRUE,"reported","NDiU87",NA
"8",16,48742489,"rs111582866","A","G",-0.124265407661093,0.0260160155114478,1.27346934767084e-06,8370,"genus.Haemophilus.id.3698",TRUE,"reported","NDiU87",NA
"9",17,64535013,"rs9895850","C","T",-0.192956875916325,0.0416755186776045,2.14060495815878e-06,4592,"genus.Haemophilus.id.3698",TRUE,"reported","NDiU87",NA
"10",12,115493337,"rs35509","A","G",0.12824895461514,0.0268779114931154,2.00951739409074e-06,8430,"genus.Haemophilus.id.3698",TRUE,"reported","NDiU87",NA
"11",9,105650242,"rs78909003","C","T",-0.246255715082855,0.0503923890217503,1.66744956522151e-06,3559,"genus.Haemophilus.id.3698",TRUE,"reported","NDiU87",NA
"13",6,8350917,"rs9328464","C","T",0.0723094887353152,0.0148799492621359,1.42268567196773e-06,9119,"genus.Haemophilus.id.3698",TRUE,"reported","NDiU87",NA
"14",22,26891808,"rs4822728","C","T",0.0705860992016425,0.0151387612934152,3.47848850291322e-06,9119,"genus.Haemophilus.id.3698",TRUE,"reported","NDiU87",NA
"16",9,78752170,"rs10781340","A","G",0.0948915013211475,0.0203220723383816,4.32266039457205e-06,9037,"genus.Haemophilus.id.3698",TRUE,"reported","NDiU87",NA
