"","chr.exposure","pos.exposure","SNP","other_allele.exposure","effect_allele.exposure","beta.exposure","se.exposure","pval.exposure","samplesize.exposure","exposure","mr_keep.exposure","pval_origin.exposure","id.exposure","eaf.exposure"
"1",7,51541468,"rs73341549","C","T",-0.169857156223943,0.0318767853272139,1.50952691026779e-07,6744,"genus.RuminococcaceaeUCG003.id.11361",TRUE,"reported","H0Yp4g",NA
"4",2,205238716,"rs6759615","G","A",0.102522840084247,0.0200203939645531,7.86223767558861e-07,14410,"genus.RuminococcaceaeUCG003.id.11361",TRUE,"reported","H0Yp4g",NA
"5",19,49209851,"rs646327","A","G",0.0586696240058695,0.0118369495517442,7.83179838923356e-07,14406,"genus.RuminococcaceaeUCG003.id.11361",TRUE,"reported","H0Yp4g",NA
"14",12,75496463,"rs11613919","T","G",0.0727604338455849,0.0155716482776335,1.62509092247885e-06,14309,"genus.RuminococcaceaeUCG003.id.11361",TRUE,"reported","H0Yp4g",NA
"15",9,134416970,"rs11243416","C","T",-0.0925652647191513,0.0191203106433334,1.66882465704353e-06,14004,"genus.RuminococcaceaeUCG003.id.11361",TRUE,"reported","H0Yp4g",NA
"22",15,35071718,"rs16959793","C","A",-0.0625270330226822,0.0131258649291356,2.21709221159079e-06,14412,"genus.RuminococcaceaeUCG003.id.11361",TRUE,"reported","H0Yp4g",NA
"34",8,82026852,"rs4452755","C","A",-0.0634463195963531,0.0134740797839152,3.29334998960905e-06,14406,"genus.RuminococcaceaeUCG003.id.11361",TRUE,"reported","H0Yp4g",NA
"38",2,37905976,"rs10490280","T","C",-0.0672093647420889,0.0143309374849128,4.15550632633171e-06,14004,"genus.RuminococcaceaeUCG003.id.11361",TRUE,"reported","H0Yp4g",NA
"41",6,105781538,"rs4532474","A","G",0.0769231061233107,0.0170449613863895,4.82126529514327e-06,14412,"genus.RuminococcaceaeUCG003.id.11361",TRUE,"reported","H0Yp4g",NA
"55",1,13794594,"rs3013089","A","G",-0.0551473404825934,0.0120345988809861,4.38133212588914e-06,14408,"genus.RuminococcaceaeUCG003.id.11361",TRUE,"reported","H0Yp4g",NA
