"","chr.exposure","pos.exposure","SNP","other_allele.exposure","effect_allele.exposure","beta.exposure","se.exposure","pval.exposure","samplesize.exposure","exposure","mr_keep.exposure","pval_origin.exposure","id.exposure","eaf.exposure"
"1",15,80713184,"rs77564310","C","A",-0.0713092654094855,0.0140855252513159,3.28613761996841e-07,17000,"genus.RuminococcaceaeUCG002.id.11360",TRUE,"reported","IryGRa",NA
"2",12,47384118,"rs55793120","C","T",0.137396058695915,0.0274139624198244,4.80673981128504e-07,11669,"genus.RuminococcaceaeUCG002.id.11360",TRUE,"reported","IryGRa",NA
"3",1,14732458,"rs10927423","A","C",-0.0713617285795275,0.0147712239567537,8.49518084738922e-07,17096,"genus.RuminococcaceaeUCG002.id.11360",TRUE,"reported","IryGRa",NA
"7",4,12207874,"rs67746927","G","C",-0.0542370048568012,0.0110357177836309,9.17088102794374e-07,16651,"genus.RuminococcaceaeUCG002.id.11360",TRUE,"reported","IryGRa",NA
"8",11,111712942,"rs116974815","A","C",-0.189730541102388,0.0396566249883464,2.02517837368591e-06,5819,"genus.RuminococcaceaeUCG002.id.11360",TRUE,"reported","IryGRa",NA
"12",14,77502546,"rs7155595","A","C",0.0569929175820915,0.0116986358144873,1.14930695958647e-06,17084,"genus.RuminococcaceaeUCG002.id.11360",TRUE,"reported","IryGRa",NA
"13",11,86335459,"rs7120052","C","A",0.0624796044357248,0.0135523140891063,1.96895444641534e-06,17097,"genus.RuminococcaceaeUCG002.id.11360",TRUE,"reported","IryGRa",NA
"14",1,227563126,"rs10916131","T","C",-0.0693330267092912,0.0146753252668496,2.87496783549931e-06,17097,"genus.RuminococcaceaeUCG002.id.11360",TRUE,"reported","IryGRa",NA
"15",1,238938497,"rs79016051","T","C",-0.0887746723410655,0.0189424185305035,2.33742400302447e-06,16937,"genus.RuminococcaceaeUCG002.id.11360",TRUE,"reported","IryGRa",NA
"17",19,54475808,"rs12463378","G","A",-0.0522060656615995,0.0112086489902471,2.95523248001466e-06,16994,"genus.RuminococcaceaeUCG002.id.11360",TRUE,"reported","IryGRa",NA
"18",5,123822114,"rs11750293","T","G",-0.0578303852580616,0.0120512292173473,1.76136449416771e-06,17094,"genus.RuminococcaceaeUCG002.id.11360",TRUE,"reported","IryGRa",NA
"20",1,190171640,"rs2265670","G","C",-0.0512403969187963,0.0109286964144407,2.99165828629567e-06,17096,"genus.RuminococcaceaeUCG002.id.11360",TRUE,"reported","IryGRa",NA
"31",2,45178830,"rs72874194","C","G",-0.0770288533091851,0.0167249537993047,3.46664249665733e-06,16651,"genus.RuminococcaceaeUCG002.id.11360",TRUE,"reported","IryGRa",NA
