"","chr.exposure","pos.exposure","SNP","other_allele.exposure","effect_allele.exposure","beta.exposure","se.exposure","pval.exposure","samplesize.exposure","exposure","mr_keep.exposure","pval_origin.exposure","id.exposure","eaf.exposure"
"1",11,74391775,"rs10793103","T","C",0.0974344052604472,0.0181279215168366,9.34937060423346e-08,7014,"genus.LachnospiraceaeUCG008.id.11328",TRUE,"reported","Etyyc2",NA
"2",3,100496680,"rs9873555","C","G",-0.121161831304055,0.0233467424082734,2.41342961909005e-07,6577,"genus.LachnospiraceaeUCG008.id.11328",TRUE,"reported","Etyyc2",NA
"4",2,168628871,"rs13024781","C","T",-0.079876878162778,0.0168845545699762,2.29166332848229e-06,7016,"genus.LachnospiraceaeUCG008.id.11328",TRUE,"reported","Etyyc2",NA
"15",11,19572557,"rs10741777","C","T",-0.0973842192559505,0.0194791359188197,7.68659361345311e-07,7014,"genus.LachnospiraceaeUCG008.id.11328",TRUE,"reported","Etyyc2",NA
"19",16,84992314,"rs955844","C","A",0.112064161596249,0.0228369336122893,1.80993664920917e-06,6863,"genus.LachnospiraceaeUCG008.id.11328",TRUE,"reported","Etyyc2",NA
"21",4,114220647,"rs67078837","C","T",-0.0845848302613116,0.0170692690996118,7.68188823908534e-07,7016,"genus.LachnospiraceaeUCG008.id.11328",TRUE,"reported","Etyyc2",NA
"31",2,228100140,"rs62277846","T","C",0.102292484128921,0.0212319016189497,1.58891529674467e-06,7016,"genus.LachnospiraceaeUCG008.id.11328",TRUE,"reported","Etyyc2",NA
"32",1,90818872,"rs10801803","A","G",-0.117029089306434,0.0243084542360955,1.40029452782509e-06,7017,"genus.LachnospiraceaeUCG008.id.11328",TRUE,"reported","Etyyc2",NA
"61",6,81214803,"rs57091572","G","A",-0.110442733892044,0.0235801445751275,2.85822419987706e-06,6950,"genus.LachnospiraceaeUCG008.id.11328",TRUE,"reported","Etyyc2",NA
