"","chr.exposure","pos.exposure","SNP","other_allele.exposure","effect_allele.exposure","beta.exposure","se.exposure","pval.exposure","samplesize.exposure","exposure","mr_keep.exposure","pval_origin.exposure","id.exposure","eaf.exposure"
"1",3,62327558,"rs12638227","C","G",-0.0557287609714503,0.0108552018938687,2.47707265323783e-07,17165,"genus.Subdoligranulum.id.2070",TRUE,"reported","BoAyLR",NA
"2",5,141857415,"rs10065321","C","T",-0.0512827851909547,0.0108105229513863,2.10154886475278e-06,17589,"genus.Subdoligranulum.id.2070",TRUE,"reported","BoAyLR",NA
"4",2,218215847,"rs4347804","G","A",0.166063164548497,0.0357483256163891,2.18405131256014e-06,4312,"genus.Subdoligranulum.id.2070",TRUE,"reported","BoAyLR",NA
"7",5,4671383,"rs6555306","C","T",-0.0740776677961587,0.015546286571702,2.80664154733596e-06,17591,"genus.Subdoligranulum.id.2070",TRUE,"reported","BoAyLR",NA
"8",4,48990885,"rs3761728","G","T",-0.0543457823153833,0.0118866078668172,3.86746672004573e-06,17570,"genus.Subdoligranulum.id.2070",TRUE,"reported","BoAyLR",NA
"9",10,125472937,"rs2114677","T","C",-0.104176347207516,0.0230828777030096,2.71726407756522e-06,15566,"genus.Subdoligranulum.id.2070",TRUE,"reported","BoAyLR",NA
"15",6,153694029,"rs2171249","T","C",0.106743659957848,0.0233212516063106,4.50556353749257e-06,14679,"genus.Subdoligranulum.id.2070",TRUE,"reported","BoAyLR",NA
"16",14,86933898,"rs35940633","A","G",-0.0511008321203991,0.011001028617529,4.21697835224271e-06,17582,"genus.Subdoligranulum.id.2070",TRUE,"reported","BoAyLR",NA
"18",3,183716408,"rs76664262","A","T",0.083407826873291,0.0185356692668489,4.87343961910613e-06,16712,"genus.Subdoligranulum.id.2070",TRUE,"reported","BoAyLR",NA
