"","chr.exposure","pos.exposure","SNP","other_allele.exposure","effect_allele.exposure","beta.exposure","se.exposure","pval.exposure","samplesize.exposure","exposure","mr_keep.exposure","pval_origin.exposure","id.exposure","eaf.exposure"
"1",8,28614217,"rs35703006","T","G",0.0926669309922397,0.0190778887708,9.00770870831345e-07,7940,"genus.unknowngenus.id.2041",TRUE,"reported","ivS3Ac",NA
"2",12,50212628,"rs2336448","C","T",0.0773742070805068,0.0160883245396209,1.4289764395188e-06,7943,"genus.unknowngenus.id.2041",TRUE,"reported","ivS3Ac",NA
"4",16,87893751,"rs7187855","C","A",0.199941235527073,0.0418307691299926,2.20600802097356e-06,5059,"genus.unknowngenus.id.2041",TRUE,"reported","ivS3Ac",NA
"7",2,196859205,"rs16843660","G","A",0.234697292729407,0.0490699838151679,1.75342010237462e-06,3958,"genus.unknowngenus.id.2041",TRUE,"reported","ivS3Ac",NA
"12",1,217548508,"rs1032598","A","G",-0.0886425926311038,0.0189039380123347,4.07584020641605e-06,7944,"genus.unknowngenus.id.2041",TRUE,"reported","ivS3Ac",NA
"17",6,153504165,"rs553072","A","G",0.109193437637058,0.0230197596481302,3.6909551468443e-06,7768,"genus.unknowngenus.id.2041",TRUE,"reported","ivS3Ac",NA
