"","chr.exposure","pos.exposure","SNP","other_allele.exposure","effect_allele.exposure","beta.exposure","se.exposure","pval.exposure","samplesize.exposure","exposure","mr_keep.exposure","pval_origin.exposure","id.exposure","eaf.exposure"
"2",1,224688107,"rs4294381","C","T",0.11219652590834,0.0231860071033086,1.36849860922471e-06,6145,"genus.CandidatusSoleaferrea.id.11350",TRUE,"reported","nRlPIH",NA
"7",8,138638199,"rs10090365","G","A",-0.0834413479530733,0.0180988821805702,4.17309456261167e-06,6145,"genus.CandidatusSoleaferrea.id.11350",TRUE,"reported","nRlPIH",NA
"10",8,123882833,"rs10108780","G","A",-0.0928340395901556,0.01998065961638,3.64079224872166e-06,5999,"genus.CandidatusSoleaferrea.id.11350",TRUE,"reported","nRlPIH",NA
"13",6,109376647,"rs11153159","C","G",-0.128050002659143,0.0285446105875536,4.41523481111354e-06,6101,"genus.CandidatusSoleaferrea.id.11350",TRUE,"reported","nRlPIH",NA
