"","chr.exposure","pos.exposure","SNP","other_allele.exposure","effect_allele.exposure","beta.exposure","se.exposure","pval.exposure","samplesize.exposure","exposure","mr_keep.exposure","pval_origin.exposure","id.exposure","eaf.exposure"
"1",5,165266628,"rs1643968","C","T",-0.0565284394558359,0.0112298063077143,4.14596104194235e-07,18170,"order.Selenomonadales.id.2165",TRUE,"reported","QqaFaW",NA
"2",16,21249925,"rs60274479","C","T",-0.0659622861607226,0.0134136889652222,1.16230278518957e-06,17610,"order.Selenomonadales.id.2165",TRUE,"reported","QqaFaW",NA
"4",3,142135117,"rs13086907","A","G",0.062531198944493,0.0131735028225341,1.95487549251973e-06,18163,"order.Selenomonadales.id.2165",TRUE,"reported","QqaFaW",NA
"5",4,17413426,"rs73232831","A","G",-0.151828859370808,0.0314931801692055,1.87452407915869e-06,9382,"order.Selenomonadales.id.2165",TRUE,"reported","QqaFaW",NA
"6",15,101245088,"rs71405394","A","G",-0.114177821566363,0.0240499597185675,2.16630569253765e-06,13861,"order.Selenomonadales.id.2165",TRUE,"reported","QqaFaW",NA
"7",9,124912908,"rs61249479","C","A",0.0777075325492106,0.0168628199057876,2.9547119990058e-06,18165,"order.Selenomonadales.id.2165",TRUE,"reported","QqaFaW",NA
"8",8,41231597,"rs1447205","C","G",-0.0502053288779494,0.0108382033188115,2.93323829261741e-06,18165,"order.Selenomonadales.id.2165",TRUE,"reported","QqaFaW",NA
"13",7,22817571,"rs4722181","G","T",0.0501305761989433,0.0105797960605455,2.00112420362191e-06,18163,"order.Selenomonadales.id.2165",TRUE,"reported","QqaFaW",NA
