"","chr.exposure","pos.exposure","SNP","other_allele.exposure","effect_allele.exposure","beta.exposure","se.exposure","pval.exposure","samplesize.exposure","exposure","mr_keep.exposure","pval_origin.exposure","id.exposure","eaf.exposure"
"1",2,125440268,"rs10202904","G","T",-0.12175357919406,0.0235356821452398,3.01429751047503e-07,3695,"order.Methanobacteriales.id.120",TRUE,"reported","1m32Zv",NA
"4",13,41956181,"rs73457410","G","A",0.215339755154532,0.0436695198888969,1.40855066184577e-06,3498,"order.Methanobacteriales.id.120",TRUE,"reported","1m32Zv",NA
"6",3,15053083,"rs6776814","C","T",-0.199565931441449,0.0411824899687208,1.63061672994952e-06,3385,"order.Methanobacteriales.id.120",TRUE,"reported","1m32Zv",NA
"11",4,104418307,"rs894996","A","C",0.216999068802611,0.0449075536099716,1.87557176368181e-06,3582,"order.Methanobacteriales.id.120",TRUE,"reported","1m32Zv",NA
