"","chr.exposure","pos.exposure","SNP","other_allele.exposure","effect_allele.exposure","beta.exposure","se.exposure","pval.exposure","samplesize.exposure","exposure","mr_keep.exposure","pval_origin.exposure","id.exposure","eaf.exposure"
"1",8,10143164,"rs2952251","G","A",-0.0629316895587065,0.0124177470599791,3.36461071511843e-07,17278,"order.Lactobacillales.id.1800",TRUE,"reported","QqhuVC",NA
"4",16,991253,"rs35344081","A","G",0.0642442086621713,0.0127358345021876,4.16065868534108e-07,17292,"order.Lactobacillales.id.1800",TRUE,"reported","QqhuVC",NA
"6",3,94153993,"rs76717940","A","T",0.160942577302052,0.0326999711021045,6.55311515429723e-07,7976,"order.Lactobacillales.id.1800",TRUE,"reported","QqhuVC",NA
"9",5,174173171,"rs77558518","G","A",-0.106465936739802,0.0223483551183688,1.67434775577067e-06,15758,"order.Lactobacillales.id.1800",TRUE,"reported","QqhuVC",NA
"22",12,100585559,"rs11110282","G","A",-0.102389845886212,0.0217849407958339,3.95664760436371e-06,15956,"order.Lactobacillales.id.1800",TRUE,"reported","QqhuVC",NA
"23",13,24973509,"rs9581006","T","C",0.225829510777407,0.0469228050007925,1.76595900179657e-06,4224,"order.Lactobacillales.id.1800",TRUE,"reported","QqhuVC",NA
"25",17,40835649,"rs4028634","C","T",0.0532914619037106,0.0110099783269731,1.34806221454669e-06,17295,"order.Lactobacillales.id.1800",TRUE,"reported","QqhuVC",NA
"28",6,67570929,"rs74352383","A","T",-0.103396459415168,0.0217579733642243,1.880278611205e-06,16442,"order.Lactobacillales.id.1800",TRUE,"reported","QqhuVC",NA
"29",7,36349586,"rs78938557","C","T",0.105530208741915,0.0233581047913023,2.31087156663792e-06,15152,"order.Lactobacillales.id.1800",TRUE,"reported","QqhuVC",NA
"30",1,200418805,"rs57872228","T","C",-0.0688414805189885,0.0146993942822071,2.58251520865681e-06,17293,"order.Lactobacillales.id.1800",TRUE,"reported","QqhuVC",NA
"31",3,4800550,"rs1962325","G","C",0.0546878020767752,0.0115069399979517,1.9623221531327e-06,17274,"order.Lactobacillales.id.1800",TRUE,"reported","QqhuVC",NA
"41",19,51959855,"rs34989881","G","A",0.113478843610783,0.0246451681456496,4.09354127647348e-06,12921,"order.Lactobacillales.id.1800",TRUE,"reported","QqhuVC",NA
