"","chr.exposure","pos.exposure","SNP","other_allele.exposure","effect_allele.exposure","beta.exposure","se.exposure","pval.exposure","samplesize.exposure","exposure","mr_keep.exposure","pval_origin.exposure","id.exposure","eaf.exposure"
"1",4,95027272,"rs11729256","C","T",0.0749798022294282,0.0150176770445129,6.73089691177283e-07,11861,"order.Verrucomicrobiales.id.4030",TRUE,"reported","k3MzSM",NA
"2",11,130280667,"rs4936098","G","A",0.0648842532776604,0.0135928093479635,1.12220949968809e-06,11858,"order.Verrucomicrobiales.id.4030",TRUE,"reported","k3MzSM",NA
"4",6,56341481,"rs9349825","G","A",-0.070403566012229,0.0147127890895391,2.53686757778398e-06,11858,"order.Verrucomicrobiales.id.4030",TRUE,"reported","k3MzSM",NA
"9",4,100544188,"rs74542928","C","T",0.1121637071439,0.0236421949022768,1.63221748089996e-06,11216,"order.Verrucomicrobiales.id.4030",TRUE,"reported","k3MzSM",NA
"11",16,81063149,"rs2602429","T","C",0.0746844365961214,0.0156194377366149,2.58296537232274e-06,11690,"order.Verrucomicrobiales.id.4030",TRUE,"reported","k3MzSM",NA
"13",10,5064327,"rs4242783","A","G",0.0689292191893596,0.0147692973682745,2.63612203064309e-06,11690,"order.Verrucomicrobiales.id.4030",TRUE,"reported","k3MzSM",NA
"17",1,105422565,"rs11184341","C","G",0.0655341927085655,0.0142230775222968,4.1340497651401e-06,11864,"order.Verrucomicrobiales.id.4030",TRUE,"reported","k3MzSM",NA
"21",18,49473635,"rs117107102","G","A",0.204682880450429,0.0431572505321698,2.91821336410306e-06,4975,"order.Verrucomicrobiales.id.4030",TRUE,"reported","k3MzSM",NA
"23",15,97570657,"rs12908520","A","G",0.0618925577665028,0.0130946256328326,2.17163392497501e-06,11863,"order.Verrucomicrobiales.id.4030",TRUE,"reported","k3MzSM",NA
"26",12,130309670,"rs111862613","C","T",0.0906989568997961,0.0196745959705639,3.73846430254139e-06,11621,"order.Verrucomicrobiales.id.4030",TRUE,"reported","k3MzSM",NA
