"","chr.exposure","pos.exposure","SNP","other_allele.exposure","effect_allele.exposure","beta.exposure","se.exposure","pval.exposure","samplesize.exposure","exposure","mr_keep.exposure","pval_origin.exposure","id.exposure","eaf.exposure"
"1",2,239900775,"rs62191117","G","A",0.0679994877788782,0.0132470587328011,2.79098962234897e-07,16975,"order.Burkholderiales.id.2874",TRUE,"reported","JRpsfK",NA
"2",20,30596130,"rs6087811","G","T",-0.10158674459778,0.0198816729045334,2.88374470043838e-07,16135,"order.Burkholderiales.id.2874",TRUE,"reported","JRpsfK",NA
"4",4,45642485,"rs4033856","T","C",0.0833445518329887,0.0167489091126605,5.66822628951172e-07,15897,"order.Burkholderiales.id.2874",TRUE,"reported","JRpsfK",NA
"9",3,193456274,"rs2367850","C","G",0.0633300429163297,0.0130595216192062,1.23614114729154e-06,16664,"order.Burkholderiales.id.2874",TRUE,"reported","JRpsfK",NA
"12",5,173497796,"rs62395635","C","T",0.109911047420296,0.0236375040007787,2.90228187599499e-06,15062,"order.Burkholderiales.id.2874",TRUE,"reported","JRpsfK",NA
"13",13,58689340,"rs2321387","A","G",-0.0508513724259183,0.0109587628969805,3.25786552112218e-06,17095,"order.Burkholderiales.id.2874",TRUE,"reported","JRpsfK",NA
"21",3,70588939,"rs7638039","C","T",0.0580987484509431,0.0126730456864108,4.8359298600467e-06,17078,"order.Burkholderiales.id.2874",TRUE,"reported","JRpsfK",NA
"28",7,111285025,"rs2613606","T","C",-0.0499561467219918,0.0109263880143636,4.13356867481087e-06,17092,"order.Burkholderiales.id.2874",TRUE,"reported","JRpsfK",NA
"29",9,84206018,"rs72747231","G","C",-0.133728739322186,0.029073834470828,3.76217331989077e-06,11315,"order.Burkholderiales.id.2874",TRUE,"reported","JRpsfK",NA
"30",1,153240013,"rs1928341","G","A",0.0507782213390392,0.0110586965195379,4.51508243317298e-06,17096,"order.Burkholderiales.id.2874",TRUE,"reported","JRpsfK",NA
