"","chr.exposure","pos.exposure","SNP","other_allele.exposure","effect_allele.exposure","beta.exposure","se.exposure","pval.exposure","samplesize.exposure","exposure","mr_keep.exposure","pval_origin.exposure","id.exposure","eaf.exposure"
"1",3,14306949,"rs9864379","C","T",-0.160521381473713,0.0292752166095037,4.65873176834345e-08,5768,"order.Gastranaerophilales.id.1591",TRUE,"reported","tGryNH",NA
"19",16,80493705,"rs11150282","C","T",0.0982349976013212,0.0197126547381465,7.36052804409606e-07,5864,"order.Gastranaerophilales.id.1591",TRUE,"reported","tGryNH",NA
"39",1,230523039,"rs16851659","C","G",-0.0895168155184112,0.0186555200834825,1.27024105332981e-06,5875,"order.Gastranaerophilales.id.1591",TRUE,"reported","tGryNH",NA
"41",9,115975389,"rs4129395","A","G",0.0904263648602228,0.0185253196661907,1.21742288153054e-06,5878,"order.Gastranaerophilales.id.1591",TRUE,"reported","tGryNH",NA
"44",9,122046549,"rs1221147","A","T",0.126305018222927,0.0279161315891641,4.85959948815835e-06,5759,"order.Gastranaerophilales.id.1591",TRUE,"reported","tGryNH",NA
"48",15,100747683,"rs79790072","C","T",0.226102517110229,0.0488016587739803,3.53810079568023e-06,4104,"order.Gastranaerophilales.id.1591",TRUE,"reported","tGryNH",NA
"50",7,20010624,"rs73074665","T","A",0.164631220636094,0.0356036647363588,3.62380126996219e-06,5749,"order.Gastranaerophilales.id.1591",TRUE,"reported","tGryNH",NA
