"","chr.exposure","pos.exposure","SNP","other_allele.exposure","effect_allele.exposure","beta.exposure","se.exposure","pval.exposure","samplesize.exposure","exposure","mr_keep.exposure","pval_origin.exposure","id.exposure","eaf.exposure"
"1",21,28684912,"rs74887130","G","C",-0.19216577548202,0.0358817122772681,1.16118377628894e-07,3218,"order.Bacillales.id.1674",TRUE,"reported","anaDA8",NA
"3",7,49423832,"rs4617108","G","A",0.248860918490667,0.052592896026763,1.97505553601817e-06,3018,"order.Bacillales.id.1674",TRUE,"reported","anaDA8",NA
"4",12,69332975,"rs62640857","G","A",0.148237754331586,0.0326455446224956,4.49258668829106e-06,3235,"order.Bacillales.id.1674",TRUE,"reported","anaDA8",NA
"5",4,127766709,"rs74420793","G","A",-0.164413018409088,0.0353763253690076,3.07322776342791e-06,3077,"order.Bacillales.id.1674",TRUE,"reported","anaDA8",NA
"14",7,117496144,"rs10233278","C","T",-0.116318665477088,0.024852732941244,3.50802721205924e-06,3239,"order.Bacillales.id.1674",TRUE,"reported","anaDA8",NA
