"","chr.exposure","pos.exposure","SNP","other_allele.exposure","effect_allele.exposure","beta.exposure","se.exposure","pval.exposure","samplesize.exposure","exposure","mr_keep.exposure","pval_origin.exposure","id.exposure","eaf.exposure"
"1",4,152131744,"rs6815608","C","T",0.104089025521023,0.0210883065763857,3.71988572763899e-07,16731,"order.Clostridiales.id.1863",TRUE,"reported","Gwh2Ac",NA
"2",21,40703251,"rs112334273","A","G",0.0639383436849923,0.0127404494705117,4.07257440819054e-07,18217,"order.Clostridiales.id.1863",TRUE,"reported","Gwh2Ac",NA
"3",4,161507301,"rs6814436","C","T",0.0741857621582185,0.0150813835963653,9.06287833545047e-07,18336,"order.Clostridiales.id.1863",TRUE,"reported","Gwh2Ac",NA
"4",18,48792829,"rs72915163","C","T",-0.0580246233410713,0.0120557722422302,1.39104275272213e-06,18317,"order.Clostridiales.id.1863",TRUE,"reported","Gwh2Ac",NA
"5",14,52494072,"rs2273429","G","A",-0.0726190933898273,0.0153105187085283,4.16870728084234e-06,18337,"order.Clostridiales.id.1863",TRUE,"reported","Gwh2Ac",NA
"6",12,5942519,"rs10774377","G","A",0.0523003178346215,0.011385928788421,3.80899142227665e-06,18330,"order.Clostridiales.id.1863",TRUE,"reported","Gwh2Ac",NA
"10",5,149077788,"rs13179700","C","T",0.0510952920924237,0.0109568866817583,3.52110900491871e-06,18338,"order.Clostridiales.id.1863",TRUE,"reported","Gwh2Ac",NA
