"","chr.exposure","pos.exposure","SNP","other_allele.exposure","effect_allele.exposure","beta.exposure","se.exposure","pval.exposure","samplesize.exposure","exposure","mr_keep.exposure","pval_origin.exposure","id.exposure","eaf.exposure"
"1",20,33694801,"rs6058181","T","C",0.0836764583074091,0.0166097841962878,2.527699218122e-07,15076,"order.Desulfovibrionales.id.3156",TRUE,"reported","Io8IF0",NA
"6",17,2856662,"rs4506934","T","C",-0.0953383470827622,0.0201367017604834,2.42998070367648e-06,15037,"order.Desulfovibrionales.id.3156",TRUE,"reported","Io8IF0",NA
"8",10,11855599,"rs11599763","C","T",-0.0554861674339303,0.011748631941819,2.60697950914264e-06,15144,"order.Desulfovibrionales.id.3156",TRUE,"reported","Io8IF0",NA
"9",21,45064961,"rs2838334","A","G",0.0569024019765028,0.0124223298250794,4.16791049489692e-06,15144,"order.Desulfovibrionales.id.3156",TRUE,"reported","Io8IF0",NA
"10",16,71541641,"rs9928243","A","C",-0.0544712730792956,0.011781078447677,3.96635556663598e-06,15143,"order.Desulfovibrionales.id.3156",TRUE,"reported","Io8IF0",NA
"11",9,15269705,"rs112381107","T","C",0.210090212301186,0.045697378416969,3.21653093798083e-06,4455,"order.Desulfovibrionales.id.3156",TRUE,"reported","Io8IF0",NA
"12",1,203308383,"rs16851319","C","G",-0.0729137279755543,0.0150954431344666,2.70286961951872e-06,15130,"order.Desulfovibrionales.id.3156",TRUE,"reported","Io8IF0",NA
"13",9,81834426,"rs17791387","G","A",-0.0727501129084685,0.0154369471797179,2.25293874830558e-06,15047,"order.Desulfovibrionales.id.3156",TRUE,"reported","Io8IF0",NA
"14",1,203991605,"rs2692012","G","A",0.112244114999032,0.0253553382106013,2.27021492444251e-06,13082,"order.Desulfovibrionales.id.3156",TRUE,"reported","Io8IF0",NA
