"","chr.exposure","pos.exposure","SNP","other_allele.exposure","effect_allele.exposure","beta.exposure","se.exposure","pval.exposure","samplesize.exposure","exposure","mr_keep.exposure","pval_origin.exposure","id.exposure","eaf.exposure"
"1",21,21023966,"rs2825714","G","A",-0.137410135913027,0.0289245799786841,1.72210773427244e-06,4734,"order.Victivallales.id.2254",TRUE,"reported","6rX425",NA
"2",15,25162535,"rs17114848","A","G",0.152376929249928,0.0324331667332533,4.05865431978083e-06,4734,"order.Victivallales.id.2254",TRUE,"reported","6rX425",NA
"3",20,61394262,"rs77599476","G","A",0.230291774986676,0.0480168105998498,1.86132512679844e-06,3722,"order.Victivallales.id.2254",TRUE,"reported","6rX425",NA
"4",7,146795379,"rs11770843","T","C",0.109430891855356,0.0234878971992449,1.90728543833067e-06,4705,"order.Victivallales.id.2254",TRUE,"reported","6rX425",NA
"6",9,111086170,"rs62570196","T","C",-0.216350466769097,0.0439865772422347,1.07925739521732e-06,3712,"order.Victivallales.id.2254",TRUE,"reported","6rX425",NA
"8",5,94720245,"rs2731834","G","C",0.109437835430535,0.0236929966680865,4.24357591248542e-06,4733,"order.Victivallales.id.2254",TRUE,"reported","6rX425",NA
"9",13,20687179,"rs2031282","G","A",0.122368502553019,0.0270329332170586,4.38260016171557e-06,4734,"order.Victivallales.id.2254",TRUE,"reported","6rX425",NA
