"","chr.exposure","pos.exposure","SNP","other_allele.exposure","effect_allele.exposure","beta.exposure","se.exposure","pval.exposure","samplesize.exposure","exposure","mr_keep.exposure","pval_origin.exposure","id.exposure","eaf.exposure"
"1",3,13726736,"rs9813022","G","A",-0.0830794521671897,0.0162641514626957,3.07213252393461e-07,8600,"order.Rhodospirillales.id.2667",TRUE,"reported","rqDGja",NA
"2",15,61775734,"rs11630875","C","T",0.0945198468422378,0.0202138804928962,3.7037855706985e-06,8595,"order.Rhodospirillales.id.2667",TRUE,"reported","rqDGja",NA
"3",2,169033340,"rs76784716","G","A",0.136039347932385,0.0284399301600848,1.31382283805809e-06,8600,"order.Rhodospirillales.id.2667",TRUE,"reported","rqDGja",NA
"5",2,225633812,"rs3754624","T","C",0.0941280440944581,0.019838930265028,2.68367219362004e-06,8598,"order.Rhodospirillales.id.2667",TRUE,"reported","rqDGja",NA
"6",5,27945645,"rs1549633","C","A",0.0996735094084208,0.0216666804669827,3.88023823768416e-06,8112,"order.Rhodospirillales.id.2667",TRUE,"reported","rqDGja",NA
"7",8,131958403,"rs7001029","T","C",0.120725520569471,0.0260988986095451,2.83070589083361e-06,8063,"order.Rhodospirillales.id.2667",TRUE,"reported","rqDGja",NA
"12",5,119372737,"rs1035406","A","G",-0.114724898611743,0.0247993609424218,4.07163277965422e-06,8585,"order.Rhodospirillales.id.2667",TRUE,"reported","rqDGja",NA
"14",10,2670553,"rs4278423","C","T",0.105215077782569,0.0233777748906279,3.98039727326676e-06,8603,"order.Rhodospirillales.id.2667",TRUE,"reported","rqDGja",NA
"19",10,113419797,"rs11591293","T","G",0.07227547708498,0.0158185803307904,4.68528636913221e-06,8602,"order.Rhodospirillales.id.2667",TRUE,"reported","rqDGja",NA
