"","chr.exposure","pos.exposure","SNP","other_allele.exposure","effect_allele.exposure","beta.exposure","se.exposure","pval.exposure","samplesize.exposure","exposure","mr_keep.exposure","pval_origin.exposure","id.exposure","eaf.exposure"
"1",3,89340254,"rs73846128","G","A",-0.0664261813793914,0.0133481344502643,4.78295583939699e-07,18335,"phylum.Bacteroidetes.id.905",TRUE,"reported","lEKffu",NA
"3",13,70522683,"rs73512608","A","G",-0.123117207492397,0.0236743295721999,2.5389141029939e-07,11350,"phylum.Bacteroidetes.id.905",TRUE,"reported","lEKffu",NA
"37",14,59317502,"rs111845179","C","T",0.104176947845423,0.021383711519597,6.47185726561013e-07,16394,"phylum.Bacteroidetes.id.905",TRUE,"reported","lEKffu",NA
"38",17,6461200,"rs73975615","A","G",-0.207162752355198,0.0442628726173099,1.20410753956319e-06,3350,"phylum.Bacteroidetes.id.905",TRUE,"reported","lEKffu",NA
"64",2,53831026,"rs2032750","C","T",-0.0510856594263516,0.0106804228120142,1.70834704584182e-06,17854,"phylum.Bacteroidetes.id.905",TRUE,"reported","lEKffu",NA
"80",1,176792690,"rs7546249","A","T",-0.0569173305484821,0.0118382401001496,1.41931295531933e-06,18334,"phylum.Bacteroidetes.id.905",TRUE,"reported","lEKffu",NA
"106",9,116888284,"rs13291169","G","C",0.0700928727834842,0.0148756174607172,2.60991330918504e-06,17514,"phylum.Bacteroidetes.id.905",TRUE,"reported","lEKffu",NA
"119",9,136493820,"rs62575403","T","C",0.145423872299783,0.0311078671114559,2.95953041178998e-06,9669,"phylum.Bacteroidetes.id.905",TRUE,"reported","lEKffu",NA
