"","chr.exposure","pos.exposure","SNP","other_allele.exposure","effect_allele.exposure","beta.exposure","se.exposure","pval.exposure","samplesize.exposure","exposure","mr_keep.exposure","pval_origin.exposure","id.exposure","eaf.exposure"
"1",4,100544188,"rs74542928","C","T",0.115994332706581,0.0231323719740418,4.08375391712772e-07,11703,"phylum.Verrucomicrobia.id.3982",TRUE,"reported","ccT74h",NA
"2",10,5073050,"rs11252894","C","A",0.0784054944572148,0.0162769170719171,1.1055590825495e-06,12381,"phylum.Verrucomicrobia.id.3982",TRUE,"reported","ccT74h",NA
"6",16,81063149,"rs2602429","T","C",0.0764148232973687,0.0153486720902809,8.71040454116143e-07,12104,"phylum.Verrucomicrobia.id.3982",TRUE,"reported","ccT74h",NA
"9",4,95027272,"rs11729256","C","T",0.0696984138682457,0.014695339825543,2.23401860311201e-06,12377,"phylum.Verrucomicrobia.id.3982",TRUE,"reported","ccT74h",NA
"18",1,55522083,"rs45598138","A","C",-0.143901453976954,0.0305400014508558,2.1912687024003e-06,9932,"phylum.Verrucomicrobia.id.3982",TRUE,"reported","ccT74h",NA
"27",5,40438158,"rs76430504","C","T",-0.117530088535779,0.0254580423138016,3.4956037388163e-06,11624,"phylum.Verrucomicrobia.id.3982",TRUE,"reported","ccT74h",NA
"44",18,49473635,"rs117107102","G","A",0.204282774850613,0.0427565053232772,2.67935468957753e-06,5071,"phylum.Verrucomicrobia.id.3982",TRUE,"reported","ccT74h",NA
"59",15,97570657,"rs12908520","A","G",0.0594915733402368,0.0128230120584656,3.40448430830814e-06,12380,"phylum.Verrucomicrobia.id.3982",TRUE,"reported","ccT74h",NA
