"","chr.exposure","pos.exposure","SNP","other_allele.exposure","effect_allele.exposure","beta.exposure","se.exposure","pval.exposure","samplesize.exposure","exposure","mr_keep.exposure","pval_origin.exposure","id.exposure","eaf.exposure"
"1",21,21023966,"rs2825714","G","A",-0.138226356654946,0.0289096212163607,1.49771876630404e-06,4739,"phylum.Lentisphaerae.id.2238",TRUE,"reported","PlskMr",NA
"2",7,146795379,"rs11770843","T","C",0.111895531073448,0.0234776038396345,1.1381327818646e-06,4709,"phylum.Lentisphaerae.id.2238",TRUE,"reported","PlskMr",NA
"3",20,61394262,"rs77599476","G","A",0.229981464318854,0.0479918178769902,1.90263394825938e-06,3726,"phylum.Lentisphaerae.id.2238",TRUE,"reported","PlskMr",NA
"5",9,111086170,"rs62570196","T","C",-0.217203228881138,0.0439621393318696,9.64474164131084e-07,3716,"phylum.Lentisphaerae.id.2238",TRUE,"reported","PlskMr",NA
"10",15,101242690,"rs1002941","A","G",0.107660546704916,0.0233381770380257,4.30879735489236e-06,4739,"phylum.Lentisphaerae.id.2238",TRUE,"reported","PlskMr",NA
"11",5,94720245,"rs2731834","G","C",0.109934635507049,0.0236848450649918,3.79600774345628e-06,4738,"phylum.Lentisphaerae.id.2238",TRUE,"reported","PlskMr",NA
