"","chr.exposure","pos.exposure","SNP","other_allele.exposure","effect_allele.exposure","beta.exposure","se.exposure","pval.exposure","samplesize.exposure","exposure","mr_keep.exposure","pval_origin.exposure","id.exposure","eaf.exposure"
"1",2,125440268,"rs10202904","G","T",-0.115985759011108,0.0230270882566969,6.18879503196955e-07,3861,"phylum.Euryarchaeota.id.55",TRUE,"reported","ngFpnt",NA
"4",13,41963791,"rs76029318","C","T",0.214866479448951,0.043844208631692,1.04621963918397e-06,3660,"phylum.Euryarchaeota.id.55",TRUE,"reported","ngFpnt",NA
"11",3,15019595,"rs73031978","G","C",-0.197522680102211,0.0414497101795327,2.74069152768638e-06,3501,"phylum.Euryarchaeota.id.55",TRUE,"reported","ngFpnt",NA
"17",6,146840876,"rs34928225","C","T",0.199769775438875,0.0425421346226176,4.33093129736668e-06,3483,"phylum.Euryarchaeota.id.55",TRUE,"reported","ngFpnt",NA
"18",3,15591607,"rs7635189","A","G",0.119983323849168,0.0259356000874843,4.63500097959383e-06,3483,"phylum.Euryarchaeota.id.55",TRUE,"reported","ngFpnt",NA
"19",6,16284785,"rs77658038","C","A",-0.16015667876191,0.0340856166915369,4.75420287450167e-06,3810,"phylum.Euryarchaeota.id.55",TRUE,"reported","ngFpnt",NA
