"","chr.exposure","pos.exposure","SNP","other_allele.exposure","effect_allele.exposure","beta.exposure","se.exposure","pval.exposure","samplesize.exposure","exposure","mr_keep.exposure","pval_origin.exposure","id.exposure","eaf.exposure"
"1",2,231678413,"rs3792064","A","G",0.0897348641065787,0.0182532115465818,6.75498270090002e-07,17812,"phylum.Firmicutes.id.1672",TRUE,"reported","FRvfrT",NA
"4",17,11780026,"rs2009919","C","T",0.0536457183306855,0.0106294483522709,4.94716365005151e-07,17859,"phylum.Firmicutes.id.1672",TRUE,"reported","FRvfrT",NA
"6",21,40703251,"rs112334273","A","G",0.0627458974449614,0.0127415268240724,9.26451658665667e-07,18217,"phylum.Firmicutes.id.1672",TRUE,"reported","FRvfrT",NA
"15",2,116724915,"rs13421739","G","C",0.0943944352924604,0.0179641441499681,1.94643932117394e-06,18340,"phylum.Firmicutes.id.1672",TRUE,"reported","FRvfrT",NA
"18",12,97374875,"rs7975768","G","C",0.0512731716236811,0.0109226265307608,2.82482358548699e-06,17859,"phylum.Firmicutes.id.1672",TRUE,"reported","FRvfrT",NA
"19",4,171672038,"rs2332027","A","G",-0.0482656114142262,0.0104823006563359,4.04546363013303e-06,18340,"phylum.Firmicutes.id.1672",TRUE,"reported","FRvfrT",NA
"21",19,22899585,"rs7247191","C","T",-0.0713033009445312,0.0157424027760371,4.73101436298217e-06,18340,"phylum.Firmicutes.id.1672",TRUE,"reported","FRvfrT",NA
"22",20,54087963,"rs3852931","T","C",-0.0482086473600543,0.0104999905350889,4.52593691051172e-06,18260,"phylum.Firmicutes.id.1672",TRUE,"reported","FRvfrT",NA
