"","chr.exposure","pos.exposure","SNP","other_allele.exposure","effect_allele.exposure","beta.exposure","se.exposure","pval.exposure","samplesize.exposure","exposure","mr_keep.exposure","pval_origin.exposure","id.exposure","eaf.exposure"
"1",2,135837906,"rs7570971","C","A",0.086653038615226,0.0113622900572697,1.41346770725588e-14,17782,"phylum.Actinobacteria.id.400",TRUE,"reported","f2fhvX",NA
"118",2,213756191,"rs4429415","T","C",0.058190751763887,0.0111343348149913,2.05146330879552e-07,17990,"phylum.Actinobacteria.id.400",TRUE,"reported","f2fhvX",NA
"124",12,20378911,"rs10841473","C","G",-0.0596572414199823,0.0117536958993053,4.46576774903853e-07,17987,"phylum.Actinobacteria.id.400",TRUE,"reported","f2fhvX",NA
"168",14,23847194,"rs74037001","A","G",-0.0819391337306401,0.0165333681617048,6.71239605027092e-07,17179,"phylum.Actinobacteria.id.400",TRUE,"reported","f2fhvX",NA
"179",4,1517826,"rs55888705","G","A",0.0534221068088313,0.0109975291325724,1.31242352630216e-06,17988,"phylum.Actinobacteria.id.400",TRUE,"reported","f2fhvX",NA
"201",7,24464799,"rs62448869","A","T",-0.0524531242504281,0.0108225854238247,1.13896824799837e-06,17782,"phylum.Actinobacteria.id.400",TRUE,"reported","f2fhvX",NA
"235",16,81776768,"rs8047955","G","A",0.0521114930317853,0.0111192188342602,2.66202651854336e-06,17980,"phylum.Actinobacteria.id.400",TRUE,"reported","f2fhvX",NA
"264",3,32362998,"rs9833771","C","T",0.0490077063052793,0.0106564187700022,4.07440388294662e-06,17990,"phylum.Actinobacteria.id.400",TRUE,"reported","f2fhvX",NA
"271",5,90471451,"rs1397793","A","G",-0.0521386943335122,0.0111587375008764,3.73768619808177e-06,17782,"phylum.Actinobacteria.id.400",TRUE,"reported","f2fhvX",NA
"280",15,92467422,"rs6496870","C","T",0.0510776901466033,0.0113808759247108,4.61743455799885e-06,17990,"phylum.Actinobacteria.id.400",TRUE,"reported","f2fhvX",NA
"281",6,14617591,"rs857444","T","C",0.0507314925902726,0.0109884543965824,3.80349300793572e-06,17988,"phylum.Actinobacteria.id.400",TRUE,"reported","f2fhvX",NA
