"","chr.exposure","pos.exposure","SNP","other_allele.exposure","effect_allele.exposure","beta.exposure","se.exposure","pval.exposure","samplesize.exposure","exposure","mr_keep.exposure","pval_origin.exposure","id.exposure","eaf.exposure"
"2",18,1008239,"rs789068","A","G",-0.111384961302318,0.0212921932638212,1.57170639730934e-07,7110,"phylum.Cyanobacteria.id.1500",TRUE,"reported","WTTEk5",NA
"4",3,14306949,"rs9864379","C","T",-0.138933303111685,0.0268044763106311,2.03334176187663e-07,6922,"phylum.Cyanobacteria.id.1500",TRUE,"reported","WTTEk5",NA
"13",7,21647735,"rs76531781","C","T",-0.231867724784247,0.0493392669768769,2.87336096408024e-06,3658,"phylum.Cyanobacteria.id.1500",TRUE,"reported","WTTEk5",NA
"31",6,48288456,"rs584122","T","C",-0.151773534809812,0.0326826549640266,4.22775112094545e-06,6922,"phylum.Cyanobacteria.id.1500",TRUE,"reported","WTTEk5",NA
"32",17,26104110,"rs2314810","G","C",-0.218256700359638,0.0464571432844159,4.24763165096191e-06,3934,"phylum.Cyanobacteria.id.1500",TRUE,"reported","WTTEk5",NA
"33",4,37842537,"rs2553290","T","A",0.0962131379743637,0.0202616703856865,3.61331180824418e-06,7113,"phylum.Cyanobacteria.id.1500",TRUE,"reported","WTTEk5",NA
