"","chr.exposure","pos.exposure","SNP","other_allele.exposure","effect_allele.exposure","beta.exposure","se.exposure","pval.exposure","samplesize.exposure","exposure","mr_keep.exposure","pval_origin.exposure","id.exposure","eaf.exposure"
"1",3,66318042,"rs922773","T","C",-0.0803778142215572,0.0157851066327103,3.67957805565204e-07,18132,"phylum.Proteobacteria.id.2375",TRUE,"reported","EdPwck",NA
"2",10,119247234,"rs2532663","A","G",-0.125578004014177,0.02580335899182,7.46811682856486e-07,13013,"phylum.Proteobacteria.id.2375",TRUE,"reported","EdPwck",NA
"3",19,43505320,"rs12150865","T","C",0.0511615347978345,0.0106407186478985,1.54084885038532e-06,17769,"phylum.Proteobacteria.id.2375",TRUE,"reported","EdPwck",NA
"9",7,134388240,"rs2347697","T","G",0.0502280837908712,0.0108967825812913,4.26914286270724e-06,18248,"phylum.Proteobacteria.id.2375",TRUE,"reported","EdPwck",NA
"40",17,68347701,"rs312757","G","C",-0.0517268842465152,0.0112853758747855,4.83899747086202e-06,18250,"phylum.Proteobacteria.id.2375",TRUE,"reported","EdPwck",NA
